[{"fields": {"app_label": "auth", "model": "permission"}, "model": "contenttypes.contenttype", "pk": 1}, {"fields": {"app_label": "auth", "model": "group"}, "model": "contenttypes.contenttype", "pk": 2}, {"fields": {"app_label": "auth", "model": "user"}, "model": "contenttypes.contenttype", "pk": 3}, {"fields": {"app_label": "contenttypes", "model": "contenttype"}, "model": "contenttypes.contenttype", "pk": 4}, {"fields": {"app_label": "sessions", "model": "session"}, "model": "contenttypes.contenttype", "pk": 5}, {"fields": {"app_label": "sites", "model": "site"}, "model": "contenttypes.contenttype", "pk": 6}, {"fields": {"app_label": "admin", "model": "logentry"}, "model": "contenttypes.contenttype", "pk": 7}, {"fields": {"app_label": "django_cas", "model": "tgt"}, "model": "contenttypes.contenttype", "pk": 8}, {"fields": {"app_label": "django_cas", "model": "pgtiou"}, "model": "contenttypes.contenttype", "pk": 9}, {"fields": {"app_label": "django_cas", "model": "sessionserviceticket"}, "model": "contenttypes.contenttype", "pk": 10}, {"fields": {"app_label": "commission", "model": "ecicommissionmember"}, "model": "contenttypes.contenttype", "pk": 11}, {"fields": {"app_label": "degree", "model": "degreetype"}, "model": "contenttypes.contenttype", "pk": 12}, {"fields": {"app_label": "degree", "model": "degree"}, "model": "contenttypes.contenttype", "pk": 13}, {"fields": {"app_label": "institute", "model": "academicfield"}, "model": "contenttypes.contenttype", "pk": 14}, {"fields": {"app_label": "institute", "model": "institute"}, "model": "contenttypes.contenttype", "pk": 15}, {"fields": {"app_label": "years", "model": "instituteyear"}, "model": "contenttypes.contenttype", "pk": 16}, {"fields": {"app_label": "years", "model": "universityyear"}, "model": "contenttypes.contenttype", "pk": 17}, {"fields": {"app_label": "years", "model": "instituteyear2"}, "model": "contenttypes.contenttype", "pk": 18}, {"fields": {"app_label": "adm", "model": "profile"}, "model": "contenttypes.contenttype", "pk": 19}, {"fields": {"app_label": "adm", "model": "meccuser"}, "model": "contenttypes.contenttype", "pk": 20}, {"fields": {"app_label": "adm", "model": "scolmanager"}, "model": "contenttypes.contenttype", "pk": 21}, {"fields": {"session_data": "YTliODRjODE2NGQxY2EzMzA2Y2E2MWUxZWQyMTIwNzMyNDkyMmZlOTp7Il9hdXRoX3VzZXJfYmFja2VuZCI6ImRqYW5nb19jYXMuYmFja2VuZHMuQ0FTQmFja2VuZCIsImlzX3Nwb29mZWRfdXNlciI6ZmFsc2UsImN1cnJlbnRfeWVhciI6IkFublx1MDBlOWUgdW5pdmVyc2l0YWlyZSAyMDE1LzIwMTYiLCJfYXV0aF91c2VyX2lkIjoiMSIsIl9hdXRoX3VzZXJfaGFzaCI6ImI4ZjRkYjBiYTNmYjMxYzg1MTg3OGQ3NTZkNTdkY2VkZGM5MTM5ZjMiLCJjdXJyZW50X2NvZGVfeWVhciI6MjAxNSwicmVhbF91c2VybmFtZSI6ImliaXMuaXNtYWlsIn0=", "expire_date": "2016-03-23T11:25:23.252Z"}, "model": "sessions.session", "pk": "rtkf46gf3chx61ozzmz7k07bhfkrxite"}, {"fields": {"domain": "example.com", "name": "example.com"}, "model": "sites.site", "pk": 1}, {"fields": {"session_key": "fm2p5xgg520almm9y7n8ddpf1kl2vcos"}, "model": "django_cas.sessionserviceticket", "pk": "ST-1186130-rSBt11UAYOZKMgZtEPwF-cas1"}, {"fields": {"last_name": "Erb", "first_name": "Gilles", "email": "gerb@unistra.fr", "member_type": "commission", "username": "gerb"}, "model": "commission.ecicommissionmember", "pk": 1}, {"fields": {"display_order": 1, "mecc_cat": "", "short_label": "DAEU", "is_in_use": true, "long_label": "Dipl\u00f4me d'acc\u00e8s aux \u00e9tudes universitaires"}, "model": "degree.degreetype", "pk": 1}, {"fields": {"display_order": 2, "mecc_cat": "", "short_label": "Capacit\u00e9 (Droit)", "is_in_use": true, "long_label": "Capacit\u00e9"}, "model": "degree.degreetype", "pk": 2}, {"fields": {"display_order": 3, "mecc_cat": "", "short_label": "DUT", "is_in_use": true, "long_label": "Dipl\u00f4me Universitaire de Technologie"}, "model": "degree.degreetype", "pk": 3}, {"fields": {"display_order": 4, "mecc_cat": "", "short_label": "DEUST", "is_in_use": true, "long_label": "Dipl\u00f4me d'Etudes Universitaires Scientifiques et Techniques"}, "model": "degree.degreetype", "pk": 4}, {"fields": {"display_order": 5, "mecc_cat": "", "short_label": "Licence", "is_in_use": true, "long_label": "Licence"}, "model": "degree.degreetype", "pk": 5}, {"fields": {"display_order": 6, "mecc_cat": "", "short_label": "Licence professionnelle", "is_in_use": true, "long_label": "Licence professionnelle"}, "model": "degree.degreetype", "pk": 6}, {"fields": {"display_order": 7, "mecc_cat": "", "short_label": "Master", "is_in_use": true, "long_label": "Master"}, "model": "degree.degreetype", "pk": 7}, {"fields": {"display_order": 20, "mecc_cat": "", "short_label": "DU - Dipl\u00f4me d'Universit\u00e9", "is_in_use": true, "long_label": "Dipl\u00f4me d'Universit\u00e9"}, "model": "degree.degreetype", "pk": 8}, {"fields": {"display_order": 30, "mecc_cat": "", "short_label": "ECOLE - Dipl\u00f4me d'ing\u00e9nieur", "is_in_use": true, "long_label": "Dipl\u00f4me d'ing\u00e9nieur"}, "model": "degree.degreetype", "pk": 9}, {"fields": {"display_order": 31, "mecc_cat": "", "short_label": "ECOLE - Dipl\u00f4me IEP", "is_in_use": true, "long_label": "Dipl\u00f4me de l'Institut d'Etudes Politiques"}, "model": "degree.degreetype", "pk": 10}, {"fields": {"display_order": 32, "mecc_cat": "", "short_label": "ECOLE - Dipl\u00f4me Grande Ecole", "is_in_use": true, "long_label": "Dipl\u00f4me Grande Ecole"}, "model": "degree.degreetype", "pk": 11}, {"fields": {"display_order": 40, "mecc_cat": "", "short_label": "PREPA - Pr\u00e9paration Ecole Ing\u00e9nieur", "is_in_use": true, "long_label": "Pr\u00e9paration Ecole d'ing\u00e9nieur"}, "model": "degree.degreetype", "pk": 12}, {"fields": {"display_order": 41, "mecc_cat": "", "short_label": "PREPA - Pr\u00e9paration aux concours ", "is_in_use": true, "long_label": "Pr\u00e9paration aux concours"}, "model": "degree.degreetype", "pk": 13}, {"fields": {"display_order": 50, "mecc_cat": "", "short_label": "SANTE - PACES", "is_in_use": true, "long_label": "Premi\u00e8re Ann\u00e9e Commune des Etudes de Sant\u00e9"}, "model": "degree.degreetype", "pk": 14}, {"fields": {"display_order": 51, "mecc_cat": "", "short_label": "SANTE - DFGS", "is_in_use": true, "long_label": "Dipl\u00f4me de Formation G\u00e9n\u00e9rale en Sant\u00e9"}, "model": "degree.degreetype", "pk": 15}, {"fields": {"display_order": 52, "mecc_cat": "", "short_label": "SANTE - DFAS", "is_in_use": true, "long_label": "Dipl\u00f4me de Formation Approfondie en Sant\u00e9"}, "model": "degree.degreetype", "pk": 16}, {"fields": {"display_order": 53, "mecc_cat": "", "short_label": "SANTE - Dipl\u00f4me d'Etat en Pharmacie", "is_in_use": true, "long_label": "Dipl\u00f4me d'Etat de Docteur en Pharmacie"}, "model": "degree.degreetype", "pk": 17}, {"fields": {"display_order": 54, "mecc_cat": "", "short_label": "SANTE - Dipl\u00f4me d'Etat en Dentaire", "is_in_use": true, "long_label": "Dipl\u00f4me d'Etat de Docteur en Dentaire"}, "model": "degree.degreetype", "pk": 18}, {"fields": {"display_order": 55, "mecc_cat": "", "short_label": "SANTE - Dipl\u00f4me d'Etat en M\u00e9decine", "is_in_use": true, "long_label": "Dipl\u00f4me d'Etat de Docteur en M\u00e9decine"}, "model": "degree.degreetype", "pk": 19}, {"fields": {"display_order": 56, "mecc_cat": "", "short_label": "SANTE - DFMS", "is_in_use": true, "long_label": "Dipl\u00f4me de Formation M\u00e9dicale Sp\u00e9cialis\u00e9e"}, "model": "degree.degreetype", "pk": 20}, {"fields": {"display_order": 57, "mecc_cat": "", "short_label": "SANTE - DFMSA", "is_in_use": true, "long_label": "Dipl\u00f4me de  Formation M\u00e9dicale Sp\u00e9cialis\u00e9e Approfondie"}, "model": "degree.degreetype", "pk": 21}, {"fields": {"display_order": 58, "mecc_cat": "", "short_label": "SANTE - CECS (CECSMO)", "is_in_use": true, "long_label": "Certificat d'\u00e9tudes cliniques sp\u00e9cialis\u00e9es"}, "model": "degree.degreetype", "pk": 22}, {"fields": {"display_order": 59, "mecc_cat": "", "short_label": "SANTE - Capacit\u00e9 Sant\u00e9", "is_in_use": true, "long_label": "Capacit\u00e9"}, "model": "degree.degreetype", "pk": 23}, {"fields": {"display_order": 60, "mecc_cat": "", "short_label": "SANTE - CES dentaire", "is_in_use": true, "long_label": "Certificat d'Etudes Sup\u00e9rieures dentaire"}, "model": "degree.degreetype", "pk": 24}, {"fields": {"display_order": 61, "mecc_cat": "", "short_label": "SANTE - CES m\u00e9decine", "is_in_use": true, "long_label": "Certificat d'Etudes Sup\u00e9rieures m\u00e9decine"}, "model": "degree.degreetype", "pk": 25}, {"fields": {"name": "Arts, Lettres, Langues"}, "model": "institute.academicfield", "pk": 1}, {"fields": {"name": "Droit, \u00e9conomie, gestion et sciences politiques et sociales"}, "model": "institute.academicfield", "pk": 2}, {"fields": {"name": "Sant\u00e9"}, "model": "institute.academicfield", "pk": 3}, {"fields": {"name": "Sciences humaines et sociales"}, "model": "institute.academicfield", "pk": 4}, {"fields": {"name": "Sciences, Technologies"}, "model": "institute.academicfield", "pk": 5}, {"fields": {"field": 1, "scol_manager": [], "id_rac": "GROUT Nathalie ", "label": "Facult\u00e9 des arts", "dircomp": null, "diretu": [], "id_dircomp": "LITZLER Pierre", "code": "ART", "is_on_duty": true, "rac": null}, "model": "institute.institute", "pk": 1}, {"fields": {"field": 1, "scol_manager": [], "id_rac": "", "label": "Facult\u00e9 des langues et des cultures \u00e9trang\u00e8res", "dircomp": null, "diretu": [], "id_dircomp": "", "code": "LVI", "is_on_duty": true, "rac": null}, "model": "institute.institute", "pk": 2}, {"fields": {"field": 1, "scol_manager": [], "id_rac": "", "label": "Facult\u00e9 des langues et sciences humaines appliqu\u00e9es (LSHA)", "dircomp": null, "diretu": [], "id_dircomp": "", "code": "LGA", "is_on_duty": true, "rac": null}, "model": "institute.institute", "pk": 3}, {"fields": {"field": 1, "scol_manager": [], "id_rac": "", "label": "Facult\u00e9 des lettres", "dircomp": null, "diretu": [], "id_dircomp": "", "code": "LET", "is_on_duty": true, "rac": null}, "model": "institute.institute", "pk": 4}, {"fields": {"field": 2, "scol_manager": [], "id_rac": "", "label": "Centre d '\u00e9tudes internationales de la propri\u00e9t\u00e9 intellectuelle (CEIPI)", "dircomp": null, "diretu": [], "id_dircomp": "", "code": "CPI", "is_on_duty": true, "rac": null}, "model": "institute.institute", "pk": 5}, {"fields": {"field": 2, "scol_manager": [], "id_rac": "", "label": "Centre universitaire d'enseignement du journalisme (CUEJ)", "dircomp": null, "diretu": [], "id_dircomp": "", "code": "CUJ", "is_on_duty": true, "rac": null}, "model": "institute.institute", "pk": 6}, {"fields": {"field": 2, "scol_manager": [], "id_rac": "", "label": "Ecole de management Strasbourg (EM)", "dircomp": null, "diretu": [], "id_dircomp": "", "code": "EMS", "is_on_duty": true, "rac": null}, "model": "institute.institute", "pk": 7}, {"fields": {"field": 2, "scol_manager": [], "id_rac": "", "label": "Facult\u00e9 de droit, de sciences politiques et de gestion", "dircomp": null, "diretu": [], "id_dircomp": "", "code": "DRT", "is_on_duty": true, "rac": null}, "model": "institute.institute", "pk": 8}, {"fields": {"field": 2, "scol_manager": [], "id_rac": "", "label": "Facult\u00e9 de sciences \u00e9conomiques et de gestion (FSEG)", "dircomp": null, "diretu": [], "id_dircomp": "", "code": "SEG", "is_on_duty": true, "rac": null}, "model": "institute.institute", "pk": 9}, {"fields": {"field": 2, "scol_manager": [], "id_rac": "", "label": "Institut de pr\u00e9paration \u00e0 l'administration g\u00e9n\u00e9rale (IPAG)", "dircomp": null, "diretu": [], "id_dircomp": "", "code": "PAG", "is_on_duty": true, "rac": null}, "model": "institute.institute", "pk": 10}, {"fields": {"field": 2, "scol_manager": [], "id_rac": "", "label": "Institut d'\u00e9tudes politiques (IEP)", "dircomp": null, "diretu": [], "id_dircomp": "", "code": "IEP", "is_on_duty": true, "rac": null}, "model": "institute.institute", "pk": 11}, {"fields": {"field": 3, "scol_manager": [], "id_rac": "", "label": "Facult\u00e9 de chirurgie dentaire", "dircomp": null, "diretu": [], "id_dircomp": "", "code": "ODO", "is_on_duty": true, "rac": null}, "model": "institute.institute", "pk": 12}, {"fields": {"field": 3, "scol_manager": [], "id_rac": "", "label": "Facult\u00e9 de m\u00e9decine", "dircomp": null, "diretu": [], "id_dircomp": "", "code": "MED", "is_on_duty": true, "rac": null}, "model": "institute.institute", "pk": 13}, {"fields": {"field": 3, "scol_manager": [], "id_rac": "", "label": "Facult\u00e9 de pharmacie", "dircomp": null, "diretu": [], "id_dircomp": "", "code": "PHA", "is_on_duty": true, "rac": null}, "model": "institute.institute", "pk": 14}, {"fields": {"field": 4, "scol_manager": [], "id_rac": "", "label": "Ecole sup\u00e9rieure du professorat et de l'\u00e9ducation (ESPE)", "dircomp": null, "diretu": [], "id_dircomp": "", "code": "EPE", "is_on_duty": true, "rac": null}, "model": "institute.institute", "pk": 15}, {"fields": {"field": 4, "scol_manager": [], "id_rac": "", "label": "Facult\u00e9 de g\u00e9ographie et d'am\u00e9nagement", "dircomp": null, "diretu": [], "id_dircomp": "", "code": "GEO", "is_on_duty": true, "rac": null}, "model": "institute.institute", "pk": 16}, {"fields": {"field": 4, "scol_manager": [], "id_rac": "", "label": "Facult\u00e9 de philosophie", "dircomp": null, "diretu": [], "id_dircomp": "", "code": "PLI", "is_on_duty": true, "rac": null}, "model": "institute.institute", "pk": 17}, {"fields": {"field": 4, "scol_manager": [], "id_rac": "", "label": "Facult\u00e9 de psychologie", "dircomp": null, "diretu": [], "id_dircomp": "", "code": "PSY", "is_on_duty": true, "rac": null}, "model": "institute.institute", "pk": 18}, {"fields": {"field": 4, "scol_manager": [], "id_rac": "", "label": "Facult\u00e9 de sciences de l'\u00e9ducation", "dircomp": null, "diretu": [], "id_dircomp": "", "code": "EDU", "is_on_duty": true, "rac": null}, "model": "institute.institute", "pk": 19}, {"fields": {"field": 4, "scol_manager": [], "id_rac": "", "label": "Facult\u00e9 de th\u00e9ologie catholique", "dircomp": null, "diretu": [], "id_dircomp": "", "code": "THC", "is_on_duty": true, "rac": null}, "model": "institute.institute", "pk": 20}, {"fields": {"field": 4, "scol_manager": [], "id_rac": "", "label": "Facult\u00e9 de th\u00e9ologie protestante", "dircomp": null, "diretu": [], "id_dircomp": "", "code": "THP", "is_on_duty": true, "rac": null}, "model": "institute.institute", "pk": 21}, {"fields": {"field": 4, "scol_manager": [], "id_rac": "", "label": "Facult\u00e9 des sciences du sport", "dircomp": null, "diretu": [], "id_dircomp": "", "code": "APS", "is_on_duty": true, "rac": null}, "model": "institute.institute", "pk": 22}, {"fields": {"field": 4, "scol_manager": [], "id_rac": "", "label": "Facult\u00e9 des Sciences Historiques", "dircomp": null, "diretu": [], "id_dircomp": "", "code": "HIS", "is_on_duty": true, "rac": null}, "model": "institute.institute", "pk": 23}, {"fields": {"field": 4, "scol_manager": [], "id_rac": "", "label": "Facult\u00e9 des sciences sociales", "dircomp": null, "diretu": [], "id_dircomp": "", "code": "SOC", "is_on_duty": true, "rac": null}, "model": "institute.institute", "pk": 24}, {"fields": {"field": 5, "scol_manager": [], "id_rac": "", "label": "Ecole et observatoire des sciences de la Terre (EOST)", "dircomp": null, "diretu": [], "id_dircomp": "", "code": "EOT", "is_on_duty": true, "rac": null}, "model": "institute.institute", "pk": 25}, {"fields": {"field": 5, "scol_manager": [], "id_rac": "", "label": "Ecole europ\u00e9enne de chimie, polym\u00e8res et mat\u00e9riaux (ECPM)", "dircomp": null, "diretu": [], "id_dircomp": "", "code": "ECP", "is_on_duty": true, "rac": null}, "model": "institute.institute", "pk": 26}, {"fields": {"field": 5, "scol_manager": [], "id_rac": "", "label": "Ecole sup\u00e9rieure de biotechnologie de Strasbourg (ESBS)", "dircomp": null, "diretu": [], "id_dircomp": "", "code": "ESB", "is_on_duty": true, "rac": null}, "model": "institute.institute", "pk": 27}, {"fields": {"field": 5, "scol_manager": [], "id_rac": "", "label": "Facult\u00e9 de chimie", "dircomp": null, "diretu": [], "id_dircomp": "", "code": "CHM", "is_on_duty": true, "rac": null}, "model": "institute.institute", "pk": 28}, {"fields": {"field": 5, "scol_manager": [], "id_rac": "", "label": "Facult\u00e9 des sciences de la vie", "dircomp": null, "diretu": [], "id_dircomp": "", "code": "VIE", "is_on_duty": true, "rac": null}, "model": "institute.institute", "pk": 29}, {"fields": {"field": 5, "scol_manager": [], "id_rac": "", "label": "Institut universitaire de technologie de Haguenau", "dircomp": null, "diretu": [], "id_dircomp": "", "code": "IHA", "is_on_duty": true, "rac": null}, "model": "institute.institute", "pk": 30}, {"fields": {"field": 5, "scol_manager": [], "id_rac": "", "label": "Institut universitaire de technologie Louis Pasteur", "dircomp": null, "diretu": [], "id_dircomp": "", "code": "ISC", "is_on_duty": true, "rac": null}, "model": "institute.institute", "pk": 31}, {"fields": {"field": 5, "scol_manager": [], "id_rac": "", "label": "Institut universitaire de technologie Robert Schuman", "dircomp": null, "diretu": [], "id_dircomp": "", "code": "ILL", "is_on_duty": true, "rac": null}, "model": "institute.institute", "pk": 32}, {"fields": {"field": 5, "scol_manager": [], "id_rac": "", "label": "Observatoire astronomique de Strasbourg", "dircomp": null, "diretu": [], "id_dircomp": "", "code": "OBS", "is_on_duty": true, "rac": null}, "model": "institute.institute", "pk": 33}, {"fields": {"field": 5, "scol_manager": [], "id_rac": "", "label": "T\u00e9l\u00e9com Physique Strasbourg", "dircomp": null, "diretu": [], "id_dircomp": "", "code": "ESP", "is_on_duty": true, "rac": null}, "model": "institute.institute", "pk": 34}, {"fields": {"field": 5, "scol_manager": [], "id_rac": "", "label": "UFR de Math\u00e9matique et d'informatique", "dircomp": null, "diretu": [], "id_dircomp": "", "code": "MAI", "is_on_duty": true, "rac": null}, "model": "institute.institute", "pk": 35}, {"fields": {"field": 5, "scol_manager": [], "id_rac": "", "label": "UFR physique et ing\u00e9nierie", "dircomp": null, "diretu": [], "id_dircomp": "", "code": "PHI", "is_on_duty": true, "rac": null}, "model": "institute.institute", "pk": 36}, {"fields": {"id_cmp": 1, "code_year": 2015, "date_last_notif": null, "date_expected_MECC": null}, "model": "years.instituteyear", "pk": 1}, {"fields": {"id_cmp": 2, "code_year": 2015, "date_last_notif": null, "date_expected_MECC": "2016-03-19"}, "model": "years.instituteyear", "pk": 2}, {"fields": {"id_cmp": 3, "code_year": 2015, "date_last_notif": null, "date_expected_MECC": null}, "model": "years.instituteyear", "pk": 3}, {"fields": {"id_cmp": 4, "code_year": 2015, "date_last_notif": null, "date_expected_MECC": null}, "model": "years.instituteyear", "pk": 4}, {"fields": {"id_cmp": 5, "code_year": 2015, "date_last_notif": null, "date_expected_MECC": null}, "model": "years.instituteyear", "pk": 5}, {"fields": {"id_cmp": 6, "code_year": 2015, "date_last_notif": null, "date_expected_MECC": null}, "model": "years.instituteyear", "pk": 6}, {"fields": {"id_cmp": 7, "code_year": 2015, "date_last_notif": null, "date_expected_MECC": null}, "model": "years.instituteyear", "pk": 7}, {"fields": {"id_cmp": 8, "code_year": 2015, "date_last_notif": null, "date_expected_MECC": null}, "model": "years.instituteyear", "pk": 8}, {"fields": {"id_cmp": 9, "code_year": 2015, "date_last_notif": null, "date_expected_MECC": null}, "model": "years.instituteyear", "pk": 9}, {"fields": {"id_cmp": 10, "code_year": 2015, "date_last_notif": null, "date_expected_MECC": null}, "model": "years.instituteyear", "pk": 10}, {"fields": {"id_cmp": 11, "code_year": 2015, "date_last_notif": null, "date_expected_MECC": null}, "model": "years.instituteyear", "pk": 11}, {"fields": {"id_cmp": 12, "code_year": 2015, "date_last_notif": null, "date_expected_MECC": null}, "model": "years.instituteyear", "pk": 12}, {"fields": {"id_cmp": 13, "code_year": 2015, "date_last_notif": null, "date_expected_MECC": null}, "model": "years.instituteyear", "pk": 13}, {"fields": {"id_cmp": 14, "code_year": 2015, "date_last_notif": null, "date_expected_MECC": null}, "model": "years.instituteyear", "pk": 14}, {"fields": {"id_cmp": 15, "code_year": 2015, "date_last_notif": null, "date_expected_MECC": null}, "model": "years.instituteyear", "pk": 15}, {"fields": {"id_cmp": 16, "code_year": 2015, "date_last_notif": null, "date_expected_MECC": null}, "model": "years.instituteyear", "pk": 16}, {"fields": {"id_cmp": 17, "code_year": 2015, "date_last_notif": null, "date_expected_MECC": null}, "model": "years.instituteyear", "pk": 17}, {"fields": {"id_cmp": 18, "code_year": 2015, "date_last_notif": null, "date_expected_MECC": null}, "model": "years.instituteyear", "pk": 18}, {"fields": {"id_cmp": 19, "code_year": 2015, "date_last_notif": null, "date_expected_MECC": null}, "model": "years.instituteyear", "pk": 19}, {"fields": {"id_cmp": 20, "code_year": 2015, "date_last_notif": null, "date_expected_MECC": null}, "model": "years.instituteyear", "pk": 20}, {"fields": {"id_cmp": 21, "code_year": 2015, "date_last_notif": null, "date_expected_MECC": null}, "model": "years.instituteyear", "pk": 21}, {"fields": {"id_cmp": 22, "code_year": 2015, "date_last_notif": null, "date_expected_MECC": null}, "model": "years.instituteyear", "pk": 22}, {"fields": {"id_cmp": 23, "code_year": 2015, "date_last_notif": null, "date_expected_MECC": null}, "model": "years.instituteyear", "pk": 23}, {"fields": {"id_cmp": 24, "code_year": 2015, "date_last_notif": null, "date_expected_MECC": null}, "model": "years.instituteyear", "pk": 24}, {"fields": {"id_cmp": 25, "code_year": 2015, "date_last_notif": null, "date_expected_MECC": null}, "model": "years.instituteyear", "pk": 25}, {"fields": {"id_cmp": 26, "code_year": 2015, "date_last_notif": null, "date_expected_MECC": null}, "model": "years.instituteyear", "pk": 26}, {"fields": {"id_cmp": 27, "code_year": 2015, "date_last_notif": null, "date_expected_MECC": null}, "model": "years.instituteyear", "pk": 27}, {"fields": {"id_cmp": 28, "code_year": 2015, "date_last_notif": null, "date_expected_MECC": null}, "model": "years.instituteyear", "pk": 28}, {"fields": {"id_cmp": 29, "code_year": 2015, "date_last_notif": null, "date_expected_MECC": null}, "model": "years.instituteyear", "pk": 29}, {"fields": {"id_cmp": 30, "code_year": 2015, "date_last_notif": null, "date_expected_MECC": null}, "model": "years.instituteyear", "pk": 30}, {"fields": {"id_cmp": 31, "code_year": 2015, "date_last_notif": null, "date_expected_MECC": null}, "model": "years.instituteyear", "pk": 31}, {"fields": {"id_cmp": 32, "code_year": 2015, "date_last_notif": null, "date_expected_MECC": null}, "model": "years.instituteyear", "pk": 32}, {"fields": {"id_cmp": 33, "code_year": 2015, "date_last_notif": null, "date_expected_MECC": null}, "model": "years.instituteyear", "pk": 33}, {"fields": {"id_cmp": 34, "code_year": 2015, "date_last_notif": null, "date_expected_MECC": null}, "model": "years.instituteyear", "pk": 34}, {"fields": {"id_cmp": 35, "code_year": 2015, "date_last_notif": null, "date_expected_MECC": null}, "model": "years.instituteyear", "pk": 35}, {"fields": {"id_cmp": 36, "code_year": 2015, "date_last_notif": null, "date_expected_MECC": null}, "model": "years.instituteyear", "pk": 36}, {"fields": {"is_year_init": true, "pdf_doc": "", "date_validation": "2010-01-27", "date_expected": "2011-03-04", "code_year": 2015, "label_year": "Ann\u00e9e universitaire 2015/2016", "is_target_year": true}, "model": "years.universityyear", "pk": 1}, {"fields": {"label": "Responsable Formation Scolarit\u00e9", "code": "REFSCOL"}, "model": "adm.profile", "pk": 1}, {"fields": {"label": "Directeur d'\u00e9tudes", "code": "DIRETU"}, "model": "adm.profile", "pk": 2}, {"fields": {"label": "Gestionnaire de scolarit\u00e9", "code": "GESCOL"}, "model": "adm.profile", "pk": 3}, {"fields": {"label": "Responsable de formation", "code": "RESPFORM"}, "model": "adm.profile", "pk": 4}, {"fields": {"label": "Responsable administratif", "code": "RAC"}, "model": "adm.profile", "pk": 5}, {"fields": {"label": "Directeur de composante", "code": "DIRCOMP"}, "model": "adm.profile", "pk": 6}, {"fields": {"label": "Membre de la commission ECI", "code": "ECI"}, "model": "adm.profile", "pk": 7}, {"fields": {"codename": "add_permission", "name": "Can add permission", "content_type": 1}, "model": "auth.permission", "pk": 1}, {"fields": {"codename": "change_permission", "name": "Can change permission", "content_type": 1}, "model": "auth.permission", "pk": 2}, {"fields": {"codename": "delete_permission", "name": "Can delete permission", "content_type": 1}, "model": "auth.permission", "pk": 3}, {"fields": {"codename": "add_group", "name": "Can add group", "content_type": 2}, "model": "auth.permission", "pk": 4}, {"fields": {"codename": "change_group", "name": "Can change group", "content_type": 2}, "model": "auth.permission", "pk": 5}, {"fields": {"codename": "delete_group", "name": "Can delete group", "content_type": 2}, "model": "auth.permission", "pk": 6}, {"fields": {"codename": "add_user", "name": "Can add user", "content_type": 3}, "model": "auth.permission", "pk": 7}, {"fields": {"codename": "change_user", "name": "Can change user", "content_type": 3}, "model": "auth.permission", "pk": 8}, {"fields": {"codename": "delete_user", "name": "Can delete user", "content_type": 3}, "model": "auth.permission", "pk": 9}, {"fields": {"codename": "add_contenttype", "name": "Can add content type", "content_type": 4}, "model": "auth.permission", "pk": 10}, {"fields": {"codename": "change_contenttype", "name": "Can change content type", "content_type": 4}, "model": "auth.permission", "pk": 11}, {"fields": {"codename": "delete_contenttype", "name": "Can delete content type", "content_type": 4}, "model": "auth.permission", "pk": 12}, {"fields": {"codename": "add_session", "name": "Can add session", "content_type": 5}, "model": "auth.permission", "pk": 13}, {"fields": {"codename": "change_session", "name": "Can change session", "content_type": 5}, "model": "auth.permission", "pk": 14}, {"fields": {"codename": "delete_session", "name": "Can delete session", "content_type": 5}, "model": "auth.permission", "pk": 15}, {"fields": {"codename": "add_site", "name": "Can add site", "content_type": 6}, "model": "auth.permission", "pk": 16}, {"fields": {"codename": "change_site", "name": "Can change site", "content_type": 6}, "model": "auth.permission", "pk": 17}, {"fields": {"codename": "delete_site", "name": "Can delete site", "content_type": 6}, "model": "auth.permission", "pk": 18}, {"fields": {"codename": "add_logentry", "name": "Can add log entry", "content_type": 7}, "model": "auth.permission", "pk": 19}, {"fields": {"codename": "change_logentry", "name": "Can change log entry", "content_type": 7}, "model": "auth.permission", "pk": 20}, {"fields": {"codename": "delete_logentry", "name": "Can delete log entry", "content_type": 7}, "model": "auth.permission", "pk": 21}, {"fields": {"codename": "add_tgt", "name": "Can add tgt", "content_type": 8}, "model": "auth.permission", "pk": 22}, {"fields": {"codename": "change_tgt", "name": "Can change tgt", "content_type": 8}, "model": "auth.permission", "pk": 23}, {"fields": {"codename": "delete_tgt", "name": "Can delete tgt", "content_type": 8}, "model": "auth.permission", "pk": 24}, {"fields": {"codename": "add_pgtiou", "name": "Can add pgt iou", "content_type": 9}, "model": "auth.permission", "pk": 25}, {"fields": {"codename": "change_pgtiou", "name": "Can change pgt iou", "content_type": 9}, "model": "auth.permission", "pk": 26}, {"fields": {"codename": "delete_pgtiou", "name": "Can delete pgt iou", "content_type": 9}, "model": "auth.permission", "pk": 27}, {"fields": {"codename": "add_sessionserviceticket", "name": "Can add session service ticket", "content_type": 10}, "model": "auth.permission", "pk": 28}, {"fields": {"codename": "change_sessionserviceticket", "name": "Can change session service ticket", "content_type": 10}, "model": "auth.permission", "pk": 29}, {"fields": {"codename": "delete_sessionserviceticket", "name": "Can delete session service ticket", "content_type": 10}, "model": "auth.permission", "pk": 30}, {"fields": {"codename": "add_ecicommissionmember", "name": "Can add eci commission member", "content_type": 11}, "model": "auth.permission", "pk": 31}, {"fields": {"codename": "change_ecicommissionmember", "name": "Can change eci commission member", "content_type": 11}, "model": "auth.permission", "pk": 32}, {"fields": {"codename": "delete_ecicommissionmember", "name": "Can delete eci commission member", "content_type": 11}, "model": "auth.permission", "pk": 33}, {"fields": {"codename": "can_view_eci_commission_member", "name": "Peut voir les membres de la commission ECI", "content_type": 11}, "model": "auth.permission", "pk": 34}, {"fields": {"codename": "add_degreetype", "name": "Can add degree type", "content_type": 12}, "model": "auth.permission", "pk": 35}, {"fields": {"codename": "change_degreetype", "name": "Can change degree type", "content_type": 12}, "model": "auth.permission", "pk": 36}, {"fields": {"codename": "delete_degreetype", "name": "Can delete degree type", "content_type": 12}, "model": "auth.permission", "pk": 37}, {"fields": {"codename": "can_view_degree_type", "name": "Peut voir les types de dip\u00f4me", "content_type": 12}, "model": "auth.permission", "pk": 38}, {"fields": {"codename": "add_degree", "name": "Can add degree", "content_type": 13}, "model": "auth.permission", "pk": 39}, {"fields": {"codename": "change_degree", "name": "Can change degree", "content_type": 13}, "model": "auth.permission", "pk": 40}, {"fields": {"codename": "delete_degree", "name": "Can delete degree", "content_type": 13}, "model": "auth.permission", "pk": 41}, {"fields": {"codename": "add_academicfield", "name": "Can add academic field", "content_type": 14}, "model": "auth.permission", "pk": 42}, {"fields": {"codename": "change_academicfield", "name": "Can change academic field", "content_type": 14}, "model": "auth.permission", "pk": 43}, {"fields": {"codename": "delete_academicfield", "name": "Can delete academic field", "content_type": 14}, "model": "auth.permission", "pk": 44}, {"fields": {"codename": "add_institute", "name": "Can add institute", "content_type": 15}, "model": "auth.permission", "pk": 45}, {"fields": {"codename": "change_institute", "name": "Can change institute", "content_type": 15}, "model": "auth.permission", "pk": 46}, {"fields": {"codename": "delete_institute", "name": "Can delete institute", "content_type": 15}, "model": "auth.permission", "pk": 47}, {"fields": {"codename": "can_view_institute", "name": "Peut voir les composantes", "content_type": 15}, "model": "auth.permission", "pk": 48}, {"fields": {"codename": "add_instituteyear", "name": "Can add institute year", "content_type": 16}, "model": "auth.permission", "pk": 49}, {"fields": {"codename": "change_instituteyear", "name": "Can change institute year", "content_type": 16}, "model": "auth.permission", "pk": 50}, {"fields": {"codename": "delete_instituteyear", "name": "Can delete institute year", "content_type": 16}, "model": "auth.permission", "pk": 51}, {"fields": {"codename": "add_universityyear", "name": "Can add university year", "content_type": 17}, "model": "auth.permission", "pk": 52}, {"fields": {"codename": "change_universityyear", "name": "Can change university year", "content_type": 17}, "model": "auth.permission", "pk": 53}, {"fields": {"codename": "delete_universityyear", "name": "Can delete university year", "content_type": 17}, "model": "auth.permission", "pk": 54}, {"fields": {"codename": "add_instituteyear2", "name": "Can add institute year2", "content_type": 18}, "model": "auth.permission", "pk": 55}, {"fields": {"codename": "change_instituteyear2", "name": "Can change institute year2", "content_type": 18}, "model": "auth.permission", "pk": 56}, {"fields": {"codename": "delete_instituteyear2", "name": "Can delete institute year2", "content_type": 18}, "model": "auth.permission", "pk": 57}, {"fields": {"codename": "add_profile", "name": "Can add profile", "content_type": 19}, "model": "auth.permission", "pk": 58}, {"fields": {"codename": "change_profile", "name": "Can change profile", "content_type": 19}, "model": "auth.permission", "pk": 59}, {"fields": {"codename": "delete_profile", "name": "Can delete profile", "content_type": 19}, "model": "auth.permission", "pk": 60}, {"fields": {"codename": "DES1", "name": "Donne acc\u00e8s \u00e0 un large pannel de fonctionnalit\u00e9", "content_type": 19}, "model": "auth.permission", "pk": 61}, {"fields": {"codename": "DES2", "name": "Donne acc\u00e8s \u00e0 un pannel restreint", "content_type": 19}, "model": "auth.permission", "pk": 62}, {"fields": {"codename": "DES3", "name": "Peut usurper l'identit\u00e9 des utilisateurs", "content_type": 19}, "model": "auth.permission", "pk": 63}, {"fields": {"codename": "add_meccuser", "name": "Can add mecc user", "content_type": 20}, "model": "auth.permission", "pk": 64}, {"fields": {"codename": "change_meccuser", "name": "Can change mecc user", "content_type": 20}, "model": "auth.permission", "pk": 65}, {"fields": {"codename": "delete_meccuser", "name": "Can delete mecc user", "content_type": 20}, "model": "auth.permission", "pk": 66}, {"fields": {"codename": "add_scolmanager", "name": "Can add scol manager", "content_type": 21}, "model": "auth.permission", "pk": 67}, {"fields": {"codename": "change_scolmanager", "name": "Can change scol manager", "content_type": 21}, "model": "auth.permission", "pk": 68}, {"fields": {"codename": "delete_scolmanager", "name": "Can delete scol manager", "content_type": 21}, "model": "auth.permission", "pk": 69}, {"fields": {"name": "DES1", "permissions": [67]}, "model": "auth.group", "pk": 1}, {"fields": {"name": "DES2", "permissions": [68]}, "model": "auth.group", "pk": 2}, {"fields": {"name": "DES3", "permissions": [69]}, "model": "auth.group", "pk": 3}, {"fields": {"last_name": "", "user_permissions": [], "last_login": "2016-03-09T11:22:56.720Z", "password": "pbkdf2_sha256$20000$WVqQ9yArATgx$q6e7jV/8E0cXXbuNFzHggSeGm09lEA/d6ctGZ2yHPaA=", "first_name": "", "groups": [], "email": "", "is_superuser": true, "is_active": true, "is_staff": true, "date_joined": "2016-03-01T11:52:40.697Z", "username": "ibis.ismail"}, "model": "auth.user", "pk": 1}, {"fields": {"last_name": "", "user_permissions": [], "last_login": null, "password": "pbkdf2_sha256$20000$At8sgieDnzxX$ZeWi7+ni0/T+1tyjP/FumqL4ZDAu8Exmj2Mg6H/90Ms=", "first_name": "", "groups": [3], "email": "", "is_superuser": false, "is_active": true, "is_staff": false, "date_joined": "2016-03-01T11:56:15.208Z", "username": "DES3"}, "model": "auth.user", "pk": 2}, {"fields": {"last_name": "", "user_permissions": [], "last_login": null, "password": "pbkdf2_sha256$20000$TgNUKBElggwO$XQsDFLudGvq9qQvGDzA/U9sJB/UJHEb8nFXkZa/tDCQ=", "first_name": "", "groups": [], "email": "", "is_superuser": true, "is_active": true, "is_staff": true, "date_joined": "2016-03-01T12:00:08.149Z", "username": "weible"}, "model": "auth.user", "pk": 4}, {"fields": {"last_name": "Erb", "user_permissions": [], "last_login": null, "password": "!dHrqKqcOgMZ8zgpcFMONbQG2PHQyOfADe6Tz9eWy", "first_name": "Gilles", "groups": [], "email": "gerb@unistra.fr", "is_superuser": false, "is_active": true, "is_staff": false, "date_joined": "2016-03-09T11:25:51.979Z", "username": "gerb"}, "model": "auth.user", "pk": 8}, {"fields": {"last_name": "GROUT", "user_permissions": [], "last_login": null, "password": "", "first_name": "Nathalie", "groups": [], "email": "grout@unistra.fr", "is_superuser": false, "is_active": true, "is_staff": false, "date_joined": "2016-03-09T11:30:20.532Z", "username": "grout"}, "model": "auth.user", "pk": 9}, {"fields": {"last_name": "LITZLER", "user_permissions": [], "last_login": null, "password": "", "first_name": "Pierre", "groups": [], "email": "plitzler@unistra.fr", "is_superuser": false, "is_active": true, "is_staff": false, "date_joined": "2016-03-09T11:30:21.343Z", "username": "plitzler"}, "model": "auth.user", "pk": 10}, {"fields": {"change_message": "", "user": 1, "action_time": "2016-03-09T11:20:07.293Z", "action_flag": 1, "object_repr": "dd", "content_type": 3, "object_id": "5"}, "model": "admin.logentry", "pk": 1}, {"fields": {"change_message": "Modifi\u00e9 groups.", "user": 1, "action_time": "2016-03-09T11:20:13.183Z", "action_flag": 2, "object_repr": "dd", "content_type": 3, "object_id": "5"}, "model": "admin.logentry", "pk": 2}, {"fields": {"change_message": "", "user": 1, "action_time": "2016-03-09T11:30:58.659Z", "action_flag": 3, "object_repr": "dd", "content_type": 3, "object_id": "5"}, "model": "admin.logentry", "pk": 3}, {"fields": {"change_message": "", "user": 1, "action_time": "2016-03-09T11:30:58.824Z", "action_flag": 3, "object_repr": "test", "content_type": 3, "object_id": "3"}, "model": "admin.logentry", "pk": 4}, {"fields": {"status": "", "user": 8, "cmp": "", "profile": [7]}, "model": "adm.meccuser", "pk": 3}, {"fields": {"status": "", "user": 9, "cmp": "ART", "profile": [5]}, "model": "adm.meccuser", "pk": 4}, {"fields": {"status": "", "user": 10, "cmp": "ART", "profile": [6]}, "model": "adm.meccuser", "pk": 5}]