[{"pk": 1, "model": "contenttypes.contenttype", "fields": {"model": "permission", "app_label": "auth"}}, {"pk": 2, "model": "contenttypes.contenttype", "fields": {"model": "group", "app_label": "auth"}}, {"pk": 4, "model": "contenttypes.contenttype", "fields": {"model": "contenttype", "app_label": "contenttypes"}}, {"pk": 5, "model": "contenttypes.contenttype", "fields": {"model": "session", "app_label": "sessions"}}, {"pk": 6, "model": "contenttypes.contenttype", "fields": {"model": "site", "app_label": "sites"}}, {"pk": 7, "model": "contenttypes.contenttype", "fields": {"model": "logentry", "app_label": "admin"}}, {"pk": 8, "model": "contenttypes.contenttype", "fields": {"model": "ecicommissionmember", "app_label": "commission"}}, {"pk": 9, "model": "contenttypes.contenttype", "fields": {"model": "degreetype", "app_label": "degree"}}, {"pk": 10, "model": "contenttypes.contenttype", "fields": {"model": "degree", "app_label": "degree"}}, {"pk": 11, "model": "contenttypes.contenttype", "fields": {"model": "academicfield", "app_label": "institute"}}, {"pk": 12, "model": "contenttypes.contenttype", "fields": {"model": "staff", "app_label": "institute"}}, {"pk": 13, "model": "contenttypes.contenttype", "fields": {"model": "scolmanager", "app_label": "institute"}}, {"pk": 14, "model": "contenttypes.contenttype", "fields": {"model": "institute", "app_label": "institute"}}, {"pk": 15, "model": "contenttypes.contenttype", "fields": {"model": "instituteyear", "app_label": "years"}}, {"pk": 16, "model": "contenttypes.contenttype", "fields": {"model": "universityyear", "app_label": "years"}}, {"pk": 17, "model": "contenttypes.contenttype", "fields": {"model": "meccuser", "app_label": "adm"}}, {"pk": 18, "model": "contenttypes.contenttype", "fields": {"model": "scolmanageruser", "app_label": "adm"}}, {"pk": 19, "model": "contenttypes.contenttype", "fields": {"model": "instituteyear2", "app_label": "years"}}, {"pk": "7gu8vv868pjm5oeh1zjfwz6nk53tazr0", "model": "sessions.session", "fields": {"session_data": "NzMzYWUwZGE4NzhkOTJhM2Q5OWYyZjllNmFkNzg2Y2I1OGQzNmY4Nzp7ImN1cnJlbnRfY29kZV95ZWFyIjoyMDExLCJsaXN0ZSI6W3sibGFzdF9uYW1lIjoiTE9JQ0hPVCIsImlkX21lbWJlciI6ImxvaWNob3QiLCJtYWlsIjpbIm1hcmllLWxlYS5sb2ljaG90QGV0dS51bmlzdHJhLmZyIl0sImZpcnN0X25hbWUiOiJNQVJJRS1MXHUwMGM5QSJ9XSwiX2F1dGhfdXNlcl9oYXNoIjoiYTA4MDI1ZDM5Yjc2YzQyODkxODdiZGJlMmVhMjM4OTVjYWM4YmY3YiIsIl9hdXRoX3VzZXJfYmFja2VuZCI6ImRqYW5nby5jb250cmliLmF1dGguYmFja2VuZHMuTW9kZWxCYWNrZW5kIiwiX2F1dGhfdXNlcl9pZCI6IjEiLCJjdXJyZW50X3llYXIiOiJBbm5cdTAwZTllIHVuaXZlcnNpdGFpcmUgMjAxMS8yMDEyIn0=", "expire_date": "2016-02-29T09:28:49.520Z"}}, {"pk": 1, "model": "sites.site", "fields": {"name": "example.com", "domain": "example.com"}}, {"pk": 1, "model": "degree.degreetype", "fields": {"long_label": "Dipl\u00f4me d'acc\u00e8s aux \u00e9tudes universitaires", "mecc_cat": "", "short_label": "DAEU", "is_in_use": true, "display_order": 1}}, {"pk": 2, "model": "degree.degreetype", "fields": {"long_label": "Capacit\u00e9", "mecc_cat": "", "short_label": "Capacit\u00e9 (Droit)", "is_in_use": true, "display_order": 2}}, {"pk": 3, "model": "degree.degreetype", "fields": {"long_label": "Dipl\u00f4me Universitaire de Technologie", "mecc_cat": "", "short_label": "DUT", "is_in_use": true, "display_order": 3}}, {"pk": 4, "model": "degree.degreetype", "fields": {"long_label": "Dipl\u00f4me d'Etudes Universitaires Scientifiques et Techniques", "mecc_cat": "", "short_label": "DEUST", "is_in_use": true, "display_order": 4}}, {"pk": 5, "model": "degree.degreetype", "fields": {"long_label": "Licence", "mecc_cat": "", "short_label": "Licence", "is_in_use": true, "display_order": 5}}, {"pk": 6, "model": "degree.degreetype", "fields": {"long_label": "Licence professionnelle", "mecc_cat": "", "short_label": "Licence professionnelle", "is_in_use": true, "display_order": 6}}, {"pk": 7, "model": "degree.degreetype", "fields": {"long_label": "Master", "mecc_cat": "", "short_label": "Master", "is_in_use": true, "display_order": 7}}, {"pk": 8, "model": "degree.degreetype", "fields": {"long_label": "Dipl\u00f4me d'Universit\u00e9", "mecc_cat": "", "short_label": "DU - Dipl\u00f4me d'Universit\u00e9", "is_in_use": true, "display_order": 20}}, {"pk": 9, "model": "degree.degreetype", "fields": {"long_label": "Dipl\u00f4me d'ing\u00e9nieur", "mecc_cat": "", "short_label": "ECOLE - Dipl\u00f4me d'ing\u00e9nieur", "is_in_use": true, "display_order": 30}}, {"pk": 10, "model": "degree.degreetype", "fields": {"long_label": "Dipl\u00f4me de l'Institut d'Etudes Politiques", "mecc_cat": "", "short_label": "ECOLE - Dipl\u00f4me IEP", "is_in_use": true, "display_order": 31}}, {"pk": 11, "model": "degree.degreetype", "fields": {"long_label": "Dipl\u00f4me Grande Ecole", "mecc_cat": "", "short_label": "ECOLE - Dipl\u00f4me Grande Ecole", "is_in_use": true, "display_order": 32}}, {"pk": 12, "model": "degree.degreetype", "fields": {"long_label": "Pr\u00e9paration Ecole d'ing\u00e9nieur", "mecc_cat": "", "short_label": "PREPA - Pr\u00e9paration Ecole Ing\u00e9nieur", "is_in_use": true, "display_order": 40}}, {"pk": 13, "model": "degree.degreetype", "fields": {"long_label": "Pr\u00e9paration aux concours", "mecc_cat": "", "short_label": "PREPA - Pr\u00e9paration aux concours ", "is_in_use": true, "display_order": 41}}, {"pk": 14, "model": "degree.degreetype", "fields": {"long_label": "Premi\u00e8re Ann\u00e9e Commune des Etudes de Sant\u00e9", "mecc_cat": "", "short_label": "SANTE - PACES", "is_in_use": true, "display_order": 50}}, {"pk": 15, "model": "degree.degreetype", "fields": {"long_label": "Dipl\u00f4me de Formation G\u00e9n\u00e9rale en Sant\u00e9", "mecc_cat": "", "short_label": "SANTE - DFGS", "is_in_use": true, "display_order": 51}}, {"pk": 16, "model": "degree.degreetype", "fields": {"long_label": "Dipl\u00f4me de Formation Approfondie en Sant\u00e9", "mecc_cat": "", "short_label": "SANTE - DFAS", "is_in_use": true, "display_order": 52}}, {"pk": 17, "model": "degree.degreetype", "fields": {"long_label": "Dipl\u00f4me d'Etat de Docteur en Pharmacie", "mecc_cat": "", "short_label": "SANTE - Dipl\u00f4me d'Etat en Pharmacie", "is_in_use": true, "display_order": 53}}, {"pk": 18, "model": "degree.degreetype", "fields": {"long_label": "Dipl\u00f4me d'Etat de Docteur en Dentaire", "mecc_cat": "", "short_label": "SANTE - Dipl\u00f4me d'Etat en Dentaire", "is_in_use": true, "display_order": 54}}, {"pk": 19, "model": "degree.degreetype", "fields": {"long_label": "Dipl\u00f4me d'Etat de Docteur en M\u00e9decine", "mecc_cat": "", "short_label": "SANTE - Dipl\u00f4me d'Etat en M\u00e9decine", "is_in_use": true, "display_order": 55}}, {"pk": 20, "model": "degree.degreetype", "fields": {"long_label": "Dipl\u00f4me de Formation M\u00e9dicale Sp\u00e9cialis\u00e9e", "mecc_cat": "", "short_label": "SANTE - DFMS", "is_in_use": true, "display_order": 56}}, {"pk": 21, "model": "degree.degreetype", "fields": {"long_label": "Dipl\u00f4me de  Formation M\u00e9dicale Sp\u00e9cialis\u00e9e Approfondie", "mecc_cat": "", "short_label": "SANTE - DFMSA", "is_in_use": true, "display_order": 57}}, {"pk": 22, "model": "degree.degreetype", "fields": {"long_label": "Certificat d'\u00e9tudes cliniques sp\u00e9cialis\u00e9es", "mecc_cat": "", "short_label": "SANTE - CECS (CECSMO)", "is_in_use": true, "display_order": 58}}, {"pk": 23, "model": "degree.degreetype", "fields": {"long_label": "Capacit\u00e9", "mecc_cat": "", "short_label": "SANTE - Capacit\u00e9 Sant\u00e9", "is_in_use": true, "display_order": 59}}, {"pk": 24, "model": "degree.degreetype", "fields": {"long_label": "Certificat d'Etudes Sup\u00e9rieures dentaire", "mecc_cat": "", "short_label": "SANTE - CES dentaire", "is_in_use": true, "display_order": 60}}, {"pk": 25, "model": "degree.degreetype", "fields": {"long_label": "Certificat d'Etudes Sup\u00e9rieures m\u00e9decine", "mecc_cat": "", "short_label": "SANTE - CES m\u00e9decine", "is_in_use": true, "display_order": 61}}, {"pk": 1, "model": "institute.academicfield", "fields": {"name": "Arts, Lettres, Langues"}}, {"pk": 2, "model": "institute.academicfield", "fields": {"name": "Droit, \u00e9conomie, gestion et sciences politiques et sociales"}}, {"pk": 3, "model": "institute.academicfield", "fields": {"name": "Sant\u00e9"}}, {"pk": 4, "model": "institute.academicfield", "fields": {"name": "Sciences humaines et sociales"}}, {"pk": 5, "model": "institute.academicfield", "fields": {"name": "Sciences, Technologies"}}, {"pk": 1, "model": "years.instituteyear", "fields": {"date_expected_MECC": null, "id_cmp": 1, "date_last_notif": null, "code_year": 2011}}, {"pk": 2, "model": "years.instituteyear", "fields": {"date_expected_MECC": null, "id_cmp": 2, "date_last_notif": null, "code_year": 2011}}, {"pk": 3, "model": "years.instituteyear", "fields": {"date_expected_MECC": null, "id_cmp": 3, "date_last_notif": null, "code_year": 2011}}, {"pk": 4, "model": "years.instituteyear", "fields": {"date_expected_MECC": null, "id_cmp": 4, "date_last_notif": null, "code_year": 2011}}, {"pk": 5, "model": "years.instituteyear", "fields": {"date_expected_MECC": null, "id_cmp": 5, "date_last_notif": null, "code_year": 2011}}, {"pk": 6, "model": "years.instituteyear", "fields": {"date_expected_MECC": null, "id_cmp": 6, "date_last_notif": null, "code_year": 2011}}, {"pk": 7, "model": "years.instituteyear", "fields": {"date_expected_MECC": null, "id_cmp": 7, "date_last_notif": null, "code_year": 2011}}, {"pk": 8, "model": "years.instituteyear", "fields": {"date_expected_MECC": null, "id_cmp": 8, "date_last_notif": null, "code_year": 2011}}, {"pk": 9, "model": "years.instituteyear", "fields": {"date_expected_MECC": null, "id_cmp": 9, "date_last_notif": null, "code_year": 2011}}, {"pk": 10, "model": "years.instituteyear", "fields": {"date_expected_MECC": null, "id_cmp": 10, "date_last_notif": null, "code_year": 2011}}, {"pk": 11, "model": "years.instituteyear", "fields": {"date_expected_MECC": null, "id_cmp": 11, "date_last_notif": null, "code_year": 2011}}, {"pk": 12, "model": "years.instituteyear", "fields": {"date_expected_MECC": null, "id_cmp": 12, "date_last_notif": null, "code_year": 2011}}, {"pk": 13, "model": "years.instituteyear", "fields": {"date_expected_MECC": null, "id_cmp": 13, "date_last_notif": null, "code_year": 2011}}, {"pk": 14, "model": "years.instituteyear", "fields": {"date_expected_MECC": null, "id_cmp": 14, "date_last_notif": null, "code_year": 2011}}, {"pk": 15, "model": "years.instituteyear", "fields": {"date_expected_MECC": null, "id_cmp": 15, "date_last_notif": null, "code_year": 2011}}, {"pk": 16, "model": "years.instituteyear", "fields": {"date_expected_MECC": null, "id_cmp": 16, "date_last_notif": null, "code_year": 2011}}, {"pk": 17, "model": "years.instituteyear", "fields": {"date_expected_MECC": null, "id_cmp": 17, "date_last_notif": null, "code_year": 2011}}, {"pk": 18, "model": "years.instituteyear", "fields": {"date_expected_MECC": null, "id_cmp": 18, "date_last_notif": null, "code_year": 2011}}, {"pk": 19, "model": "years.instituteyear", "fields": {"date_expected_MECC": null, "id_cmp": 19, "date_last_notif": null, "code_year": 2011}}, {"pk": 20, "model": "years.instituteyear", "fields": {"date_expected_MECC": null, "id_cmp": 20, "date_last_notif": null, "code_year": 2011}}, {"pk": 21, "model": "years.instituteyear", "fields": {"date_expected_MECC": null, "id_cmp": 21, "date_last_notif": null, "code_year": 2011}}, {"pk": 22, "model": "years.instituteyear", "fields": {"date_expected_MECC": null, "id_cmp": 22, "date_last_notif": null, "code_year": 2011}}, {"pk": 23, "model": "years.instituteyear", "fields": {"date_expected_MECC": null, "id_cmp": 23, "date_last_notif": null, "code_year": 2011}}, {"pk": 24, "model": "years.instituteyear", "fields": {"date_expected_MECC": null, "id_cmp": 24, "date_last_notif": null, "code_year": 2011}}, {"pk": 25, "model": "years.instituteyear", "fields": {"date_expected_MECC": null, "id_cmp": 25, "date_last_notif": null, "code_year": 2011}}, {"pk": 26, "model": "years.instituteyear", "fields": {"date_expected_MECC": null, "id_cmp": 26, "date_last_notif": null, "code_year": 2011}}, {"pk": 27, "model": "years.instituteyear", "fields": {"date_expected_MECC": null, "id_cmp": 27, "date_last_notif": null, "code_year": 2011}}, {"pk": 28, "model": "years.instituteyear", "fields": {"date_expected_MECC": null, "id_cmp": 28, "date_last_notif": null, "code_year": 2011}}, {"pk": 29, "model": "years.instituteyear", "fields": {"date_expected_MECC": null, "id_cmp": 29, "date_last_notif": null, "code_year": 2011}}, {"pk": 30, "model": "years.instituteyear", "fields": {"date_expected_MECC": null, "id_cmp": 30, "date_last_notif": null, "code_year": 2011}}, {"pk": 31, "model": "years.instituteyear", "fields": {"date_expected_MECC": null, "id_cmp": 31, "date_last_notif": null, "code_year": 2011}}, {"pk": 32, "model": "years.instituteyear", "fields": {"date_expected_MECC": null, "id_cmp": 32, "date_last_notif": null, "code_year": 2011}}, {"pk": 33, "model": "years.instituteyear", "fields": {"date_expected_MECC": null, "id_cmp": 33, "date_last_notif": null, "code_year": 2011}}, {"pk": 34, "model": "years.instituteyear", "fields": {"date_expected_MECC": null, "id_cmp": 34, "date_last_notif": null, "code_year": 2011}}, {"pk": 35, "model": "years.instituteyear", "fields": {"date_expected_MECC": null, "id_cmp": 35, "date_last_notif": null, "code_year": 2011}}, {"pk": 36, "model": "years.instituteyear", "fields": {"date_expected_MECC": null, "id_cmp": 36, "date_last_notif": null, "code_year": 2011}}, {"pk": 1, "model": "years.universityyear", "fields": {"is_target_year": true, "is_year_init": true, "label_year": "Ann\u00e9e universitaire 2011/2012", "code_year": 2011, "date_expected": "2016-02-27", "date_validation": "2016-02-14", "pdf_doc": ""}}, {"pk": 1, "model": "adm.meccuser", "fields": {"id_member": "ibis", "last_name": "", "birth_date": null, "birth_name": "", "password": "pbkdf2_sha256$20000$vYkWINNPOn9h$rDLxQlP4dqIlBbFpQgsKdhsk38UyZIeU6QrsEOLNylE=", "mail": "", "cmp": "", "last_login": null, "profile": "", "status": "", "is_active": "True", "first_name": ""}}, {"pk": 1, "model": "institute.institute", "fields": {"label": "Facult\u00e9 des arts", "rac": null, "is_on_duty": true, "scol_manager": [], "field": 1, "code": "ART", "dircomp": null, "diretu": []}}, {"pk": 2, "model": "institute.institute", "fields": {"label": "Facult\u00e9 des langues et des cultures \u00e9trang\u00e8res", "rac": null, "is_on_duty": true, "scol_manager": [], "field": 1, "code": "LVI", "dircomp": null, "diretu": []}}, {"pk": 3, "model": "institute.institute", "fields": {"label": "Facult\u00e9 des langues et sciences humaines appliqu\u00e9es (LSHA)", "rac": null, "is_on_duty": true, "scol_manager": [], "field": 1, "code": "LGA", "dircomp": null, "diretu": []}}, {"pk": 4, "model": "institute.institute", "fields": {"label": "Facult\u00e9 des lettres", "rac": null, "is_on_duty": true, "scol_manager": [], "field": 1, "code": "LET", "dircomp": null, "diretu": []}}, {"pk": 5, "model": "institute.institute", "fields": {"label": "Centre d '\u00e9tudes internationales de la propri\u00e9t\u00e9 intellectuelle (CEIPI)", "rac": null, "is_on_duty": true, "scol_manager": [], "field": 2, "code": "CPI", "dircomp": null, "diretu": []}}, {"pk": 6, "model": "institute.institute", "fields": {"label": "Centre universitaire d'enseignement du journalisme (CUEJ)", "rac": null, "is_on_duty": true, "scol_manager": [], "field": 2, "code": "CUJ", "dircomp": null, "diretu": []}}, {"pk": 7, "model": "institute.institute", "fields": {"label": "Ecole de management Strasbourg (EM)", "rac": null, "is_on_duty": true, "scol_manager": [], "field": 2, "code": "EMS", "dircomp": null, "diretu": []}}, {"pk": 8, "model": "institute.institute", "fields": {"label": "Facult\u00e9 de droit, de sciences politiques et de gestion", "rac": null, "is_on_duty": true, "scol_manager": [], "field": 2, "code": "DRT", "dircomp": null, "diretu": []}}, {"pk": 9, "model": "institute.institute", "fields": {"label": "Facult\u00e9 de sciences \u00e9conomiques et de gestion (FSEG)", "rac": null, "is_on_duty": true, "scol_manager": [], "field": 2, "code": "SEG", "dircomp": null, "diretu": []}}, {"pk": 10, "model": "institute.institute", "fields": {"label": "Institut de pr\u00e9paration \u00e0 l'administration g\u00e9n\u00e9rale (IPAG)", "rac": null, "is_on_duty": true, "scol_manager": [], "field": 2, "code": "PAG", "dircomp": null, "diretu": []}}, {"pk": 11, "model": "institute.institute", "fields": {"label": "Institut d'\u00e9tudes politiques (IEP)", "rac": null, "is_on_duty": true, "scol_manager": [], "field": 2, "code": "IEP", "dircomp": null, "diretu": []}}, {"pk": 12, "model": "institute.institute", "fields": {"label": "Facult\u00e9 de chirurgie dentaire", "rac": null, "is_on_duty": true, "scol_manager": [], "field": 3, "code": "ODO", "dircomp": null, "diretu": []}}, {"pk": 13, "model": "institute.institute", "fields": {"label": "Facult\u00e9 de m\u00e9decine", "rac": null, "is_on_duty": true, "scol_manager": [], "field": 3, "code": "MED", "dircomp": null, "diretu": []}}, {"pk": 14, "model": "institute.institute", "fields": {"label": "Facult\u00e9 de pharmacie", "rac": null, "is_on_duty": true, "scol_manager": [], "field": 3, "code": "PHA", "dircomp": null, "diretu": []}}, {"pk": 15, "model": "institute.institute", "fields": {"label": "Ecole sup\u00e9rieure du professorat et de l'\u00e9ducation (ESPE)", "rac": null, "is_on_duty": true, "scol_manager": [], "field": 4, "code": "EPE", "dircomp": null, "diretu": []}}, {"pk": 16, "model": "institute.institute", "fields": {"label": "Facult\u00e9 de g\u00e9ographie et d'am\u00e9nagement", "rac": null, "is_on_duty": true, "scol_manager": [], "field": 4, "code": "GEO", "dircomp": null, "diretu": []}}, {"pk": 17, "model": "institute.institute", "fields": {"label": "Facult\u00e9 de philosophie", "rac": null, "is_on_duty": true, "scol_manager": [], "field": 4, "code": "PLI", "dircomp": null, "diretu": []}}, {"pk": 18, "model": "institute.institute", "fields": {"label": "Facult\u00e9 de psychologie", "rac": null, "is_on_duty": true, "scol_manager": [], "field": 4, "code": "PSY", "dircomp": null, "diretu": []}}, {"pk": 19, "model": "institute.institute", "fields": {"label": "Facult\u00e9 de sciences de l'\u00e9ducation", "rac": null, "is_on_duty": true, "scol_manager": [], "field": 4, "code": "EDU", "dircomp": null, "diretu": []}}, {"pk": 20, "model": "institute.institute", "fields": {"label": "Facult\u00e9 de th\u00e9ologie catholique", "rac": null, "is_on_duty": true, "scol_manager": [], "field": 4, "code": "THC", "dircomp": null, "diretu": []}}, {"pk": 21, "model": "institute.institute", "fields": {"label": "Facult\u00e9 de th\u00e9ologie protestante", "rac": null, "is_on_duty": true, "scol_manager": [], "field": 4, "code": "THP", "dircomp": null, "diretu": []}}, {"pk": 22, "model": "institute.institute", "fields": {"label": "Facult\u00e9 des sciences du sport", "rac": null, "is_on_duty": true, "scol_manager": [], "field": 4, "code": "APS", "dircomp": null, "diretu": []}}, {"pk": 23, "model": "institute.institute", "fields": {"label": "Facult\u00e9 des Sciences Historiques", "rac": null, "is_on_duty": true, "scol_manager": [], "field": 4, "code": "HIS", "dircomp": null, "diretu": []}}, {"pk": 24, "model": "institute.institute", "fields": {"label": "Facult\u00e9 des sciences sociales", "rac": null, "is_on_duty": true, "scol_manager": [], "field": 4, "code": "SOC", "dircomp": null, "diretu": []}}, {"pk": 25, "model": "institute.institute", "fields": {"label": "Ecole et observatoire des sciences de la Terre (EOST)", "rac": null, "is_on_duty": true, "scol_manager": [], "field": 5, "code": "EOT", "dircomp": null, "diretu": []}}, {"pk": 26, "model": "institute.institute", "fields": {"label": "Ecole europ\u00e9enne de chimie, polym\u00e8res et mat\u00e9riaux (ECPM)", "rac": null, "is_on_duty": true, "scol_manager": [], "field": 5, "code": "ECP", "dircomp": null, "diretu": []}}, {"pk": 27, "model": "institute.institute", "fields": {"label": "Ecole sup\u00e9rieure de biotechnologie de Strasbourg (ESBS)", "rac": null, "is_on_duty": true, "scol_manager": [], "field": 5, "code": "ESB", "dircomp": null, "diretu": []}}, {"pk": 28, "model": "institute.institute", "fields": {"label": "Facult\u00e9 de chimie", "rac": null, "is_on_duty": true, "scol_manager": [], "field": 5, "code": "CHM", "dircomp": null, "diretu": []}}, {"pk": 29, "model": "institute.institute", "fields": {"label": "Facult\u00e9 des sciences de la vie", "rac": null, "is_on_duty": true, "scol_manager": [], "field": 5, "code": "VIE", "dircomp": null, "diretu": []}}, {"pk": 30, "model": "institute.institute", "fields": {"label": "Institut universitaire de technologie de Haguenau", "rac": null, "is_on_duty": true, "scol_manager": [], "field": 5, "code": "IHA", "dircomp": null, "diretu": []}}, {"pk": 31, "model": "institute.institute", "fields": {"label": "Institut universitaire de technologie Louis Pasteur", "rac": null, "is_on_duty": true, "scol_manager": [], "field": 5, "code": "ISC", "dircomp": null, "diretu": []}}, {"pk": 32, "model": "institute.institute", "fields": {"label": "Institut universitaire de technologie Robert Schuman", "rac": null, "is_on_duty": true, "scol_manager": [], "field": 5, "code": "ILL", "dircomp": null, "diretu": []}}, {"pk": 33, "model": "institute.institute", "fields": {"label": "Observatoire astronomique de Strasbourg", "rac": null, "is_on_duty": true, "scol_manager": [], "field": 5, "code": "OBS", "dircomp": null, "diretu": []}}, {"pk": 34, "model": "institute.institute", "fields": {"label": "T\u00e9l\u00e9com Physique Strasbourg", "rac": null, "is_on_duty": true, "scol_manager": [], "field": 5, "code": "ESP", "dircomp": null, "diretu": []}}, {"pk": 35, "model": "institute.institute", "fields": {"label": "UFR de Math\u00e9matique et d'informatique", "rac": null, "is_on_duty": true, "scol_manager": [], "field": 5, "code": "MAI", "dircomp": null, "diretu": []}}, {"pk": 36, "model": "institute.institute", "fields": {"label": "UFR physique et ing\u00e9nierie", "rac": null, "is_on_duty": true, "scol_manager": [], "field": 5, "code": "PHI", "dircomp": null, "diretu": []}}, {"pk": 1, "model": "auth.permission", "fields": {"name": "Can add permission", "codename": "add_permission", "content_type": 1}}, {"pk": 2, "model": "auth.permission", "fields": {"name": "Can change permission", "codename": "change_permission", "content_type": 1}}, {"pk": 3, "model": "auth.permission", "fields": {"name": "Can delete permission", "codename": "delete_permission", "content_type": 1}}, {"pk": 4, "model": "auth.permission", "fields": {"name": "Can add group", "codename": "add_group", "content_type": 2}}, {"pk": 5, "model": "auth.permission", "fields": {"name": "Can change group", "codename": "change_group", "content_type": 2}}, {"pk": 6, "model": "auth.permission", "fields": {"name": "Can delete group", "codename": "delete_group", "content_type": 2}}, {"pk": 10, "model": "auth.permission", "fields": {"name": "Can add content type", "codename": "add_contenttype", "content_type": 4}}, {"pk": 11, "model": "auth.permission", "fields": {"name": "Can change content type", "codename": "change_contenttype", "content_type": 4}}, {"pk": 12, "model": "auth.permission", "fields": {"name": "Can delete content type", "codename": "delete_contenttype", "content_type": 4}}, {"pk": 13, "model": "auth.permission", "fields": {"name": "Can add session", "codename": "add_session", "content_type": 5}}, {"pk": 14, "model": "auth.permission", "fields": {"name": "Can change session", "codename": "change_session", "content_type": 5}}, {"pk": 15, "model": "auth.permission", "fields": {"name": "Can delete session", "codename": "delete_session", "content_type": 5}}, {"pk": 16, "model": "auth.permission", "fields": {"name": "Can add site", "codename": "add_site", "content_type": 6}}, {"pk": 17, "model": "auth.permission", "fields": {"name": "Can change site", "codename": "change_site", "content_type": 6}}, {"pk": 18, "model": "auth.permission", "fields": {"name": "Can delete site", "codename": "delete_site", "content_type": 6}}, {"pk": 19, "model": "auth.permission", "fields": {"name": "Can add log entry", "codename": "add_logentry", "content_type": 7}}, {"pk": 20, "model": "auth.permission", "fields": {"name": "Can change log entry", "codename": "change_logentry", "content_type": 7}}, {"pk": 21, "model": "auth.permission", "fields": {"name": "Can delete log entry", "codename": "delete_logentry", "content_type": 7}}, {"pk": 22, "model": "auth.permission", "fields": {"name": "Can add eci commission member", "codename": "add_ecicommissionmember", "content_type": 8}}, {"pk": 23, "model": "auth.permission", "fields": {"name": "Can change eci commission member", "codename": "change_ecicommissionmember", "content_type": 8}}, {"pk": 24, "model": "auth.permission", "fields": {"name": "Can delete eci commission member", "codename": "delete_ecicommissionmember", "content_type": 8}}, {"pk": 25, "model": "auth.permission", "fields": {"name": "Peut voir les membres de la commission ECI", "codename": "can_view_eci_commission_member", "content_type": 8}}, {"pk": 26, "model": "auth.permission", "fields": {"name": "Can add degree type", "codename": "add_degreetype", "content_type": 9}}, {"pk": 27, "model": "auth.permission", "fields": {"name": "Can change degree type", "codename": "change_degreetype", "content_type": 9}}, {"pk": 28, "model": "auth.permission", "fields": {"name": "Can delete degree type", "codename": "delete_degreetype", "content_type": 9}}, {"pk": 29, "model": "auth.permission", "fields": {"name": "Can add degree", "codename": "add_degree", "content_type": 10}}, {"pk": 30, "model": "auth.permission", "fields": {"name": "Can change degree", "codename": "change_degree", "content_type": 10}}, {"pk": 31, "model": "auth.permission", "fields": {"name": "Can delete degree", "codename": "delete_degree", "content_type": 10}}, {"pk": 32, "model": "auth.permission", "fields": {"name": "Can add academic field", "codename": "add_academicfield", "content_type": 11}}, {"pk": 33, "model": "auth.permission", "fields": {"name": "Can change academic field", "codename": "change_academicfield", "content_type": 11}}, {"pk": 34, "model": "auth.permission", "fields": {"name": "Can delete academic field", "codename": "delete_academicfield", "content_type": 11}}, {"pk": 35, "model": "auth.permission", "fields": {"name": "Can add staff", "codename": "add_staff", "content_type": 12}}, {"pk": 36, "model": "auth.permission", "fields": {"name": "Can change staff", "codename": "change_staff", "content_type": 12}}, {"pk": 37, "model": "auth.permission", "fields": {"name": "Can delete staff", "codename": "delete_staff", "content_type": 12}}, {"pk": 38, "model": "auth.permission", "fields": {"name": "Can add scol manager", "codename": "add_scolmanager", "content_type": 13}}, {"pk": 39, "model": "auth.permission", "fields": {"name": "Can change scol manager", "codename": "change_scolmanager", "content_type": 13}}, {"pk": 40, "model": "auth.permission", "fields": {"name": "Can delete scol manager", "codename": "delete_scolmanager", "content_type": 13}}, {"pk": 41, "model": "auth.permission", "fields": {"name": "Can add institute", "codename": "add_institute", "content_type": 14}}, {"pk": 42, "model": "auth.permission", "fields": {"name": "Can change institute", "codename": "change_institute", "content_type": 14}}, {"pk": 43, "model": "auth.permission", "fields": {"name": "Can delete institute", "codename": "delete_institute", "content_type": 14}}, {"pk": 44, "model": "auth.permission", "fields": {"name": "Can add institute year", "codename": "add_instituteyear", "content_type": 15}}, {"pk": 45, "model": "auth.permission", "fields": {"name": "Can change institute year", "codename": "change_instituteyear", "content_type": 15}}, {"pk": 46, "model": "auth.permission", "fields": {"name": "Can delete institute year", "codename": "delete_instituteyear", "content_type": 15}}, {"pk": 47, "model": "auth.permission", "fields": {"name": "Can add university year", "codename": "add_universityyear", "content_type": 16}}, {"pk": 48, "model": "auth.permission", "fields": {"name": "Can change university year", "codename": "change_universityyear", "content_type": 16}}, {"pk": 49, "model": "auth.permission", "fields": {"name": "Can delete university year", "codename": "delete_universityyear", "content_type": 16}}, {"pk": 50, "model": "auth.permission", "fields": {"name": "Can add mecc user", "codename": "add_meccuser", "content_type": 17}}, {"pk": 51, "model": "auth.permission", "fields": {"name": "Can change mecc user", "codename": "change_meccuser", "content_type": 17}}, {"pk": 52, "model": "auth.permission", "fields": {"name": "Can delete mecc user", "codename": "delete_meccuser", "content_type": 17}}, {"pk": 53, "model": "auth.permission", "fields": {"name": "Can add scol manager user", "codename": "add_scolmanageruser", "content_type": 18}}, {"pk": 54, "model": "auth.permission", "fields": {"name": "Can change scol manager user", "codename": "change_scolmanageruser", "content_type": 18}}, {"pk": 55, "model": "auth.permission", "fields": {"name": "Can delete scol manager user", "codename": "delete_scolmanageruser", "content_type": 18}}, {"pk": 56, "model": "auth.permission", "fields": {"name": "Can add institute year2", "codename": "add_instituteyear2", "content_type": 19}}, {"pk": 57, "model": "auth.permission", "fields": {"name": "Can change institute year2", "codename": "change_instituteyear2", "content_type": 19}}, {"pk": 58, "model": "auth.permission", "fields": {"name": "Can delete institute year2", "codename": "delete_instituteyear2", "content_type": 19}}]