[
{
  "pk": 1,
  "model": "contenttypes.contenttype",
  "fields": {
    "model": "permission",
    "app_label": "auth"
  }
},
{
  "pk": 2,
  "model": "contenttypes.contenttype",
  "fields": {
    "model": "group",
    "app_label": "auth"
  }
},
{
  "pk": 3,
  "model": "contenttypes.contenttype",
  "fields": {
    "model": "user",
    "app_label": "auth"
  }
},
{
  "pk": 4,
  "model": "contenttypes.contenttype",
  "fields": {
    "model": "contenttype",
    "app_label": "contenttypes"
  }
},
{
  "pk": 5,
  "model": "contenttypes.contenttype",
  "fields": {
    "model": "session",
    "app_label": "sessions"
  }
},
{
  "pk": 6,
  "model": "contenttypes.contenttype",
  "fields": {
    "model": "site",
    "app_label": "sites"
  }
},
{
  "pk": 7,
  "model": "contenttypes.contenttype",
  "fields": {
    "model": "logentry",
    "app_label": "admin"
  }
},
{
  "pk": 8,
  "model": "contenttypes.contenttype",
  "fields": {
    "model": "tgt",
    "app_label": "django_cas"
  }
},
{
  "pk": 9,
  "model": "contenttypes.contenttype",
  "fields": {
    "model": "pgtiou",
    "app_label": "django_cas"
  }
},
{
  "pk": 10,
  "model": "contenttypes.contenttype",
  "fields": {
    "model": "sessionserviceticket",
    "app_label": "django_cas"
  }
},
{
  "pk": 11,
  "model": "contenttypes.contenttype",
  "fields": {
    "model": "ecicommissionmember",
    "app_label": "commission"
  }
},
{
  "pk": 12,
  "model": "contenttypes.contenttype",
  "fields": {
    "model": "degreetype",
    "app_label": "degree"
  }
},
{
  "pk": 13,
  "model": "contenttypes.contenttype",
  "fields": {
    "model": "degree",
    "app_label": "degree"
  }
},
{
  "pk": 14,
  "model": "contenttypes.contenttype",
  "fields": {
    "model": "academicfield",
    "app_label": "institute"
  }
},
{
  "pk": 15,
  "model": "contenttypes.contenttype",
  "fields": {
    "model": "institute",
    "app_label": "institute"
  }
},
{
  "pk": 16,
  "model": "contenttypes.contenttype",
  "fields": {
    "model": "instituteyear",
    "app_label": "years"
  }
},
{
  "pk": 17,
  "model": "contenttypes.contenttype",
  "fields": {
    "model": "universityyear",
    "app_label": "years"
  }
},
{
  "pk": 18,
  "model": "contenttypes.contenttype",
  "fields": {
    "model": "profile",
    "app_label": "adm"
  }
},
{
  "pk": 19,
  "model": "contenttypes.contenttype",
  "fields": {
    "model": "meccuser",
    "app_label": "adm"
  }
},
{
  "pk": 20,
  "model": "contenttypes.contenttype",
  "fields": {
    "model": "rule",
    "app_label": "rules"
  }
},
{
  "pk": 21,
  "model": "contenttypes.contenttype",
  "fields": {
    "model": "paragraph",
    "app_label": "rules"
  }
},
{
  "pk": 22,
  "model": "contenttypes.contenttype",
  "fields": {
    "model": "training",
    "app_label": "training"
  }
},
{
  "pk": 23,
  "model": "contenttypes.contenttype",
  "fields": {
    "model": "specificparagraph",
    "app_label": "training"
  }
},
{
  "pk": 24,
  "model": "contenttypes.contenttype",
  "fields": {
    "model": "additionalparagraph",
    "app_label": "training"
  }
},
{
  "pk": 25,
  "model": "contenttypes.contenttype",
  "fields": {
    "model": "structureobject",
    "app_label": "mecctable"
  }
},
{
  "pk": 26,
  "model": "contenttypes.contenttype",
  "fields": {
    "model": "objectslink",
    "app_label": "mecctable"
  }
},
{
  "pk": 27,
  "model": "contenttypes.contenttype",
  "fields": {
    "model": "exam",
    "app_label": "mecctable"
  }
},
{
  "pk": "0gs65oolec1miy9o9wqgvjmiph6o69ox",
  "model": "sessions.session",
  "fields": {
    "session_data": "ODE1OTIzMGZiOTYyNWQ1NGNiZDA5NWIwOTBkZmExOGIyOGYxZTNjNTp7ImN1cnJlbnRfY29kZV95ZWFyIjoyMDE2LCJ2aXNpdGVkX2NtcF9sYWJlbCI6IkZhY3VsdFx1MDBlOSBkZSBjaGltaWUiLCJ2aXNpdGVkX2NtcF9pZCI6MjgsImN1cnJlbnRfeWVhciI6IkFublx1MDBlOWUgdW5pdmVyc2l0YWlyZSAyMDE1LzIwMTYiLCJ2aXNpdGVkX2NtcCI6IkNITSIsIl9hdXRoX3VzZXJfYmFja2VuZCI6ImRqYW5nb19jYXMuYmFja2VuZHMuQ0FTQmFja2VuZCIsInZpc2l0ZWRfcnVsZSI6NzksIl9hdXRoX3VzZXJfaWQiOiIxIiwiX2F1dGhfdXNlcl9oYXNoIjoiN2ZmZjg1MWFkZDgyYTdjNTU2NWI4NGRjYzI1NTEzMzdiZTg4Y2M1MSJ9",
    "expire_date": "2016-12-13T15:47:51.844Z"
  }
},
{
  "pk": "0wmn6hyvrrqovnwddwndm59rkean3l10",
  "model": "sessions.session",
  "fields": {
    "session_data": "Yzc2NjNhNjIyMTdiYjU2M2NlNzdhODhkNjhkM2IyMzJmZGI4ZDQ4Yzp7ImlzX3Nwb29mZWRfdXNlciI6dHJ1ZSwiX2F1dGhfdXNlcl9oYXNoIjoiN2ZmZjg1MWFkZDgyYTdjNTU2NWI4NGRjYzI1NTEzMzdiZTg4Y2M1MSIsIl9hdXRoX3VzZXJfaWQiOiI1NSIsInZpc2l0ZWRfY21wIjoiUkVTUEZPUk0iLCJjdXJyZW50X3llYXIiOiJBbm5cdTAwZTllIHVuaXZlcnNpdGFpcmUgMjAxNi8yMDE3IiwiY3VycmVudF9jb2RlX3llYXIiOjIwMTYsIl9hdXRoX3VzZXJfYmFja2VuZCI6ImRqYW5nb19jYXMuYmFja2VuZHMuQ0FTQmFja2VuZCIsInJlYWxfdXNlcm5hbWUiOiJiYWd1ZXQifQ==",
    "expire_date": "2017-02-01T10:17:42.047Z"
  }
},
{
  "pk": "0x5qr8r79k0adfm46c30rsunp9gp7lng",
  "model": "sessions.session",
  "fields": {
    "session_data": "ZjMwY2ZjMzg3NTA0YWM5YmRjNWJhNjNkY2M4MWIxZTUyOGRlYmQ0ODp7Il9hdXRoX3VzZXJfaWQiOiI0IiwiY3VycmVudF9jb2RlX3llYXIiOjIwMTUsIl9hdXRoX3VzZXJfaGFzaCI6IjdmZmY4NTFhZGQ4MmE3YzU1NjViODRkY2MyNTUxMzM3YmU4OGNjNTEiLCJjdXJyZW50X3llYXIiOiJBbm5cdTAwZTllIHVuaXZlcnNpdGFpcmUgMjAxNS8yMDE2IiwiX2F1dGhfdXNlcl9iYWNrZW5kIjoiZGphbmdvX2Nhcy5iYWNrZW5kcy5DQVNCYWNrZW5kIn0=",
    "expire_date": "2016-12-15T12:59:30.050Z"
  }
},
{
  "pk": "1l6j6in46ew81s8k4a8ympiiotmy4vk1",
  "model": "sessions.session",
  "fields": {
    "session_data": "YTBlMjYxZDllMTE5MTRjMGM2NDFlMDc0YTBhNzMzMDllMDdlZjUwNzp7Il9hdXRoX3VzZXJfaGFzaCI6IjdmZmY4NTFhZGQ4MmE3YzU1NjViODRkY2MyNTUxMzM3YmU4OGNjNTEiLCJfYXV0aF91c2VyX2lkIjoiNCIsImlzX3Nwb29mZWRfdXNlciI6ZmFsc2UsImN1cnJlbnRfeWVhciI6IkFublx1MDBlOWUgdW5pdmVyc2l0YWlyZSAyMDE2LzIwMTciLCJjdXJyZW50X2NvZGVfeWVhciI6MjAxNiwiX2F1dGhfdXNlcl9iYWNrZW5kIjoiZGphbmdvX2Nhcy5iYWNrZW5kcy5DQVNCYWNrZW5kIn0=",
    "expire_date": "2017-01-25T14:36:58.365Z"
  }
},
{
  "pk": "1ywdq63n55omn0ljcbw2s8easp0vc6fh",
  "model": "sessions.session",
  "fields": {
    "session_data": "NDkyMmJiYTFmYWI3YjEwZTg2ZmFlZGEyYjRjMjRiMzg0ZGRmMjU1NDp7Il9hdXRoX3VzZXJfaGFzaCI6IjdmZmY4NTFhZGQ4MmE3YzU1NjViODRkY2MyNTUxMzM3YmU4OGNjNTEiLCJpc19zcG9vZmVkX3VzZXIiOnRydWUsInJlYWxfdXNlcm5hbWUiOiJiYWd1ZXQiLCJjdXJyZW50X3llYXIiOiJBbm5cdTAwZTllIHVuaXZlcnNpdGFpcmUgMjAxNS8yMDE2IiwiX2F1dGhfdXNlcl9pZCI6IjU1IiwiY3VycmVudF9jb2RlX3llYXIiOjIwMTUsIl9hdXRoX3VzZXJfYmFja2VuZCI6ImRqYW5nb19jYXMuYmFja2VuZHMuQ0FTQmFja2VuZCJ9",
    "expire_date": "2016-12-21T15:31:05.641Z"
  }
},
{
  "pk": "1zm7g5p4mqdosgsaepl6jmnfqlxkn593",
  "model": "sessions.session",
  "fields": {
    "session_data": "NGZlYmM0NmI4ZjgyNGMzMGQxZTVjNGUyY2VhYjk2MmE1OTY5NzZkNTp7ImN1cnJlbnRfY29kZV95ZWFyIjoyMDE2LCJyZWFsX3VzZXJuYW1lIjoiaWJpcy5pc21haWwiLCJfYXV0aF91c2VyX2JhY2tlbmQiOiJkamFuZ29fY2FzLmJhY2tlbmRzLkNBU0JhY2tlbmQiLCJfYXV0aF91c2VyX2hhc2giOiI3ZmZmODUxYWRkODJhN2M1NTY1Yjg0ZGNjMjU1MTMzN2JlODhjYzUxIiwiaXNfc3Bvb2ZlZF91c2VyIjpmYWxzZSwidmlzaXRlZF9jbXBfaWQiOjI4LCJ2aXNpdGVkX2NtcF9sYWJlbCI6IkZhY3VsdFx1MDBlOSBkZSBjaGltaWUiLCJjdXJyZW50X3llYXIiOiJBbm5cdTAwZTllIHVuaXZlcnNpdGFpcmUgMjAxNi8yMDE3IiwiX2F1dGhfdXNlcl9pZCI6IjEiLCJ2aXNpdGVkX2NtcCI6IkNITSJ9",
    "expire_date": "2017-01-19T08:44:51.649Z"
  }
},
{
  "pk": "2aqvu42kbqq7qgaux4452xy3s1u4xtoo",
  "model": "sessions.session",
  "fields": {
    "session_data": "MGM3ZjcwNzUxYjdmM2VmZWU2Y2EwNzVlNGIzOGJlYmMxNDQ0MDg1Yzp7InZpc2l0ZWRfY21wX2xhYmVsIjoiRmFjdWx0XHUwMGU5IGRlIGNoaW1pZSIsImN1cnJlbnRfY29kZV95ZWFyIjoyMDE2LCJ2aXNpdGVkX2NtcCI6IkNITSIsIl9hdXRoX3VzZXJfaGFzaCI6IjdmZmY4NTFhZGQ4MmE3YzU1NjViODRkY2MyNTUxMzM3YmU4OGNjNTEiLCJjdXJyZW50X3llYXIiOiJBbm5cdTAwZTllIHVuaXZlcnNpdGFpcmUgMjAxNi8yMDE3IiwiX2F1dGhfdXNlcl9pZCI6IjEiLCJ2aXNpdGVkX2NtcF9pZCI6MjgsIl9hdXRoX3VzZXJfYmFja2VuZCI6ImRqYW5nb19jYXMuYmFja2VuZHMuQ0FTQmFja2VuZCJ9",
    "expire_date": "2017-02-22T13:05:14.587Z"
  }
},
{
  "pk": "3pjnd6vhm08gg5709ri37ykdkhoewr3d",
  "model": "sessions.session",
  "fields": {
    "session_data": "NzVmY2QzYWEwODM2YWIwMjU2MDg0MzYyN2EzZDY4YTNhM2VkMGU1ZTp7Il9hdXRoX3VzZXJfYmFja2VuZCI6ImRqYW5nb19jYXMuYmFja2VuZHMuQ0FTQmFja2VuZCIsInZpc2l0ZWRfY21wX2xhYmVsIjoiRmFjdWx0XHUwMGU5IGRlIGNoaW1pZSIsImN1cnJlbnRfeWVhciI6IkFublx1MDBlOWUgdW5pdmVyc2l0YWlyZSAyMDE1LzIwMTYiLCJjdXJyZW50X2NvZGVfeWVhciI6MjAxNSwiX2F1dGhfdXNlcl9pZCI6IjEiLCJfYXV0aF91c2VyX2hhc2giOiI3ZmZmODUxYWRkODJhN2M1NTY1Yjg0ZGNjMjU1MTMzN2JlODhjYzUxIiwidmlzaXRlZF9jbXBfaWQiOjI4LCJ2aXNpdGVkX2NtcCI6IlJFU1BGT1JNIn0=",
    "expire_date": "2016-11-24T13:44:31.597Z"
  }
},
{
  "pk": "4r5g9w3j413o8fef5iq4p3xovb0j2ph8",
  "model": "sessions.session",
  "fields": {
    "session_data": "ZTU3MjY2M2Q2NjM3OTc5YTg1NzIzZTdlNDBkN2JhYWRiY2MxYjIwODp7Il9hdXRoX3VzZXJfaWQiOiIxIiwidmlzaXRlZF9jbXBfaWQiOjI4LCJjdXJyZW50X3llYXIiOiJBbm5cdTAwZTllIHVuaXZlcnNpdGFpcmUgMjAxNS8yMDE2IiwiY3VycmVudF9jb2RlX3llYXIiOjIwMTUsInZpc2l0ZWRfcnVsZSI6MiwiX2F1dGhfdXNlcl9oYXNoIjoiN2ZmZjg1MWFkZDgyYTdjNTU2NWI4NGRjYzI1NTEzMzdiZTg4Y2M1MSIsInZpc2l0ZWRfY21wX2xhYmVsIjoiRmFjdWx0XHUwMGU5IGRlIGNoaW1pZSIsIl9hdXRoX3VzZXJfYmFja2VuZCI6ImRqYW5nb19jYXMuYmFja2VuZHMuQ0FTQmFja2VuZCIsInZpc2l0ZWRfY21wIjoiQ0hNIn0=",
    "expire_date": "2016-12-28T10:51:51.210Z"
  }
},
{
  "pk": "4yq50gs4okwcdyfrxkw10xmgaj9xgadr",
  "model": "sessions.session",
  "fields": {
    "session_data": "Y2Q4MWUwMzg4NWVlYTgxMzY2ZjFkNjU2OGZjNDkyNzRmNDFiMGJhNzp7Il9hdXRoX3VzZXJfaWQiOiIyMDciLCJ2aXNpdGVkX2NtcF9pZCI6MjgsInZpc2l0ZWRfcnVsZSI6MjA0LCJjdXJyZW50X2NvZGVfeWVhciI6MjAxNiwidmlzaXRlZF9jbXBfbGFiZWwiOiJGYWN1bHRcdTAwZTkgZGUgY2hpbWllIiwiX2F1dGhfdXNlcl9iYWNrZW5kIjoiZGphbmdvX2Nhcy5iYWNrZW5kcy5DQVNCYWNrZW5kIiwidmlzaXRlZF9jbXAiOiJDSE0iLCJjdXJyZW50X3llYXIiOiJBbm5cdTAwZTllIHVuaXZlcnNpdGFpcmUgMjAxNi8yMDE3IiwiX2F1dGhfdXNlcl9oYXNoIjoiNzU4ZGViYTViYTY2YzBmZDM5N2UzYWJmNzEzZDEwMGU1MTNmODY1NyJ9",
    "expire_date": "2017-01-26T15:11:55.255Z"
  }
},
{
  "pk": "58exhmuvnaeoxyhfmvsbhitvvrn5kpiv",
  "model": "sessions.session",
  "fields": {
    "session_data": "OWYxZmE5MjVmYTMzYmQzODA2NjA1ZGE4YmNmNjhjYzAyYTFhMmIzZTp7ImN1cnJlbnRfY29kZV95ZWFyIjoyMDE1LCJfYXV0aF91c2VyX2hhc2giOiI3ZmZmODUxYWRkODJhN2M1NTY1Yjg0ZGNjMjU1MTMzN2JlODhjYzUxIiwiX2F1dGhfdXNlcl9pZCI6IjEiLCJjdXJyZW50X3llYXIiOiJBbm5cdTAwZTllIHVuaXZlcnNpdGFpcmUgMjAxNS8yMDE2IiwiX2F1dGhfdXNlcl9iYWNrZW5kIjoiZGphbmdvX2Nhcy5iYWNrZW5kcy5DQVNCYWNrZW5kIn0=",
    "expire_date": "2016-12-06T10:06:14.469Z"
  }
},
{
  "pk": "6lt8i3xgtmxghm34dqvpriou42gkb56o",
  "model": "sessions.session",
  "fields": {
    "session_data": "MTJjM2M2ZDhmMDg0ZGM2N2YzZGQwMTMwOWM2ODQ2OGVjNmFhMWEyZDp7ImN1cnJlbnRfY29kZV95ZWFyIjoyMDE1LCJfYXV0aF91c2VyX2hhc2giOiJlODYxMzM2NTM1M2VmYzA0OTkzNWRmOGY1NDJhMTJlZjFhY2Y4YzcxIiwiaXNfc3Bvb2ZlZF91c2VyIjpmYWxzZSwiX2F1dGhfdXNlcl9iYWNrZW5kIjoiZGphbmdvX2Nhcy5iYWNrZW5kcy5DQVNCYWNrZW5kIiwiY3VycmVudF95ZWFyIjoiQW5uXHUwMGU5ZSB1bml2ZXJzaXRhaXJlIDIwMTUvMjAxNiIsIl9hdXRoX3VzZXJfaWQiOiIyMjAifQ==",
    "expire_date": "2016-12-07T13:56:09.293Z"
  }
},
{
  "pk": "7iacmgnq2jp2t7waucker5whhf4143b7",
  "model": "sessions.session",
  "fields": {
    "session_data": "NjM1YzI5NDk5MmEyZTcyZjFkOTU1Yjk1ZWZhYmVmNTUyN2MzMzRhNjp7InZpc2l0ZWRfY21wIjoiQ0hNIiwiY3VycmVudF9jb2RlX3llYXIiOjIwMTYsIl9hdXRoX3VzZXJfaWQiOiIxIiwiY3VycmVudF95ZWFyIjoiQW5uXHUwMGU5ZSB1bml2ZXJzaXRhaXJlIDIwMTYvMjAxNyIsIl9hdXRoX3VzZXJfYmFja2VuZCI6ImRqYW5nb19jYXMuYmFja2VuZHMuQ0FTQmFja2VuZCIsInZpc2l0ZWRfY21wX2xhYmVsIjoiRmFjdWx0XHUwMGU5IGRlIGNoaW1pZSIsInZpc2l0ZWRfY21wX2lkIjoyOCwiX2F1dGhfdXNlcl9oYXNoIjoiN2ZmZjg1MWFkZDgyYTdjNTU2NWI4NGRjYzI1NTEzMzdiZTg4Y2M1MSJ9",
    "expire_date": "2017-03-08T16:12:55.950Z"
  }
},
{
  "pk": "7jy3bkjwbi0p4tt4vjykp068kywg8k3y",
  "model": "sessions.session",
  "fields": {
    "session_data": "ZjZhYjBmMzkzMWMwOTU5N2UxODE0NTVhYWRlZTM3ZDA3ZTk3M2ViMzp7ImlzX3Nwb29mZWRfdXNlciI6ZmFsc2UsIl9hdXRoX3VzZXJfYmFja2VuZCI6ImRqYW5nb19jYXMuYmFja2VuZHMuQ0FTQmFja2VuZCIsImN1cnJlbnRfY29kZV95ZWFyIjoyMDE1LCJ2aXNpdGVkX2NtcF9sYWJlbCI6IkZhY3VsdFx1MDBlOSBkZSBjaGltaWUiLCJfYXV0aF91c2VyX2lkIjoiNCIsInZpc2l0ZWRfY21wX2lkIjoyOCwiX2F1dGhfdXNlcl9oYXNoIjoiN2ZmZjg1MWFkZDgyYTdjNTU2NWI4NGRjYzI1NTEzMzdiZTg4Y2M1MSIsImN1cnJlbnRfeWVhciI6IkFublx1MDBlOWUgdW5pdmVyc2l0YWlyZSAyMDE1LzIwMTYiLCJ2aXNpdGVkX2NtcCI6IkNITSJ9",
    "expire_date": "2016-12-05T13:43:52.786Z"
  }
},
{
  "pk": "7lvf6wpzwdpwhbr92012q2rbijs1nef4",
  "model": "sessions.session",
  "fields": {
    "session_data": "MDcyMGJjYTUzNjYwMzE1ODc5M2U0YWIxYjZkYTczNGFiOTAzNjkyNDp7InJlYWxfdXNlcm5hbWUiOiJiYWd1ZXQiLCJfYXV0aF91c2VyX2hhc2giOiI3ZmZmODUxYWRkODJhN2M1NTY1Yjg0ZGNjMjU1MTMzN2JlODhjYzUxIiwiX2F1dGhfdXNlcl9pZCI6IjU1IiwiaXNfc3Bvb2ZlZF91c2VyIjp0cnVlLCJjdXJyZW50X3llYXIiOiJBbm5cdTAwZTllIHVuaXZlcnNpdGFpcmUgMjAxNi8yMDE3IiwiY3VycmVudF9jb2RlX3llYXIiOjIwMTYsIl9hdXRoX3VzZXJfYmFja2VuZCI6ImRqYW5nb19jYXMuYmFja2VuZHMuQ0FTQmFja2VuZCJ9",
    "expire_date": "2017-01-25T13:23:27.178Z"
  }
},
{
  "pk": "80tnpl6czz9r6ux4erhce7hq9sr3u1k1",
  "model": "sessions.session",
  "fields": {
    "session_data": "ZjUzNTUwOGUzYzRhZWU5OTIxOGFkMDEzZjk0YjZmZjI0ZWUzYmRmMTp7ImN1cnJlbnRfY29kZV95ZWFyIjoyMDE1LCJ2aXNpdGVkX2NtcF9sYWJlbCI6IkZhY3VsdFx1MDBlOSBkZSBjaGltaWUiLCJfYXV0aF91c2VyX2hhc2giOiJhMDZkNzg5ODJjNGE0ZTQxMmMzYjkxZDYxMTdlMjgyYjUwZTdmYjFkIiwiY3VycmVudF95ZWFyIjoiQW5uXHUwMGU5ZSB1bml2ZXJzaXRhaXJlIDIwMTUvMjAxNiIsIl9hdXRoX3VzZXJfYmFja2VuZCI6ImRqYW5nb19jYXMuYmFja2VuZHMuQ0FTQmFja2VuZCIsIl9hdXRoX3VzZXJfaWQiOiIyMjEiLCJ2aXNpdGVkX2NtcF9pZCI6MjgsInZpc2l0ZWRfY21wIjoiQ0hNIn0=",
    "expire_date": "2016-12-15T16:21:52.383Z"
  }
},
{
  "pk": "82wcvm93gybpo5pqcttaex60ynxc2ynv",
  "model": "sessions.session",
  "fields": {
    "session_data": "NDc4ZDEyMTMzMTE4MjczODMxOTMyNjMxNjFmNmZmYTAxMWU0MWM0Yzp7Il9hdXRoX3VzZXJfaWQiOiIxIiwidmlzaXRlZF9jbXAiOm51bGwsInZpc2l0ZWRfY21wX2xhYmVsIjoiVG91dGVzIGNvbXBvc2FudGVzIiwiX2F1dGhfdXNlcl9iYWNrZW5kIjoiZGphbmdvX2Nhcy5iYWNrZW5kcy5DQVNCYWNrZW5kIiwiY3VycmVudF95ZWFyIjoiQW5uXHUwMGU5ZSB1bml2ZXJzaXRhaXJlIDIwMTUvMjAxNiIsIl9hdXRoX3VzZXJfaGFzaCI6IjdmZmY4NTFhZGQ4MmE3YzU1NjViODRkY2MyNTUxMzM3YmU4OGNjNTEiLCJ2aXNpdGVkX2NtcF9pZCI6bnVsbCwiY3VycmVudF9jb2RlX3llYXIiOjIwMTV9",
    "expire_date": "2016-12-02T11:13:37.150Z"
  }
},
{
  "pk": "8a9jquyj17wj9lulwabtijhuthr48x7i",
  "model": "sessions.session",
  "fields": {
    "session_data": "NWQwZDAxMWE3MGNlNzJjYWVjYmRhYmNmODQ5YWNkMjc3NDRjNWUwZjp7InZpc2l0ZWRfY21wX2lkIjoyOCwiX2F1dGhfdXNlcl9pZCI6IjIwNyIsIl9hdXRoX3VzZXJfaGFzaCI6Ijc1OGRlYmE1YmE2NmMwZmQzOTdlM2FiZjcxM2QxMDBlNTEzZjg2NTciLCJfYXV0aF91c2VyX2JhY2tlbmQiOiJkamFuZ29fY2FzLmJhY2tlbmRzLkNBU0JhY2tlbmQiLCJ2aXNpdGVkX2NtcCI6IkNITSIsInJlYWxfdXNlcm5hbWUiOiJjaGluZXR0aSIsImN1cnJlbnRfeWVhciI6IkFublx1MDBlOWUgdW5pdmVyc2l0YWlyZSAyMDE2LzIwMTciLCJ2aXNpdGVkX2NtcF9sYWJlbCI6IkZhY3VsdFx1MDBlOSBkZSBjaGltaWUiLCJjdXJyZW50X2NvZGVfeWVhciI6MjAxNiwiaXNfc3Bvb2ZlZF91c2VyIjpmYWxzZX0=",
    "expire_date": "2017-02-21T17:41:00.357Z"
  }
},
{
  "pk": "bhk8srlktgmalihzem9vv1y5oyiz46gq",
  "model": "sessions.session",
  "fields": {
    "session_data": "YmQ3YzZlYzc5NWRiZTg2ZjU3ODBiODdhOGQxNWZjNWY5MzQzNmZkYjp7Il9hdXRoX3VzZXJfYmFja2VuZCI6ImRqYW5nb19jYXMuYmFja2VuZHMuQ0FTQmFja2VuZCIsImN1cnJlbnRfY29kZV95ZWFyIjoyMDE1LCJ2aXNpdGVkX2NtcF9sYWJlbCI6IlRvdXRlcyBjb21wb3NhbnRlcyIsIl9hdXRoX3VzZXJfaWQiOiIxIiwidmlzaXRlZF9jbXBfaWQiOm51bGwsIl9hdXRoX3VzZXJfaGFzaCI6IjdmZmY4NTFhZGQ4MmE3YzU1NjViODRkY2MyNTUxMzM3YmU4OGNjNTEiLCJjdXJyZW50X3llYXIiOiJBbm5cdTAwZTllIHVuaXZlcnNpdGFpcmUgMjAxNS8yMDE2IiwidmlzaXRlZF9jbXAiOm51bGx9",
    "expire_date": "2016-12-06T10:12:04.658Z"
  }
},
{
  "pk": "ddtj8akloll72dj8rc9nkv32ktclnwku",
  "model": "sessions.session",
  "fields": {
    "session_data": "MDk5MzQ3NjFhMGU4OWE3NmVlZTA1YTQ2ZDQ1YTBiZjYzOTkzOTFmZDp7Il9hdXRoX3VzZXJfaWQiOiIxIiwiX2F1dGhfdXNlcl9oYXNoIjoiN2ZmZjg1MWFkZDgyYTdjNTU2NWI4NGRjYzI1NTEzMzdiZTg4Y2M1MSIsIl9hdXRoX3VzZXJfYmFja2VuZCI6ImRqYW5nb19jYXMuYmFja2VuZHMuQ0FTQmFja2VuZCJ9",
    "expire_date": "2016-12-15T08:52:19.952Z"
  }
},
{
  "pk": "dm0ppzy6j7wnrwij30xtsmhqj2nu39yj",
  "model": "sessions.session",
  "fields": {
    "session_data": "NzNlNTAyZDNkMTA4YmE0NDdmN2VhNGJjMzE5YzgxM2IyNDYwYzljNTp7Il9hdXRoX3VzZXJfaGFzaCI6IjdmZmY4NTFhZGQ4MmE3YzU1NjViODRkY2MyNTUxMzM3YmU4OGNjNTEiLCJfYXV0aF91c2VyX2lkIjoiMSIsIl9hdXRoX3VzZXJfYmFja2VuZCI6ImRqYW5nb19jYXMuYmFja2VuZHMuQ0FTQmFja2VuZCJ9",
    "expire_date": "2016-11-29T09:09:24.718Z"
  }
},
{
  "pk": "fhceq04jtl068wnj5lh1ftfy0h5uyxui",
  "model": "sessions.session",
  "fields": {
    "session_data": "ZmFmMWQ3ZWJmZjU0MTZiMDc0ZjJiNGVmYzUzMDk0ZWViZTRiOWM2Njp7ImN1cnJlbnRfY29kZV95ZWFyIjoyMDE2LCJpc19zcG9vZmVkX3VzZXIiOnRydWUsIl9hdXRoX3VzZXJfaGFzaCI6IjdmZmY4NTFhZGQ4MmE3YzU1NjViODRkY2MyNTUxMzM3YmU4OGNjNTEiLCJfYXV0aF91c2VyX2JhY2tlbmQiOiJkamFuZ29fY2FzLmJhY2tlbmRzLkNBU0JhY2tlbmQiLCJjdXJyZW50X3llYXIiOiJBbm5cdTAwZTllIHVuaXZlcnNpdGFpcmUgMjAxNi8yMDE3IiwiX2F1dGhfdXNlcl9pZCI6IjU1IiwicmVhbF91c2VybmFtZSI6ImJhZ3VldCJ9",
    "expire_date": "2017-01-25T10:24:17.229Z"
  }
},
{
  "pk": "guwfdze29lzhlurb2ut3wljekkx6eino",
  "model": "sessions.session",
  "fields": {
    "session_data": "ZGEwZWYxYTZjYjU5MDdjZjUwNzQ4NDk3YzVkNmFjMTk2NGIyMjVkMTp7ImN1cnJlbnRfY29kZV95ZWFyIjoyMDE2LCJjdXJyZW50X3llYXIiOiJBbm5cdTAwZTllIHVuaXZlcnNpdGFpcmUgMjAxNi8yMDE3IiwiX2F1dGhfdXNlcl9oYXNoIjoiNzU4ZGViYTViYTY2YzBmZDM5N2UzYWJmNzEzZDEwMGU1MTNmODY1NyIsIl9hdXRoX3VzZXJfaWQiOiIyMDciLCJ2aXNpdGVkX3J1bGUiOjIxMywiX2F1dGhfdXNlcl9iYWNrZW5kIjoiZGphbmdvX2Nhcy5iYWNrZW5kcy5DQVNCYWNrZW5kIiwidmlzaXRlZF9jbXBfbGFiZWwiOiJGYWN1bHRcdTAwZTkgZGUgY2hpbWllIiwiaXNfc3Bvb2ZlZF91c2VyIjpmYWxzZSwidmlzaXRlZF9jbXBfaWQiOjI4LCJ2aXNpdGVkX2NtcCI6IkNITSIsInJlYWxfdXNlcm5hbWUiOiJjaGluZXR0aSJ9",
    "expire_date": "2017-01-19T13:13:43.720Z"
  }
},
{
  "pk": "j7l0l8dj1njopog0db2zbzu6kj79w162",
  "model": "sessions.session",
  "fields": {
    "session_data": "ZmFhODk2NjI0MWNiNWViMTk2NjJhNTI2ZDdiZDJhYTFmZjI4OWQ4ZTp7Il9hdXRoX3VzZXJfYmFja2VuZCI6ImRqYW5nb19jYXMuYmFja2VuZHMuQ0FTQmFja2VuZCIsImN1cnJlbnRfY29kZV95ZWFyIjoyMDE2LCJ2aXNpdGVkX2NtcCI6IkNITSIsImN1cnJlbnRfeWVhciI6IkFublx1MDBlOWUgdW5pdmVyc2l0YWlyZSAyMDE2LzIwMTciLCJ2aXNpdGVkX2NtcF9pZCI6MjgsIl9hdXRoX3VzZXJfaWQiOiIxIiwiX2F1dGhfdXNlcl9oYXNoIjoiN2ZmZjg1MWFkZDgyYTdjNTU2NWI4NGRjYzI1NTEzMzdiZTg4Y2M1MSIsInZpc2l0ZWRfY21wX2xhYmVsIjoiRmFjdWx0XHUwMGU5IGRlIGNoaW1pZSIsImxpc3RfdHJhaW5pbmciOmZhbHNlfQ==",
    "expire_date": "2017-03-14T14:26:39.433Z"
  }
},
{
  "pk": "k5jw83ch5ek84lw3b0ivu94kmj5rt744",
  "model": "sessions.session",
  "fields": {
    "session_data": "ZjAxMDFiOTRlMDM5MmZlMmFhMjE1ZDIzNDU1ZDcwNDc2ZmUwMTI2Zjp7ImN1cnJlbnRfeWVhciI6IkFublx1MDBlOWUgdW5pdmVyc2l0YWlyZSAyMDE2LzIwMTciLCJfYXV0aF91c2VyX2JhY2tlbmQiOiJkamFuZ29fY2FzLmJhY2tlbmRzLkNBU0JhY2tlbmQiLCJfYXV0aF91c2VyX2lkIjoiMjA3IiwiX2F1dGhfdXNlcl9oYXNoIjoiNzU4ZGViYTViYTY2YzBmZDM5N2UzYWJmNzEzZDEwMGU1MTNmODY1NyIsImlzX3Nwb29mZWRfdXNlciI6ZmFsc2UsImN1cnJlbnRfY29kZV95ZWFyIjoyMDE2fQ==",
    "expire_date": "2017-01-27T09:33:00.671Z"
  }
},
{
  "pk": "lpie56c8ec95dgsq26ks979rdnf0h6sy",
  "model": "sessions.session",
  "fields": {
    "session_data": "MTg0NjE2YzY2ODE4N2Q5MWU2NTE5ZmFkMTdjMDRhODY0YTUxODk1Njp7InZpc2l0ZWRfY21wX2lkIjoyOCwidmlzaXRlZF9jbXAiOiJDSE0iLCJjdXJyZW50X2NvZGVfeWVhciI6MjAxNSwiX2F1dGhfdXNlcl9pZCI6IjIwNyIsImN1cnJlbnRfeWVhciI6IkFublx1MDBlOWUgdW5pdmVyc2l0YWlyZSAyMDE1LzIwMTYiLCJ2aXNpdGVkX2NtcF9sYWJlbCI6IkZhY3VsdFx1MDBlOSBkZSBjaGltaWUiLCJpc19zcG9vZmVkX3VzZXIiOmZhbHNlLCJfYXV0aF91c2VyX2hhc2giOiI3NThkZWJhNWJhNjZjMGZkMzk3ZTNhYmY3MTNkMTAwZTUxM2Y4NjU3IiwiX2F1dGhfdXNlcl9iYWNrZW5kIjoiZGphbmdvX2Nhcy5iYWNrZW5kcy5DQVNCYWNrZW5kIn0=",
    "expire_date": "2016-12-05T15:37:31.335Z"
  }
},
{
  "pk": "luv03digo3mdhcg62mrvbyd52tv2vg1j",
  "model": "sessions.session",
  "fields": {
    "session_data": "NDc4ZTVkNDkwMWI1NDRkZDhiZTQzMmQ3OWJhYmMzNDljM2M4OTQ0NTp7Il9hdXRoX3VzZXJfYmFja2VuZCI6ImRqYW5nb19jYXMuYmFja2VuZHMuQ0FTQmFja2VuZCIsIl9hdXRoX3VzZXJfaWQiOiIyMjAiLCJjdXJyZW50X3llYXIiOiJBbm5cdTAwZTllIHVuaXZlcnNpdGFpcmUgMjAxNS8yMDE2IiwiY3VycmVudF9jb2RlX3llYXIiOjIwMTUsIl9hdXRoX3VzZXJfaGFzaCI6ImU4NjEzMzY1MzUzZWZjMDQ5OTM1ZGY4ZjU0MmExMmVmMWFjZjhjNzEifQ==",
    "expire_date": "2016-11-29T09:10:50.347Z"
  }
},
{
  "pk": "mfmqdlouiuqgw4taqsq436jni8jpqkrz",
  "model": "sessions.session",
  "fields": {
    "session_data": "NWQxZjE0MDNmMGIwNTkwY2Q2MTcwMDUyMWM5NzBhODVkM2UzMThmNTp7Il9hdXRoX3VzZXJfaGFzaCI6IjdmZmY4NTFhZGQ4MmE3YzU1NjViODRkY2MyNTUxMzM3YmU4OGNjNTEiLCJ2aXNpdGVkX2NtcF9sYWJlbCI6IlRvdXRlcyBjb21wb3NhbnRlcyIsInZpc2l0ZWRfY21wX2lkIjpudWxsLCJfYXV0aF91c2VyX2JhY2tlbmQiOiJkamFuZ29fY2FzLmJhY2tlbmRzLkNBU0JhY2tlbmQiLCJjdXJyZW50X3llYXIiOiJBbm5cdTAwZTllIHVuaXZlcnNpdGFpcmUgMjAxNi8yMDE3IiwiY3VycmVudF9jb2RlX3llYXIiOjIwMTYsInZpc2l0ZWRfY21wIjpudWxsLCJpc19zcG9vZmVkX3VzZXIiOmZhbHNlLCJfYXV0aF91c2VyX2lkIjoiMSJ9",
    "expire_date": "2017-01-24T13:21:55.374Z"
  }
},
{
  "pk": "mpzdig01pxh5txrmccmo9f8v3tgs73ha",
  "model": "sessions.session",
  "fields": {
    "session_data": "NDljNzIxMWUzODZkOThmYzJiNzRkYzIzZTFiYTVlOGJmYWM5OTVkZjp7InZpc2l0ZWRfY21wIjoiQ0hNIiwidmlzaXRlZF9jbXBfaWQiOjI4LCJfYXV0aF91c2VyX2JhY2tlbmQiOiJkamFuZ29fY2FzLmJhY2tlbmRzLkNBU0JhY2tlbmQiLCJ2aXNpdGVkX2NtcF9sYWJlbCI6IkZhY3VsdFx1MDBlOSBkZSBjaGltaWUiLCJjdXJyZW50X3llYXIiOiJBbm5cdTAwZTllIHVuaXZlcnNpdGFpcmUgMjAxNS8yMDE2IiwiX2F1dGhfdXNlcl9oYXNoIjoiNzU4ZGViYTViYTY2YzBmZDM5N2UzYWJmNzEzZDEwMGU1MTNmODY1NyIsImN1cnJlbnRfY29kZV95ZWFyIjoyMDE1LCJfYXV0aF91c2VyX2lkIjoiMjA3In0=",
    "expire_date": "2016-12-26T10:18:20.910Z"
  }
},
{
  "pk": "mzkt1w9kftwdzojmad9i15zkk6xv8jq8",
  "model": "sessions.session",
  "fields": {
    "session_data": "YWRlNDYwZmQ0OGVjN2NkYThkYTYzNzU4NjE1YWQ5Y2NmYzJlZTUwNjp7InZpc2l0ZWRfY21wIjoiQ0hNIiwiX2F1dGhfdXNlcl9pZCI6IjU1IiwicmVhbF91c2VybmFtZSI6ImIucGluYXJkIiwidmlzaXRlZF9jbXBfaWQiOjI4LCJ2aXNpdGVkX2NtcF9sYWJlbCI6IkZhY3VsdFx1MDBlOSBkZSBjaGltaWUiLCJfYXV0aF91c2VyX2JhY2tlbmQiOiJkamFuZ29fY2FzLmJhY2tlbmRzLkNBU0JhY2tlbmQiLCJpc19zcG9vZmVkX3VzZXIiOnRydWUsIl9hdXRoX3VzZXJfaGFzaCI6IjdmZmY4NTFhZGQ4MmE3YzU1NjViODRkY2MyNTUxMzM3YmU4OGNjNTEiLCJjdXJyZW50X3llYXIiOiJBbm5cdTAwZTllIHVuaXZlcnNpdGFpcmUgMjAxNS8yMDE2IiwiY3VycmVudF9jb2RlX3llYXIiOjIwMTV9",
    "expire_date": "2016-12-02T10:35:54.414Z"
  }
},
{
  "pk": "olgfzz2r7atqd16t4hj0ke7g5ao2bec3",
  "model": "sessions.session",
  "fields": {
    "session_data": "YmVmMDBhYTg2M2ZjNmJhMGZmZThkMjAzMTlkYzQzYzEyN2JmOWMyNjp7Il9hdXRoX3VzZXJfaWQiOiI0IiwiX2F1dGhfdXNlcl9oYXNoIjoiN2ZmZjg1MWFkZDgyYTdjNTU2NWI4NGRjYzI1NTEzMzdiZTg4Y2M1MSIsIl9hdXRoX3VzZXJfYmFja2VuZCI6ImRqYW5nb19jYXMuYmFja2VuZHMuQ0FTQmFja2VuZCIsImN1cnJlbnRfeWVhciI6IkFublx1MDBlOWUgdW5pdmVyc2l0YWlyZSAyMDE1LzIwMTYiLCJ2aXNpdGVkX3J1bGUiOjIsImN1cnJlbnRfY29kZV95ZWFyIjoyMDE1fQ==",
    "expire_date": "2016-12-16T08:52:58.041Z"
  }
},
{
  "pk": "pjhsjnpgbeu7pq0vhvijhfis9uzcbati",
  "model": "sessions.session",
  "fields": {
    "session_data": "ZmQ0MDIxODIzMTFiZThlZjYzNDUxYzVlNWI5NTAwM2U4OGM0YTQwZDp7Il9hdXRoX3VzZXJfaWQiOiIxIiwiY3VycmVudF95ZWFyIjoiQW5uXHUwMGU5ZSB1bml2ZXJzaXRhaXJlIDIwMTYvMjAxNyIsInZpc2l0ZWRfY21wIjoiQ0hNIiwiX2F1dGhfdXNlcl9oYXNoIjoiN2ZmZjg1MWFkZDgyYTdjNTU2NWI4NGRjYzI1NTEzMzdiZTg4Y2M1MSIsImxpc3RfdHJhaW5pbmciOmZhbHNlLCJfYXV0aF91c2VyX2JhY2tlbmQiOiJkamFuZ29fY2FzLmJhY2tlbmRzLkNBU0JhY2tlbmQiLCJjdXJyZW50X2NvZGVfeWVhciI6MjAxNiwidmlzaXRlZF9jbXBfaWQiOjI4LCJ2aXNpdGVkX2NtcF9sYWJlbCI6IkZhY3VsdFx1MDBlOSBkZSBjaGltaWUifQ==",
    "expire_date": "2017-03-01T10:45:50.644Z"
  }
},
{
  "pk": "pum14hink2dfnih6r3wrfr6wn6ybvk7x",
  "model": "sessions.session",
  "fields": {
    "session_data": "MThlMGQ4YWRjODViZGMzOGVmNDM1NzZkZTk2YzliMmEyYzA1OGRlODp7Il9hdXRoX3VzZXJfaWQiOiIyMjEiLCJ2aXNpdGVkX2NtcF9pZCI6MjgsInZpc2l0ZWRfY21wIjoiQ0hNIiwiX2F1dGhfdXNlcl9oYXNoIjoiYTA2ZDc4OTgyYzRhNGU0MTJjM2I5MWQ2MTE3ZTI4MmI1MGU3ZmIxZCIsImlzX3Nwb29mZWRfdXNlciI6ZmFsc2UsInZpc2l0ZWRfY21wX2xhYmVsIjoiRmFjdWx0XHUwMGU5IGRlIGNoaW1pZSIsImN1cnJlbnRfeWVhciI6IkFublx1MDBlOWUgdW5pdmVyc2l0YWlyZSAyMDE2LzIwMTciLCJfYXV0aF91c2VyX2JhY2tlbmQiOiJkamFuZ29fY2FzLmJhY2tlbmRzLkNBU0JhY2tlbmQiLCJjdXJyZW50X2NvZGVfeWVhciI6MjAxNn0=",
    "expire_date": "2016-12-26T09:52:41.185Z"
  }
},
{
  "pk": "rlqh71y5ckrn2f0qwl67zyzbclo7b3zy",
  "model": "sessions.session",
  "fields": {
    "session_data": "NmFmMzVmNTYyZWVkZmI1NDZlZGNiMDRlYzczNGRlMTg0MzA5MDQ5MDp7InZpc2l0ZWRfY21wX2lkIjoyOCwiY3VycmVudF9jb2RlX3llYXIiOjIwMTUsInZpc2l0ZWRfY21wIjoiQ0hNIiwiX2F1dGhfdXNlcl9pZCI6IjIyMSIsImN1cnJlbnRfeWVhciI6IkFublx1MDBlOWUgdW5pdmVyc2l0YWlyZSAyMDE1LzIwMTYiLCJ2aXNpdGVkX2NtcF9sYWJlbCI6IkZhY3VsdFx1MDBlOSBkZSBjaGltaWUiLCJfYXV0aF91c2VyX2hhc2giOiJhMDZkNzg5ODJjNGE0ZTQxMmMzYjkxZDYxMTdlMjgyYjUwZTdmYjFkIiwiX2F1dGhfdXNlcl9iYWNrZW5kIjoiZGphbmdvX2Nhcy5iYWNrZW5kcy5DQVNCYWNrZW5kIn0=",
    "expire_date": "2016-12-05T12:46:58.401Z"
  }
},
{
  "pk": "szg9q3jzzupf6y9axwunf90gnhr11x7p",
  "model": "sessions.session",
  "fields": {
    "session_data": "ZmM3N2UxMzM2ZmU3YTZhNGQ1ZWRiYzljNzNjNTE3OWI1Mjk2YTg0MTp7ImN1cnJlbnRfY29kZV95ZWFyIjoyMDE1LCJ2aXNpdGVkX2NtcCI6bnVsbCwiX2F1dGhfdXNlcl9pZCI6IjEiLCJ2aXNpdGVkX2NtcF9pZCI6bnVsbCwiY3VycmVudF95ZWFyIjoiQW5uXHUwMGU5ZSB1bml2ZXJzaXRhaXJlIDIwMTUvMjAxNiIsInZpc2l0ZWRfY21wX2xhYmVsIjoiVG91dGVzIGNvbXBvc2FudGVzIiwiaXNfc3Bvb2ZlZF91c2VyIjpmYWxzZSwiX2F1dGhfdXNlcl9oYXNoIjoiN2ZmZjg1MWFkZDgyYTdjNTU2NWI4NGRjYzI1NTEzMzdiZTg4Y2M1MSIsIl9hdXRoX3VzZXJfYmFja2VuZCI6ImRqYW5nb19jYXMuYmFja2VuZHMuQ0FTQmFja2VuZCJ9",
    "expire_date": "2016-12-02T16:15:33.725Z"
  }
},
{
  "pk": "uf6lk02nm7lavqi84lz3mjnexpbl0vyu",
  "model": "sessions.session",
  "fields": {
    "session_data": "NjQxMDc1M2QzNjBlMTJiOGI4M2E0ZmM0NTQwMjQyNGZhZWM2NjUyNDp7Il9hdXRoX3VzZXJfaGFzaCI6IjdmZmY4NTFhZGQ4MmE3YzU1NjViODRkY2MyNTUxMzM3YmU4OGNjNTEiLCJfYXV0aF91c2VyX2JhY2tlbmQiOiJkamFuZ29fY2FzLmJhY2tlbmRzLkNBU0JhY2tlbmQiLCJfYXV0aF91c2VyX2lkIjoiMSJ9",
    "expire_date": "2016-12-07T13:09:23.840Z"
  }
},
{
  "pk": "uv43rgotvdqx3xodouonyokih7h5vg8l",
  "model": "sessions.session",
  "fields": {
    "session_data": "YWRjM2E1MTc1NjA2ZGYyZTlmOGFmMTE3NDQ1YjAxYjY2YjM4MDFlZjp7Il9hdXRoX3VzZXJfaWQiOiI0IiwiY3VycmVudF95ZWFyIjoiQW5uXHUwMGU5ZSB1bml2ZXJzaXRhaXJlIDIwMTYvMjAxNyIsIl9hdXRoX3VzZXJfaGFzaCI6IjdmZmY4NTFhZGQ4MmE3YzU1NjViODRkY2MyNTUxMzM3YmU4OGNjNTEiLCJpc19zcG9vZmVkX3VzZXIiOmZhbHNlLCJfYXV0aF91c2VyX2JhY2tlbmQiOiJkamFuZ29fY2FzLmJhY2tlbmRzLkNBU0JhY2tlbmQiLCJjdXJyZW50X2NvZGVfeWVhciI6MjAxNn0=",
    "expire_date": "2017-03-13T10:13:33.542Z"
  }
},
{
  "pk": "v4z0b96tg2idx1cydj5qi69qulmoas3m",
  "model": "sessions.session",
  "fields": {
    "session_data": "ZDczNmNlOWUxN2ViYjRmMTk3ZWNiNWFlYWQ3OWM1YTdlYmI2ZjAwZjp7Il9hdXRoX3VzZXJfaGFzaCI6IjdmZmY4NTFhZGQ4MmE3YzU1NjViODRkY2MyNTUxMzM3YmU4OGNjNTEiLCJjdXJyZW50X2NvZGVfeWVhciI6MjAxNiwiY3VycmVudF95ZWFyIjoiQW5uXHUwMGU5ZSB1bml2ZXJzaXRhaXJlIDIwMTYvMjAxNyIsIl9hdXRoX3VzZXJfYmFja2VuZCI6ImRqYW5nb19jYXMuYmFja2VuZHMuQ0FTQmFja2VuZCIsInZpc2l0ZWRfY21wX2xhYmVsIjoiRmFjdWx0XHUwMGU5IGRlIGNoaW1pZSIsInZpc2l0ZWRfY21wX2lkIjoyOCwidmlzaXRlZF9jbXAiOiJDSE0iLCJfYXV0aF91c2VyX2lkIjoiMSJ9",
    "expire_date": "2016-12-23T14:35:12.728Z"
  }
},
{
  "pk": "xe2x69n4oemoa4lmyg8dini79q425nyl",
  "model": "sessions.session",
  "fields": {
    "session_data": "M2ZhMzA4MTdkNTZmNDA0YTUwMmZiYzAzNjVjNTFiMGIzMDZlNDU1ZTp7Il9hdXRoX3VzZXJfaWQiOiIyMTkiLCJ2aXNpdGVkX2NtcCI6IkNITSIsInZpc2l0ZWRfY21wX2lkIjoyOCwiY3VycmVudF95ZWFyIjoiQW5uXHUwMGU5ZSB1bml2ZXJzaXRhaXJlIDIwMTUvMjAxNiIsInZpc2l0ZWRfY21wX2xhYmVsIjoiRmFjdWx0XHUwMGU5IGRlIGNoaW1pZSIsIl9hdXRoX3VzZXJfYmFja2VuZCI6ImRqYW5nb19jYXMuYmFja2VuZHMuQ0FTQmFja2VuZCIsIl9hdXRoX3VzZXJfaGFzaCI6IjZhMTdjNzE0YTUxMDBhY2EzZjljZGM5YTcxNTc4MTAyNzhkYzM4YzEiLCJjdXJyZW50X2NvZGVfeWVhciI6MjAxNX0=",
    "expire_date": "2016-11-29T14:17:17.315Z"
  }
},
{
  "pk": "xqvx9hoc8rhyr5pt0hk64qpvrafov5gg",
  "model": "sessions.session",
  "fields": {
    "session_data": "MmFmOGQ0ZTk0NGZjY2JkMWY3YjE4MTdkZTU2MzdmYjRhOGJkYWFjYjp7ImN1cnJlbnRfeWVhciI6IkFublx1MDBlOWUgdW5pdmVyc2l0YWlyZSAyMDE1LzIwMTYiLCJfYXV0aF91c2VyX2hhc2giOiI3NThkZWJhNWJhNjZjMGZkMzk3ZTNhYmY3MTNkMTAwZTUxM2Y4NjU3IiwicmVhbF91c2VybmFtZSI6ImNoaW5ldHRpIiwiaXNfc3Bvb2ZlZF91c2VyIjpmYWxzZSwidmlzaXRlZF9jbXAiOiJDSE0iLCJjdXJyZW50X2NvZGVfeWVhciI6MjAxNSwidmlzaXRlZF9jbXBfaWQiOjI4LCJfYXV0aF91c2VyX2lkIjoiMjA3IiwiX2F1dGhfdXNlcl9iYWNrZW5kIjoiZGphbmdvX2Nhcy5iYWNrZW5kcy5DQVNCYWNrZW5kIiwidmlzaXRlZF9jbXBfbGFiZWwiOiJGYWN1bHRcdTAwZTkgZGUgY2hpbWllIn0=",
    "expire_date": "2016-11-24T13:31:12.260Z"
  }
},
{
  "pk": "yq8dwa70cnnutp4txb7pkigs82zo7v5b",
  "model": "sessions.session",
  "fields": {
    "session_data": "MWUyYzRmNDU3NWM2ZDIzMTFjOGIzY2Y2MDkzZDFlNDEyNTFkMjRiMzp7ImN1cnJlbnRfY29kZV95ZWFyIjoyMDE1LCJfYXV0aF91c2VyX2JhY2tlbmQiOiJkamFuZ29fY2FzLmJhY2tlbmRzLkNBU0JhY2tlbmQiLCJfYXV0aF91c2VyX2hhc2giOiI3ZmZmODUxYWRkODJhN2M1NTY1Yjg0ZGNjMjU1MTMzN2JlODhjYzUxIiwiY3VycmVudF95ZWFyIjoiQW5uXHUwMGU5ZSB1bml2ZXJzaXRhaXJlIDIwMTUvMjAxNiIsIl9hdXRoX3VzZXJfaWQiOiIxIn0=",
    "expire_date": "2016-11-28T09:41:48.709Z"
  }
},
{
  "pk": "zhnl01hzsutv1agveonw29gu2oh49fvy",
  "model": "sessions.session",
  "fields": {
    "session_data": "NWQ4YWJkMzc4OWNhZjZkNzI3ZWU3YjVkNDZlMTY1MmZmNDljYTg5NTp7ImN1cnJlbnRfeWVhciI6IkFublx1MDBlOWUgdW5pdmVyc2l0YWlyZSAyMDE2LzIwMTciLCJfYXV0aF91c2VyX2JhY2tlbmQiOiJkamFuZ29fY2FzLmJhY2tlbmRzLkNBU0JhY2tlbmQiLCJfYXV0aF91c2VyX2lkIjoiNCIsIl9hdXRoX3VzZXJfaGFzaCI6IjdmZmY4NTFhZGQ4MmE3YzU1NjViODRkY2MyNTUxMzM3YmU4OGNjNTEiLCJpc19zcG9vZmVkX3VzZXIiOmZhbHNlLCJjdXJyZW50X2NvZGVfeWVhciI6MjAxNn0=",
    "expire_date": "2017-01-26T13:32:31.985Z"
  }
},
{
  "pk": "zl0p0ksk6hsn3a0aba6hgdkm5ka9dd5b",
  "model": "sessions.session",
  "fields": {
    "session_data": "ZTYzMDQ0NWQ3Yjc0M2FiM2I4NmMzYWZjNzVlZTkyMTgzNTExYWVjNTp7ImlzX3Nwb29mZWRfdXNlciI6dHJ1ZSwiY3VycmVudF9jb2RlX3llYXIiOjIwMTUsImN1cnJlbnRfeWVhciI6IkFublx1MDBlOWUgdW5pdmVyc2l0YWlyZSAyMDE1LzIwMTYiLCJyZWFsX3VzZXJuYW1lIjoiZWd1aWRhdCIsIl9hdXRoX3VzZXJfYmFja2VuZCI6ImRqYW5nb19jYXMuYmFja2VuZHMuQ0FTQmFja2VuZCIsIl9hdXRoX3VzZXJfaWQiOiIyMDciLCJfYXV0aF91c2VyX2hhc2giOiI3NThkZWJhNWJhNjZjMGZkMzk3ZTNhYmY3MTNkMTAwZTUxM2Y4NjU3In0=",
    "expire_date": "2016-12-29T10:19:44.762Z"
  }
},
{
  "pk": 1,
  "model": "sites.site",
  "fields": {
    "domain": "example.com",
    "name": "example.com"
  }
},
{
  "pk": "ST-1034495-vpOb9PEnmajO27Deq4AE-cas1",
  "model": "django_cas.sessionserviceticket",
  "fields": {
    "session_key": "uf6lk02nm7lavqi84lz3mjnexpbl0vyu"
  }
},
{
  "pk": "ST-1232280-ZgQpj9eZwuBelYwYeS7D-cas2",
  "model": "django_cas.sessionserviceticket",
  "fields": {
    "session_key": "0gs65oolec1miy9o9wqgvjmiph6o69ox"
  }
},
{
  "pk": "ST-1425761-BVsivORbzCNcPERezIKw-cas2",
  "model": "django_cas.sessionserviceticket",
  "fields": {
    "session_key": "ddtj8akloll72dj8rc9nkv32ktclnwku"
  }
},
{
  "pk": "ST-14330-E3NmczgAGM9dFJcCwcwU-cas2",
  "model": "django_cas.sessionserviceticket",
  "fields": {
    "session_key": "81lax3kedrmm4s6c96j83vq0w1x63hdj"
  }
},
{
  "pk": "ST-1475096-MIaCPCqyqDyP0XsIJemm-cas2",
  "model": "django_cas.sessionserviceticket",
  "fields": {
    "session_key": "0x5qr8r79k0adfm46c30rsunp9gp7lng"
  }
},
{
  "pk": "ST-1511862-dgfcvO29uyuDalO16dhR-cas2",
  "model": "django_cas.sessionserviceticket",
  "fields": {
    "session_key": "80tnpl6czz9r6ux4erhce7hq9sr3u1k1"
  }
},
{
  "pk": "ST-1580964-t5USiTgknsfC1KRg393W-cas2",
  "model": "django_cas.sessionserviceticket",
  "fields": {
    "session_key": "olgfzz2r7atqd16t4hj0ke7g5ao2bec3"
  }
},
{
  "pk": "ST-1722850-zHQtCHguTkmPDKMgXDfJ-cas2",
  "model": "django_cas.sessionserviceticket",
  "fields": {
    "session_key": "1zm7g5p4mqdosgsaepl6jmnfqlxkn593"
  }
},
{
  "pk": "ST-1748438-pgL9XQoMHgUWYNIDcfYX-cas2",
  "model": "django_cas.sessionserviceticket",
  "fields": {
    "session_key": "909w4an8wvveus156d5cwylro1wnb4dw"
  }
},
{
  "pk": "ST-176591-zZU5XK3dAs00ag7la4Ku-cas2",
  "model": "django_cas.sessionserviceticket",
  "fields": {
    "session_key": "yq8dwa70cnnutp4txb7pkigs82zo7v5b"
  }
},
{
  "pk": "ST-1946942-92kaVQ4xFKFZnBQhNsF0-cas2",
  "model": "django_cas.sessionserviceticket",
  "fields": {
    "session_key": "s6oaxd1dpnhgej77c762gvdo2vvjh4u5"
  }
},
{
  "pk": "ST-194984-GHnw4dCmKsYjAbLy4vRT-cas1",
  "model": "django_cas.sessionserviceticket",
  "fields": {
    "session_key": "3pjnd6vhm08gg5709ri37ykdkhoewr3d"
  }
},
{
  "pk": "ST-1950952-yx6kK3fcvhUZpqqd9RB0-cas2",
  "model": "django_cas.sessionserviceticket",
  "fields": {
    "session_key": "v4z0b96tg2idx1cydj5qi69qulmoas3m"
  }
},
{
  "pk": "ST-20606-Wo7eVP1THT4CvY72pMNq-cas2",
  "model": "django_cas.sessionserviceticket",
  "fields": {
    "session_key": "mpzdig01pxh5txrmccmo9f8v3tgs73ha"
  }
},
{
  "pk": "ST-2071463-eXn4RbzjPevSvxluFtT4-cas2",
  "model": "django_cas.sessionserviceticket",
  "fields": {
    "session_key": "mdxg1m59yknkj9n5tj8av4i1ff2wpesa"
  }
},
{
  "pk": "ST-2089020-kjnuq1B132SDPOtOXbZf-cas2",
  "model": "django_cas.sessionserviceticket",
  "fields": {
    "session_key": "bxq4c6xv7q2u4agv6k12pses97t95y9q"
  }
},
{
  "pk": "ST-210612-YrbKcR0GfuHM6N9xwEAV-cas1",
  "model": "django_cas.sessionserviceticket",
  "fields": {
    "session_key": "xqvx9hoc8rhyr5pt0hk64qpvrafov5gg"
  }
},
{
  "pk": "ST-210659-tYhvD2HerEOuicV3Nl2x-cas1",
  "model": "django_cas.sessionserviceticket",
  "fields": {
    "session_key": "u4sinwce005etkqgabgti14jq8ivt6qw"
  }
},
{
  "pk": "ST-2107282-NwGyb99Dtkmc25PfoWHK-cas2",
  "model": "django_cas.sessionserviceticket",
  "fields": {
    "session_key": "geh54623se3j1r4790q66es0ntci5gho"
  }
},
{
  "pk": "ST-210834-xeJoA7azioTaiK0VMdyO-cas1",
  "model": "django_cas.sessionserviceticket",
  "fields": {
    "session_key": "covuov70oth4shkgg8a7roippxkxsqmb"
  }
},
{
  "pk": "ST-211834-nODClZsAvohafWtxXV1k-cas1",
  "model": "django_cas.sessionserviceticket",
  "fields": {
    "session_key": "wbrv6ldln0mmf6p7s2tbd4iap7z9wvd3"
  }
},
{
  "pk": "ST-2192497-nVClJ5HQ9dXOiZVQfYbA-cas2",
  "model": "django_cas.sessionserviceticket",
  "fields": {
    "session_key": "4yq50gs4okwcdyfrxkw10xmgaj9xgadr"
  }
},
{
  "pk": "ST-2225753-46cubFIcfZOJzDz95eYj-cas2",
  "model": "django_cas.sessionserviceticket",
  "fields": {
    "session_key": "5rl7a8tfcrp2ywwwozspkg9io8o1af8m"
  }
},
{
  "pk": "ST-2303919-h6eNet7aAgIl0ZxrzuyK-cas2",
  "model": "django_cas.sessionserviceticket",
  "fields": {
    "session_key": "vxeziz053vsco2s20fcank6qpivmz4n0"
  }
},
{
  "pk": "ST-2309817-fmAKGcdoRQbrFAXMwfXj-cas2",
  "model": "django_cas.sessionserviceticket",
  "fields": {
    "session_key": "cx8q0xq5we9aqe6ux2bkojgpmvxs912v"
  }
},
{
  "pk": "ST-2321330-VpudZf3ujs3xktxf4gUa-cas2",
  "model": "django_cas.sessionserviceticket",
  "fields": {
    "session_key": "jbnx4dwj679tourukb1b4t94s7eiehem"
  }
},
{
  "pk": "ST-2567344-ZibYvF0q5RPEQJuQkI5a-cas2",
  "model": "django_cas.sessionserviceticket",
  "fields": {
    "session_key": "v7b8jbiv1eo5oqledk7a8bccyqz8eu8n"
  }
},
{
  "pk": "ST-25996-1Ef9DvdDxd1sb2jetLiE-cas2",
  "model": "django_cas.sessionserviceticket",
  "fields": {
    "session_key": "8a9jquyj17wj9lulwabtijhuthr48x7i"
  }
},
{
  "pk": "ST-275480-uSPbSLTU9McofRM9olvl-cas2",
  "model": "django_cas.sessionserviceticket",
  "fields": {
    "session_key": "k1ixukkzagtys3e7p1dss065zqyf3v0m"
  }
},
{
  "pk": "ST-289637-ZqbZrwi73eiQMXW2UU3Y-cas2",
  "model": "django_cas.sessionserviceticket",
  "fields": {
    "session_key": "xe2x69n4oemoa4lmyg8dini79q425nyl"
  }
},
{
  "pk": "ST-359054-kbzqip2oMd4Nlb9ZGesZ-cas2",
  "model": "django_cas.sessionserviceticket",
  "fields": {
    "session_key": "opputllflvov6tjvamtjkish2dk4c3rr"
  }
},
{
  "pk": "ST-362675-dLmGf3iIlUBqsCXwIg9y-cas1",
  "model": "django_cas.sessionserviceticket",
  "fields": {
    "session_key": "2aqvu42kbqq7qgaux4452xy3s1u4xtoo"
  }
},
{
  "pk": "ST-364409-lQkPAvF5b2H4R9Aa7Uka-cas1",
  "model": "django_cas.sessionserviceticket",
  "fields": {
    "session_key": "dcqs7zjumbxtm5h3c6c10vhxyujpnz5h"
  }
},
{
  "pk": "ST-369285-UvcvlaDtqrFbpE4hTI2D-cas1",
  "model": "django_cas.sessionserviceticket",
  "fields": {
    "session_key": "920e440z38q96kj0j6yewvy5532hx3af"
  }
},
{
  "pk": "ST-379117-QCVY92lgNM10PaHEkNZr-cas1",
  "model": "django_cas.sessionserviceticket",
  "fields": {
    "session_key": "69i9vwyp4ykculi0by9ecn48wmt7q7bd"
  }
},
{
  "pk": "ST-381104-lXe0bik3YDBkZEV3mEMP-cas1",
  "model": "django_cas.sessionserviceticket",
  "fields": {
    "session_key": "j7l0l8dj1njopog0db2zbzu6kj79w162"
  }
},
{
  "pk": "ST-434223-iv2LhazMryB5AAyu1LRD-cas1",
  "model": "django_cas.sessionserviceticket",
  "fields": {
    "session_key": "sbg3b6y0h1ti3x7hiiqnoep1s4vfvvuv"
  }
},
{
  "pk": "ST-434388-gX3oFieTGJPyJeuBo4LT-cas1",
  "model": "django_cas.sessionserviceticket",
  "fields": {
    "session_key": "ljb48iyw179pyqc6ius07e05q0jt0eqz"
  }
},
{
  "pk": "ST-441127-0Zm0HovRwqgwqkpOkTBB-cas1",
  "model": "django_cas.sessionserviceticket",
  "fields": {
    "session_key": "6ouc11f88pfp7i00e4hrfakjypz1jaga"
  }
},
{
  "pk": "ST-442777-fkehlu5CXzOWeIgVA5cW-cas1",
  "model": "django_cas.sessionserviceticket",
  "fields": {
    "session_key": "njr0d0a693qc07s0ueftbxkyzepiig4z"
  }
},
{
  "pk": "ST-451765-naF1R0JuIqMQDJoauskm-cas1",
  "model": "django_cas.sessionserviceticket",
  "fields": {
    "session_key": "j866vigluax2wis9j9xil7qefuahonkx"
  }
},
{
  "pk": "ST-452720-EQjeFI6RqN5aMaTJr5Bu-cas1",
  "model": "django_cas.sessionserviceticket",
  "fields": {
    "session_key": "4224t49dpxnm1tdmsrgj3n3qce74xzk3"
  }
},
{
  "pk": "ST-456392-acNGKNtYa1gAbRZfw0p4-cas1",
  "model": "django_cas.sessionserviceticket",
  "fields": {
    "session_key": "dm0ppzy6j7wnrwij30xtsmhqj2nu39yj"
  }
},
{
  "pk": "ST-456541-2efAD49Yx7EpnQPWOPJM-cas1",
  "model": "django_cas.sessionserviceticket",
  "fields": {
    "session_key": "luv03digo3mdhcg62mrvbyd52tv2vg1j"
  }
},
{
  "pk": "ST-457636-MpTdsa9hZwQchA4VfeC1-cas1",
  "model": "django_cas.sessionserviceticket",
  "fields": {
    "session_key": "g9f9ypze66qnt68ipm64hw6l37tmw5at"
  }
},
{
  "pk": "ST-457906-9fkjvqrb7jwOb6hAFQSl-cas1",
  "model": "django_cas.sessionserviceticket",
  "fields": {
    "session_key": "6pn9yuk5ffvq1honllszocle5nnwuseb"
  }
},
{
  "pk": "ST-497372-cCgQfSLPULHKnEOzgBfc-cas2",
  "model": "django_cas.sessionserviceticket",
  "fields": {
    "session_key": "82wcvm93gybpo5pqcttaex60ynxc2ynv"
  }
},
{
  "pk": "ST-503662-FuLaddxzXbGV2PkxSBld-cas2",
  "model": "django_cas.sessionserviceticket",
  "fields": {
    "session_key": "i6klcg9gidm7t444ckuik3l42d79ydf8"
  }
},
{
  "pk": "ST-516268-VKxA6qzkHNyEkjBh3c4W-cas2",
  "model": "django_cas.sessionserviceticket",
  "fields": {
    "session_key": "klbps4a6dxnl875cq2hw76lwtlvgz25j"
  }
},
{
  "pk": "ST-527874-fKvOXkyCicJqKgKUiG4Z-cas1",
  "model": "django_cas.sessionserviceticket",
  "fields": {
    "session_key": "xmgva25yclvbho0uts72siwe8061i5he"
  }
},
{
  "pk": "ST-528593-PY3oxWbWt6b0BinSUQ1j-cas2",
  "model": "django_cas.sessionserviceticket",
  "fields": {
    "session_key": "nb3oejkj1kjn2qiiax7qlbjyxy3uuojb"
  }
},
{
  "pk": "ST-542870-MzFNmml6QCsIEsW4abAr-cas1",
  "model": "django_cas.sessionserviceticket",
  "fields": {
    "session_key": "ypsyxirhm3whkce3649kmhvj61l54dp3"
  }
},
{
  "pk": "ST-563304-vG0SqZJWiyTKxmIaf10h-cas1",
  "model": "django_cas.sessionserviceticket",
  "fields": {
    "session_key": "a5zim5tdfn8f2j43smch3zfg5812l26f"
  }
},
{
  "pk": "ST-56959-dLJDLAi6gRUiVzba7RiF-cas2",
  "model": "django_cas.sessionserviceticket",
  "fields": {
    "session_key": "mvgrxkh12h6hmqjn39b6np1yqvqgkmh0"
  }
},
{
  "pk": "ST-5935-XsffNZgHWT0GMq0txeoR-cas2",
  "model": "django_cas.sessionserviceticket",
  "fields": {
    "session_key": "szt8sgwfhyeksrhsluknjj7wsdyy2cs2"
  }
},
{
  "pk": "ST-6011-pJ05DRBdENcd34w1D4Np-cas2",
  "model": "django_cas.sessionserviceticket",
  "fields": {
    "session_key": "9vv7lgzx4hrljunmpv57z3tgn8cau5wq"
  }
},
{
  "pk": "ST-6028-rrH5RsDwROvkYfyACvNL-cas2",
  "model": "django_cas.sessionserviceticket",
  "fields": {
    "session_key": "ellw6jur4u6zpomqovbpox4tmbyrnhnu"
  }
},
{
  "pk": "ST-65003-RKRkMbgPHvKDgjwfoePS-cas2",
  "model": "django_cas.sessionserviceticket",
  "fields": {
    "session_key": "qwelpygqjibx3wx11pj6uaq8g1bk2jjm"
  }
},
{
  "pk": "ST-668055-FJ5wub1VGM3YDIJo02Pd-cas2",
  "model": "django_cas.sessionserviceticket",
  "fields": {
    "session_key": "49kf0uwm5g9zyo6eh0nwbdwnu9n3uxin"
  }
},
{
  "pk": "ST-668182-6faAF2iqvI5o5FKLsQ6p-cas2",
  "model": "django_cas.sessionserviceticket",
  "fields": {
    "session_key": "ol4w1hst6psm1cj24w0aofhmzco2h4ig"
  }
},
{
  "pk": "ST-669093-va3Fgfyz9XOYWsbQwqxv-cas2",
  "model": "django_cas.sessionserviceticket",
  "fields": {
    "session_key": "rlqh71y5ckrn2f0qwl67zyzbclo7b3zy"
  }
},
{
  "pk": "ST-680201-1hTpczFbqb6EjfHKtoa0-cas2",
  "model": "django_cas.sessionserviceticket",
  "fields": {
    "session_key": "4dvvw8o53um9dk76uidwqwr5y9ywba0j"
  }
},
{
  "pk": "ST-71681-eaL2jiJq17zEBkb1Dtpy-cas1",
  "model": "django_cas.sessionserviceticket",
  "fields": {
    "session_key": "gh1v557kwto7yl7llo8evwk5phn9tbrw"
  }
},
{
  "pk": "ST-732718-TmATLmOuNkk4mIW4hmQg-cas2",
  "model": "django_cas.sessionserviceticket",
  "fields": {
    "session_key": "7iacmgnq2jp2t7waucker5whhf4143b7"
  }
},
{
  "pk": "ST-741528-ZnppxJ4c1TPl3tvOTbmp-cas2",
  "model": "django_cas.sessionserviceticket",
  "fields": {
    "session_key": "bhk8srlktgmalihzem9vv1y5oyiz46gq"
  }
},
{
  "pk": "ST-745728-h9v2ke47jjOpyHAaHyBW-cas2",
  "model": "django_cas.sessionserviceticket",
  "fields": {
    "session_key": "5e5cmu6xlw01w44q4hkjtbm12r4dgdji"
  }
},
{
  "pk": "ST-7800-kc05D9Bq4eVjDM0b2DiS-cas2",
  "model": "django_cas.sessionserviceticket",
  "fields": {
    "session_key": "sbtn5a0yislaf9ousk9o2jgrvu187pxz"
  }
},
{
  "pk": "ST-80117-As1tcRnkDSnNqVgzZxxn-cas1",
  "model": "django_cas.sessionserviceticket",
  "fields": {
    "session_key": "guwfdze29lzhlurb2ut3wljekkx6eino"
  }
},
{
  "pk": "ST-836238-crmcVFYGzW5dq2hHlLmo-cas2",
  "model": "django_cas.sessionserviceticket",
  "fields": {
    "session_key": "4r5g9w3j413o8fef5iq4p3xovb0j2ph8"
  }
},
{
  "pk": "ST-842518-ASdHPS1m3RRknK5jVX7M-cas2",
  "model": "django_cas.sessionserviceticket",
  "fields": {
    "session_key": "bz5ciyeyczvthe8rb362t6g5eft6s6zp"
  }
},
{
  "pk": "ST-869773-ec1LnOSoWL9N5l94k6t7-cas1",
  "model": "django_cas.sessionserviceticket",
  "fields": {
    "session_key": "ku319qp6nfot5g9l5xhnq6lj13yf4lw0"
  }
},
{
  "pk": "ST-934864-CE6xGhCWIbuEdk5lzhIB-cas1",
  "model": "django_cas.sessionserviceticket",
  "fields": {
    "session_key": "58exhmuvnaeoxyhfmvsbhitvvrn5kpiv"
  }
},
{
  "pk": "ST-94790-yCv6reXR6NhWRtrUnlOH-cas1",
  "model": "django_cas.sessionserviceticket",
  "fields": {
    "session_key": "hsjlsifv15y58np0h07un2at5ldws8gr"
  }
},
{
  "pk": "ST-96542-6X37sXw9hNJMcYz1sWud-cas2",
  "model": "django_cas.sessionserviceticket",
  "fields": {
    "session_key": "pjhsjnpgbeu7pq0vhvijhfis9uzcbati"
  }
},
{
  "pk": 2,
  "model": "commission.ecicommissionmember",
  "fields": {
    "member_type": "commission",
    "username": "v.fritsch",
    "first_name": "Valerie",
    "last_name": "Fritsch-Noirard(Fritsch)",
    "email": "v.fritsch@unistra.fr"
  }
},
{
  "pk": 3,
  "model": "commission.ecicommissionmember",
  "fields": {
    "member_type": "commission",
    "username": "gerb",
    "first_name": "Gilles",
    "last_name": "Erb",
    "email": "gerb@unistra.fr"
  }
},
{
  "pk": 8,
  "model": "commission.ecicommissionmember",
  "fields": {
    "member_type": "supply",
    "username": "ygerber",
    "first_name": "Yohan",
    "last_name": "Gerber",
    "email": "yohan.gerber@etu.unistra.fr"
  }
},
{
  "pk": 9,
  "model": "commission.ecicommissionmember",
  "fields": {
    "member_type": "commission",
    "username": "chargui",
    "first_name": "Mohamed",
    "last_name": "Chargui",
    "email": "chargui@unistra.fr"
  }
},
{
  "pk": 10,
  "model": "commission.ecicommissionmember",
  "fields": {
    "member_type": "commission",
    "username": "gauer",
    "first_name": "Francois",
    "last_name": "Gauer",
    "email": "gauer@inci-cnrs.unistra.fr"
  }
},
{
  "pk": 12,
  "model": "commission.ecicommissionmember",
  "fields": {
    "member_type": "commission",
    "username": "rschurhammer",
    "first_name": "Rachel",
    "last_name": "Schurhammer",
    "email": "rschurhammer@unistra.fr"
  }
},
{
  "pk": 13,
  "model": "commission.ecicommissionmember",
  "fields": {
    "member_type": "commission",
    "username": "planeix",
    "first_name": "Jean-Marc",
    "last_name": "Planeix",
    "email": "planeix@unistra.fr"
  }
},
{
  "pk": 1,
  "model": "degree.degreetype",
  "fields": {
    "is_in_use": true,
    "ROF_code": "DA",
    "short_label": "DAEU",
    "long_label": "Dipl\u00f4me d'acc\u00e8s aux \u00e9tudes universitaires",
    "display_order": 1
  }
},
{
  "pk": 2,
  "model": "degree.degreetype",
  "fields": {
    "is_in_use": true,
    "ROF_code": "AC",
    "short_label": "Capacit\u00e9 (Droit)",
    "long_label": "Capacit\u00e9",
    "display_order": 2
  }
},
{
  "pk": 3,
  "model": "degree.degreetype",
  "fields": {
    "is_in_use": true,
    "ROF_code": "DT",
    "short_label": "DUT",
    "long_label": "Dipl\u00f4me Universitaire de Technologie",
    "display_order": 3
  }
},
{
  "pk": 4,
  "model": "degree.degreetype",
  "fields": {
    "is_in_use": true,
    "ROF_code": "DE",
    "short_label": "DEUST",
    "long_label": "Dipl\u00f4me d'Etudes Universitaires Scientifiques et Techniques",
    "display_order": 4
  }
},
{
  "pk": 5,
  "model": "degree.degreetype",
  "fields": {
    "is_in_use": true,
    "ROF_code": "XA",
    "short_label": "Licence",
    "long_label": "Licence",
    "display_order": 5
  }
},
{
  "pk": 6,
  "model": "degree.degreetype",
  "fields": {
    "is_in_use": true,
    "ROF_code": "DP",
    "short_label": "Licence professionnelle",
    "long_label": "Licence professionnelle",
    "display_order": 6
  }
},
{
  "pk": 7,
  "model": "degree.degreetype",
  "fields": {
    "is_in_use": true,
    "ROF_code": "XB",
    "short_label": "Master",
    "long_label": "Master",
    "display_order": 7
  }
},
{
  "pk": 8,
  "model": "degree.degreetype",
  "fields": {
    "is_in_use": true,
    "ROF_code": "1",
    "short_label": "DU - Dipl\u00f4me d'Universit\u00e9",
    "long_label": "Dipl\u00f4me d'Universit\u00e9",
    "display_order": 20
  }
},
{
  "pk": 9,
  "model": "degree.degreetype",
  "fields": {
    "is_in_use": true,
    "ROF_code": "UF",
    "short_label": "ECOLE - Dipl\u00f4me d'ing\u00e9nieur",
    "long_label": "Dipl\u00f4me d'ing\u00e9nieur",
    "display_order": 30
  }
},
{
  "pk": 10,
  "model": "degree.degreetype",
  "fields": {
    "is_in_use": true,
    "ROF_code": "IE",
    "short_label": "ECOLE - Dipl\u00f4me IEP",
    "long_label": "Dipl\u00f4me de l'Institut d'Etudes Politiques",
    "display_order": 31
  }
},
{
  "pk": 11,
  "model": "degree.degreetype",
  "fields": {
    "is_in_use": true,
    "ROF_code": "GE",
    "short_label": "ECOLE - Dipl\u00f4me Grande Ecole",
    "long_label": "Dipl\u00f4me Grande Ecole",
    "display_order": 32
  }
},
{
  "pk": 12,
  "model": "degree.degreetype",
  "fields": {
    "is_in_use": true,
    "ROF_code": "EI",
    "short_label": "PREPA - Pr\u00e9paration Ecole Ing\u00e9nieur",
    "long_label": "Pr\u00e9paration Ecole d'ing\u00e9nieur",
    "display_order": 40
  }
},
{
  "pk": 13,
  "model": "degree.degreetype",
  "fields": {
    "is_in_use": true,
    "ROF_code": "PR",
    "short_label": "PREPA - Pr\u00e9paration aux concours ",
    "long_label": "Pr\u00e9paration aux concours",
    "display_order": 41
  }
},
{
  "pk": 14,
  "model": "degree.degreetype",
  "fields": {
    "is_in_use": true,
    "ROF_code": "PS",
    "short_label": "SANTE - PACES",
    "long_label": "Premi\u00e8re Ann\u00e9e Commune des Etudes de Sant\u00e9",
    "display_order": 50
  }
},
{
  "pk": 15,
  "model": "degree.degreetype",
  "fields": {
    "is_in_use": true,
    "ROF_code": "DF",
    "short_label": "SANTE - DFGS",
    "long_label": "Dipl\u00f4me de Formation G\u00e9n\u00e9rale en Sant\u00e9",
    "display_order": 51
  }
},
{
  "pk": 16,
  "model": "degree.degreetype",
  "fields": {
    "is_in_use": true,
    "ROF_code": "DS",
    "short_label": "SANTE - DFAS",
    "long_label": "Dipl\u00f4me de Formation Approfondie en Sant\u00e9",
    "display_order": 52
  }
},
{
  "pk": 17,
  "model": "degree.degreetype",
  "fields": {
    "is_in_use": true,
    "ROF_code": "FH",
    "short_label": "SANTE - Dipl\u00f4me d'Etat en Pharmacie",
    "long_label": "Dipl\u00f4me d'Etat de Docteur en Pharmacie",
    "display_order": 53
  }
},
{
  "pk": 18,
  "model": "degree.degreetype",
  "fields": {
    "is_in_use": true,
    "ROF_code": "DD",
    "short_label": "SANTE - Dipl\u00f4me d'Etat en Dentaire",
    "long_label": "Dipl\u00f4me d'Etat de Docteur en Dentaire",
    "display_order": 54
  }
},
{
  "pk": 19,
  "model": "degree.degreetype",
  "fields": {
    "is_in_use": true,
    "ROF_code": "IB",
    "short_label": "SANTE - Dipl\u00f4me d'Etat en M\u00e9decine",
    "long_label": "Dipl\u00f4me d'Etat de Docteur en M\u00e9decine",
    "display_order": 55
  }
},
{
  "pk": 20,
  "model": "degree.degreetype",
  "fields": {
    "is_in_use": true,
    "ROF_code": "DM",
    "short_label": "SANTE - DFMS",
    "long_label": "Dipl\u00f4me de Formation M\u00e9dicale Sp\u00e9cialis\u00e9e",
    "display_order": 56
  }
},
{
  "pk": 21,
  "model": "degree.degreetype",
  "fields": {
    "is_in_use": true,
    "ROF_code": "AP",
    "short_label": "SANTE - DFMSA",
    "long_label": "Dipl\u00f4me de  Formation M\u00e9dicale Sp\u00e9cialis\u00e9e Approfondie",
    "display_order": 57
  }
},
{
  "pk": 22,
  "model": "degree.degreetype",
  "fields": {
    "is_in_use": true,
    "ROF_code": "JB",
    "short_label": "SANTE - CECS (CECSMO)",
    "long_label": "Certificat d'\u00e9tudes cliniques sp\u00e9cialis\u00e9es",
    "display_order": 58
  }
},
{
  "pk": 23,
  "model": "degree.degreetype",
  "fields": {
    "is_in_use": true,
    "ROF_code": "KG",
    "short_label": "SANTE - Capacit\u00e9 Sant\u00e9",
    "long_label": "Capacit\u00e9",
    "display_order": 59
  }
},
{
  "pk": 24,
  "model": "degree.degreetype",
  "fields": {
    "is_in_use": true,
    "ROF_code": "SD",
    "short_label": "SANTE - CES dentaire",
    "long_label": "Certificat d'Etudes Sup\u00e9rieures dentaire",
    "display_order": 60
  }
},
{
  "pk": 25,
  "model": "degree.degreetype",
  "fields": {
    "is_in_use": true,
    "ROF_code": "CM",
    "short_label": "SANTE - CES m\u00e9decine",
    "long_label": "Certificat d'Etudes Sup\u00e9rieures m\u00e9decine",
    "display_order": 61
  }
},
{
  "pk": 26,
  "model": "degree.degreetype",
  "fields": {
    "is_in_use": true,
    "ROF_code": "",
    "short_label": "CATALOGUE OF NS",
    "long_label": "CATALOGUE enseignements NS",
    "display_order": 0
  }
},
{
  "pk": 1,
  "model": "degree.degree",
  "fields": {
    "is_used": true,
    "label": "Master - STS - Chimie - Agr\u00e9gation chimie",
    "degree_type": 7,
    "APOGEE_code": "CH015-232",
    "start_year": 2013,
    "end_year": 2017,
    "degree_type_label": "Master",
    "institutes": [
      28
    ],
    "ROF_code": ""
  }
},
{
  "pk": 2,
  "model": "degree.degree",
  "fields": {
    "is_used": true,
    "label": "Master - STS - Chimie - Chimie verte",
    "degree_type": 7,
    "APOGEE_code": "CH1G5-232",
    "start_year": 2013,
    "end_year": 2017,
    "degree_type_label": "Master",
    "institutes": [
      28
    ],
    "ROF_code": ""
  }
},
{
  "pk": 3,
  "model": "degree.degree",
  "fields": {
    "is_used": true,
    "label": "Licence - STS - Chimie",
    "degree_type": 5,
    "APOGEE_code": "CH103-401-232-233-234",
    "start_year": 2013,
    "end_year": 2017,
    "degree_type_label": "Licence",
    "institutes": [
      28
    ],
    "ROF_code": ""
  }
},
{
  "pk": 1,
  "model": "institute.academicfield",
  "fields": {
    "name": "Arts, Lettres, Langues"
  }
},
{
  "pk": 2,
  "model": "institute.academicfield",
  "fields": {
    "name": "Droit, \u00e9conomie, gestion et sciences politiques et sociales"
  }
},
{
  "pk": 3,
  "model": "institute.academicfield",
  "fields": {
    "name": "Sant\u00e9"
  }
},
{
  "pk": 4,
  "model": "institute.academicfield",
  "fields": {
    "name": "Sciences humaines et sociales"
  }
},
{
  "pk": 5,
  "model": "institute.academicfield",
  "fields": {
    "name": "Sciences, Technologies"
  }
},
{
  "pk": 1,
  "model": "institute.institute",
  "fields": {
    "ROF_support": false,
    "label": "Facult\u00e9 des arts",
    "scol_manager": [],
    "field": 1,
    "diretu": [],
    "is_on_duty": true,
    "ROF_code": "0672503G",
    "rac": null,
    "code": "ART",
    "id_dircomp": "LITZLER Pierre",
    "id_rac": "GROUT Nathalie",
    "dircomp": null
  }
},
{
  "pk": 2,
  "model": "institute.institute",
  "fields": {
    "ROF_support": true,
    "label": "Facult\u00e9 des langues et des cultures \u00e9trang\u00e8res",
    "scol_manager": [
      167,
      168
    ],
    "field": 1,
    "diretu": [
      172
    ],
    "is_on_duty": true,
    "ROF_code": "0671874Y",
    "rac": null,
    "code": "LVI",
    "id_dircomp": "GENTON Bernard",
    "id_rac": "LAHEURTE Micheline",
    "dircomp": null
  }
},
{
  "pk": 3,
  "model": "institute.institute",
  "fields": {
    "ROF_support": false,
    "label": "Facult\u00e9 des langues et sciences humaines appliqu\u00e9es (LSHA)",
    "scol_manager": [],
    "field": 1,
    "diretu": [],
    "is_on_duty": true,
    "ROF_code": "0672502F",
    "rac": null,
    "code": "LGA",
    "id_dircomp": "GRASS Thierry",
    "id_rac": "",
    "dircomp": null
  }
},
{
  "pk": 4,
  "model": "institute.institute",
  "fields": {
    "ROF_support": false,
    "label": "Facult\u00e9 des lettres",
    "scol_manager": [],
    "field": 1,
    "diretu": [
      166
    ],
    "is_on_duty": true,
    "ROF_code": "0671875Z",
    "rac": null,
    "code": "LET",
    "id_dircomp": "CHAPOT Frederic",
    "id_rac": "JUNG Claudine",
    "dircomp": null
  }
},
{
  "pk": 5,
  "model": "institute.institute",
  "fields": {
    "ROF_support": false,
    "label": "Centre d'\u00e9tudes internationales de la propri\u00e9t\u00e9 intellectuelle (CEIPI)",
    "scol_manager": [],
    "field": 2,
    "diretu": [],
    "is_on_duty": true,
    "ROF_code": "0671551X",
    "rac": null,
    "code": "CPI",
    "id_dircomp": "GEIGER Christophe",
    "id_rac": "THOMAS St\u00e9phane",
    "dircomp": null
  }
},
{
  "pk": 6,
  "model": "institute.institute",
  "fields": {
    "ROF_support": false,
    "label": "Centre universitaire d'enseignement du journalisme (CUEJ)",
    "scol_manager": [],
    "field": 2,
    "diretu": [],
    "is_on_duty": true,
    "ROF_code": "0671881F",
    "rac": null,
    "code": "CUJ",
    "id_dircomp": "GAUTHIER-BOOS Christine",
    "id_rac": "",
    "dircomp": null
  }
},
{
  "pk": 7,
  "model": "institute.institute",
  "fields": {
    "ROF_support": false,
    "label": "Ecole de management Strasbourg (EM)",
    "scol_manager": [],
    "field": 2,
    "diretu": [],
    "is_on_duty": true,
    "ROF_code": "0673015N",
    "rac": null,
    "code": "EMS",
    "id_dircomp": "",
    "id_rac": "",
    "dircomp": null
  }
},
{
  "pk": 8,
  "model": "institute.institute",
  "fields": {
    "ROF_support": false,
    "label": "Facult\u00e9 de droit, de sciences politiques et de gestion",
    "scol_manager": [],
    "field": 2,
    "diretu": [],
    "is_on_duty": true,
    "ROF_code": "0671879D",
    "rac": null,
    "code": "DRT",
    "id_dircomp": "TUFFERY-ANDRIEU Jeanne-Marie",
    "id_rac": "",
    "dircomp": null
  }
},
{
  "pk": 9,
  "model": "institute.institute",
  "fields": {
    "ROF_support": false,
    "label": "Facult\u00e9 de sciences \u00e9conomiques et de gestion (FSEG)",
    "scol_manager": [],
    "field": 2,
    "diretu": [],
    "is_on_duty": true,
    "ROF_code": "0671872W",
    "rac": null,
    "code": "SEG",
    "id_dircomp": "",
    "id_rac": "",
    "dircomp": null
  }
},
{
  "pk": 10,
  "model": "institute.institute",
  "fields": {
    "ROF_support": false,
    "label": "Institut de pr\u00e9paration \u00e0 l'administration g\u00e9n\u00e9rale (IPAG)",
    "scol_manager": [],
    "field": 2,
    "diretu": [],
    "is_on_duty": true,
    "ROF_code": "0670151A",
    "rac": null,
    "code": "PAG",
    "id_dircomp": "",
    "id_rac": "",
    "dircomp": null
  }
},
{
  "pk": 11,
  "model": "institute.institute",
  "fields": {
    "ROF_support": false,
    "label": "Institut d'\u00e9tudes politiques (IEP)",
    "scol_manager": [],
    "field": 2,
    "diretu": [],
    "is_on_duty": true,
    "ROF_code": "0670178E",
    "rac": null,
    "code": "IEP",
    "id_dircomp": "ECKERT Gabriel",
    "id_rac": "HMAE Catherine",
    "dircomp": null
  }
},
{
  "pk": 12,
  "model": "institute.institute",
  "fields": {
    "ROF_support": false,
    "label": "Facult\u00e9 de chirurgie dentaire",
    "scol_manager": [],
    "field": 3,
    "diretu": [],
    "is_on_duty": true,
    "ROF_code": "0671863L",
    "rac": null,
    "code": "ODO",
    "id_dircomp": "",
    "id_rac": "",
    "dircomp": null
  }
},
{
  "pk": 13,
  "model": "institute.institute",
  "fields": {
    "ROF_support": false,
    "label": "Facult\u00e9 de m\u00e9decine",
    "scol_manager": [],
    "field": 3,
    "diretu": [],
    "is_on_duty": true,
    "ROF_code": "0671860H",
    "rac": null,
    "code": "MED",
    "id_dircomp": "",
    "id_rac": "",
    "dircomp": null
  }
},
{
  "pk": 14,
  "model": "institute.institute",
  "fields": {
    "ROF_support": false,
    "label": "Facult\u00e9 de pharmacie",
    "scol_manager": [
      176,
      177
    ],
    "field": 3,
    "diretu": [
      164
    ],
    "is_on_duty": true,
    "ROF_code": "0671862K",
    "rac": null,
    "code": "PHA",
    "id_dircomp": "GIES Jean-Pierre",
    "id_rac": "MULLER Alain",
    "dircomp": null
  }
},
{
  "pk": 15,
  "model": "institute.institute",
  "fields": {
    "ROF_support": false,
    "label": "Ecole sup\u00e9rieure du professorat et de l'\u00e9ducation (ESPE)",
    "scol_manager": [],
    "field": 4,
    "diretu": [],
    "is_on_duty": true,
    "ROF_code": "0673068W",
    "rac": null,
    "code": "EPE",
    "id_dircomp": "",
    "id_rac": "",
    "dircomp": null
  }
},
{
  "pk": 16,
  "model": "institute.institute",
  "fields": {
    "ROF_support": false,
    "label": "Facult\u00e9 de g\u00e9ographie et d'am\u00e9nagement",
    "scol_manager": [],
    "field": 4,
    "diretu": [],
    "is_on_duty": true,
    "ROF_code": "0671871V",
    "rac": null,
    "code": "GEO",
    "id_dircomp": "ROSIQUE Thierry",
    "id_rac": "BELLAHCENE Abderrahman",
    "dircomp": null
  }
},
{
  "pk": 17,
  "model": "institute.institute",
  "fields": {
    "ROF_support": false,
    "label": "Facult\u00e9 de philosophie",
    "scol_manager": [],
    "field": 4,
    "diretu": [],
    "is_on_duty": true,
    "ROF_code": "0671876A",
    "rac": null,
    "code": "PLI",
    "id_dircomp": "",
    "id_rac": "",
    "dircomp": null
  }
},
{
  "pk": 18,
  "model": "institute.institute",
  "fields": {
    "ROF_support": false,
    "label": "Facult\u00e9 de psychologie",
    "scol_manager": [],
    "field": 4,
    "diretu": [],
    "is_on_duty": true,
    "ROF_code": "0671870U",
    "rac": null,
    "code": "PSY",
    "id_dircomp": "",
    "id_rac": "",
    "dircomp": null
  }
},
{
  "pk": 19,
  "model": "institute.institute",
  "fields": {
    "ROF_support": false,
    "label": "Facult\u00e9 de sciences de l'\u00e9ducation",
    "scol_manager": [],
    "field": 4,
    "diretu": [],
    "is_on_duty": true,
    "ROF_code": "0673034J",
    "rac": null,
    "code": "EDU",
    "id_dircomp": "",
    "id_rac": "",
    "dircomp": null
  }
},
{
  "pk": 20,
  "model": "institute.institute",
  "fields": {
    "ROF_support": false,
    "label": "Facult\u00e9 de th\u00e9ologie catholique",
    "scol_manager": [],
    "field": 4,
    "diretu": [],
    "is_on_duty": true,
    "ROF_code": "0670147W",
    "rac": null,
    "code": "THC",
    "id_dircomp": "",
    "id_rac": "",
    "dircomp": null
  }
},
{
  "pk": 21,
  "model": "institute.institute",
  "fields": {
    "ROF_support": false,
    "label": "Facult\u00e9 de th\u00e9ologie protestante",
    "scol_manager": [],
    "field": 4,
    "diretu": [],
    "is_on_duty": true,
    "ROF_code": "0670148X",
    "rac": null,
    "code": "THP",
    "id_dircomp": "",
    "id_rac": "",
    "dircomp": null
  }
},
{
  "pk": 22,
  "model": "institute.institute",
  "fields": {
    "ROF_support": false,
    "label": "Facult\u00e9 des sciences du sport",
    "scol_manager": [],
    "field": 4,
    "diretu": [],
    "is_on_duty": true,
    "ROF_code": "0672070L",
    "rac": null,
    "code": "APS",
    "id_dircomp": "",
    "id_rac": "",
    "dircomp": null
  }
},
{
  "pk": 23,
  "model": "institute.institute",
  "fields": {
    "ROF_support": false,
    "label": "Facult\u00e9 des sciences Historiques",
    "scol_manager": [],
    "field": 4,
    "diretu": [],
    "is_on_duty": true,
    "ROF_code": "0671877B",
    "rac": null,
    "code": "HIS",
    "id_dircomp": "",
    "id_rac": "",
    "dircomp": null
  }
},
{
  "pk": 24,
  "model": "institute.institute",
  "fields": {
    "ROF_support": false,
    "label": "Facult\u00e9 des sciences sociales",
    "scol_manager": [],
    "field": 4,
    "diretu": [],
    "is_on_duty": true,
    "ROF_code": "0671878C",
    "rac": null,
    "code": "SOC",
    "id_dircomp": "",
    "id_rac": "",
    "dircomp": null
  }
},
{
  "pk": 25,
  "model": "institute.institute",
  "fields": {
    "ROF_support": false,
    "label": "Ecole et observatoire des sciences de la Terre (EOST)",
    "scol_manager": [],
    "field": 5,
    "diretu": [],
    "is_on_duty": true,
    "ROF_code": "0670176C",
    "rac": null,
    "code": "EOT",
    "id_dircomp": "",
    "id_rac": "",
    "dircomp": null
  }
},
{
  "pk": 26,
  "model": "institute.institute",
  "fields": {
    "ROF_support": false,
    "label": "Ecole europ\u00e9enne de chimie, polym\u00e8res et mat\u00e9riaux (ECPM)",
    "scol_manager": [],
    "field": 5,
    "diretu": [],
    "is_on_duty": true,
    "ROF_code": "0672792W",
    "rac": null,
    "code": "ECP",
    "id_dircomp": "BEGIN Sylvie",
    "id_rac": "",
    "dircomp": null
  }
},
{
  "pk": 27,
  "model": "institute.institute",
  "fields": {
    "ROF_support": false,
    "label": "Ecole sup\u00e9rieure de biotechnologie de Strasbourg (ESBS)",
    "scol_manager": [],
    "field": 5,
    "diretu": [],
    "is_on_duty": true,
    "ROF_code": "0672504H",
    "rac": null,
    "code": "ESB",
    "id_dircomp": "",
    "id_rac": "",
    "dircomp": null
  }
},
{
  "pk": 28,
  "model": "institute.institute",
  "fields": {
    "ROF_support": false,
    "label": "Facult\u00e9 de chimie",
    "scol_manager": [
      139,
      140,
      179,
      199
    ],
    "field": 5,
    "diretu": [
      195
    ],
    "is_on_duty": true,
    "ROF_code": "0672640F",
    "rac": null,
    "code": "CHM",
    "id_dircomp": "PLANEIX Jean-Marc",
    "id_rac": "GOT Brigitte",
    "dircomp": null
  }
},
{
  "pk": 29,
  "model": "institute.institute",
  "fields": {
    "ROF_support": false,
    "label": "Facult\u00e9 des sciences de la vie",
    "scol_manager": [],
    "field": 5,
    "diretu": [],
    "is_on_duty": true,
    "ROF_code": "0671867R",
    "rac": null,
    "code": "VIE",
    "id_dircomp": "GAUER Francois",
    "id_rac": "",
    "dircomp": null
  }
},
{
  "pk": 30,
  "model": "institute.institute",
  "fields": {
    "ROF_support": false,
    "label": "Institut universitaire de technologie de Haguenau",
    "scol_manager": [],
    "field": 5,
    "diretu": [],
    "is_on_duty": true,
    "ROF_code": "0672834S",
    "rac": null,
    "code": "IHA",
    "id_dircomp": "",
    "id_rac": "",
    "dircomp": null
  }
},
{
  "pk": 31,
  "model": "institute.institute",
  "fields": {
    "ROF_support": false,
    "label": "Institut universitaire de technologie Louis Pasteur",
    "scol_manager": [],
    "field": 5,
    "diretu": [],
    "is_on_duty": true,
    "ROF_code": "0672462M",
    "rac": null,
    "code": "ISC",
    "id_dircomp": "",
    "id_rac": "",
    "dircomp": null
  }
},
{
  "pk": 32,
  "model": "institute.institute",
  "fields": {
    "ROF_support": false,
    "label": "Institut universitaire de technologie Robert Schuman",
    "scol_manager": [],
    "field": 5,
    "diretu": [],
    "is_on_duty": true,
    "ROF_code": "0671557D",
    "rac": null,
    "code": "ILL",
    "id_dircomp": "",
    "id_rac": "",
    "dircomp": null
  }
},
{
  "pk": 33,
  "model": "institute.institute",
  "fields": {
    "ROF_support": false,
    "label": "Observatoire astronomique de Strasbourg",
    "scol_manager": [],
    "field": 5,
    "diretu": [],
    "is_on_duty": true,
    "ROF_code": "0670173Z",
    "rac": null,
    "code": "OBS",
    "id_dircomp": "",
    "id_rac": "",
    "dircomp": null
  }
},
{
  "pk": 34,
  "model": "institute.institute",
  "fields": {
    "ROF_support": false,
    "label": "T\u00e9l\u00e9com Physique Strasbourg",
    "scol_manager": [],
    "field": 5,
    "diretu": [],
    "is_on_duty": true,
    "ROF_code": "0672380Y",
    "rac": null,
    "code": "ESP",
    "id_dircomp": "",
    "id_rac": "",
    "dircomp": null
  }
},
{
  "pk": 35,
  "model": "institute.institute",
  "fields": {
    "ROF_support": false,
    "label": "UFR de Math\u00e9matique et d'informatique",
    "scol_manager": [],
    "field": 5,
    "diretu": [],
    "is_on_duty": true,
    "ROF_code": "0671864M",
    "rac": null,
    "code": "MAI",
    "id_dircomp": "",
    "id_rac": "",
    "dircomp": null
  }
},
{
  "pk": 36,
  "model": "institute.institute",
  "fields": {
    "ROF_support": false,
    "label": "Facult\u00e9 de physique et ing\u00e9nierie",
    "scol_manager": [],
    "field": 5,
    "diretu": [],
    "is_on_duty": true,
    "ROF_code": "0673024Y",
    "rac": null,
    "code": "PHI",
    "id_dircomp": "",
    "id_rac": "",
    "dircomp": null
  }
},
{
  "pk": 37,
  "model": "institute.institute",
  "fields": {
    "ROF_support": false,
    "label": "Institut du travail",
    "scol_manager": [],
    "field": 2,
    "diretu": [],
    "is_on_duty": true,
    "ROF_code": "0670182J",
    "rac": null,
    "code": "ITR",
    "id_dircomp": "",
    "id_rac": "",
    "dircomp": null
  }
},
{
  "pk": 1,
  "model": "years.instituteyear",
  "fields": {
    "code_year": 2015,
    "id_cmp": 1,
    "date_expected_MECC": null,
    "date_last_notif": null
  }
},
{
  "pk": 2,
  "model": "years.instituteyear",
  "fields": {
    "code_year": 2015,
    "id_cmp": 2,
    "date_expected_MECC": null,
    "date_last_notif": null
  }
},
{
  "pk": 3,
  "model": "years.instituteyear",
  "fields": {
    "code_year": 2015,
    "id_cmp": 3,
    "date_expected_MECC": null,
    "date_last_notif": null
  }
},
{
  "pk": 4,
  "model": "years.instituteyear",
  "fields": {
    "code_year": 2015,
    "id_cmp": 4,
    "date_expected_MECC": null,
    "date_last_notif": null
  }
},
{
  "pk": 5,
  "model": "years.instituteyear",
  "fields": {
    "code_year": 2015,
    "id_cmp": 5,
    "date_expected_MECC": null,
    "date_last_notif": null
  }
},
{
  "pk": 6,
  "model": "years.instituteyear",
  "fields": {
    "code_year": 2015,
    "id_cmp": 6,
    "date_expected_MECC": null,
    "date_last_notif": null
  }
},
{
  "pk": 7,
  "model": "years.instituteyear",
  "fields": {
    "code_year": 2015,
    "id_cmp": 7,
    "date_expected_MECC": null,
    "date_last_notif": null
  }
},
{
  "pk": 8,
  "model": "years.instituteyear",
  "fields": {
    "code_year": 2015,
    "id_cmp": 8,
    "date_expected_MECC": null,
    "date_last_notif": null
  }
},
{
  "pk": 9,
  "model": "years.instituteyear",
  "fields": {
    "code_year": 2015,
    "id_cmp": 9,
    "date_expected_MECC": null,
    "date_last_notif": null
  }
},
{
  "pk": 10,
  "model": "years.instituteyear",
  "fields": {
    "code_year": 2015,
    "id_cmp": 10,
    "date_expected_MECC": null,
    "date_last_notif": null
  }
},
{
  "pk": 11,
  "model": "years.instituteyear",
  "fields": {
    "code_year": 2015,
    "id_cmp": 11,
    "date_expected_MECC": null,
    "date_last_notif": null
  }
},
{
  "pk": 12,
  "model": "years.instituteyear",
  "fields": {
    "code_year": 2015,
    "id_cmp": 12,
    "date_expected_MECC": null,
    "date_last_notif": null
  }
},
{
  "pk": 13,
  "model": "years.instituteyear",
  "fields": {
    "code_year": 2015,
    "id_cmp": 13,
    "date_expected_MECC": null,
    "date_last_notif": null
  }
},
{
  "pk": 14,
  "model": "years.instituteyear",
  "fields": {
    "code_year": 2015,
    "id_cmp": 14,
    "date_expected_MECC": null,
    "date_last_notif": null
  }
},
{
  "pk": 15,
  "model": "years.instituteyear",
  "fields": {
    "code_year": 2015,
    "id_cmp": 15,
    "date_expected_MECC": null,
    "date_last_notif": null
  }
},
{
  "pk": 16,
  "model": "years.instituteyear",
  "fields": {
    "code_year": 2015,
    "id_cmp": 16,
    "date_expected_MECC": "2015-06-16",
    "date_last_notif": null
  }
},
{
  "pk": 17,
  "model": "years.instituteyear",
  "fields": {
    "code_year": 2015,
    "id_cmp": 17,
    "date_expected_MECC": null,
    "date_last_notif": null
  }
},
{
  "pk": 18,
  "model": "years.instituteyear",
  "fields": {
    "code_year": 2015,
    "id_cmp": 18,
    "date_expected_MECC": null,
    "date_last_notif": null
  }
},
{
  "pk": 19,
  "model": "years.instituteyear",
  "fields": {
    "code_year": 2015,
    "id_cmp": 19,
    "date_expected_MECC": null,
    "date_last_notif": null
  }
},
{
  "pk": 20,
  "model": "years.instituteyear",
  "fields": {
    "code_year": 2015,
    "id_cmp": 20,
    "date_expected_MECC": null,
    "date_last_notif": null
  }
},
{
  "pk": 21,
  "model": "years.instituteyear",
  "fields": {
    "code_year": 2015,
    "id_cmp": 21,
    "date_expected_MECC": null,
    "date_last_notif": null
  }
},
{
  "pk": 22,
  "model": "years.instituteyear",
  "fields": {
    "code_year": 2015,
    "id_cmp": 22,
    "date_expected_MECC": null,
    "date_last_notif": null
  }
},
{
  "pk": 23,
  "model": "years.instituteyear",
  "fields": {
    "code_year": 2015,
    "id_cmp": 23,
    "date_expected_MECC": null,
    "date_last_notif": null
  }
},
{
  "pk": 24,
  "model": "years.instituteyear",
  "fields": {
    "code_year": 2015,
    "id_cmp": 24,
    "date_expected_MECC": null,
    "date_last_notif": null
  }
},
{
  "pk": 25,
  "model": "years.instituteyear",
  "fields": {
    "code_year": 2015,
    "id_cmp": 25,
    "date_expected_MECC": null,
    "date_last_notif": null
  }
},
{
  "pk": 26,
  "model": "years.instituteyear",
  "fields": {
    "code_year": 2015,
    "id_cmp": 26,
    "date_expected_MECC": null,
    "date_last_notif": null
  }
},
{
  "pk": 27,
  "model": "years.instituteyear",
  "fields": {
    "code_year": 2015,
    "id_cmp": 27,
    "date_expected_MECC": null,
    "date_last_notif": null
  }
},
{
  "pk": 28,
  "model": "years.instituteyear",
  "fields": {
    "code_year": 2015,
    "id_cmp": 28,
    "date_expected_MECC": "2015-06-16",
    "date_last_notif": "2016-12-07"
  }
},
{
  "pk": 29,
  "model": "years.instituteyear",
  "fields": {
    "code_year": 2015,
    "id_cmp": 29,
    "date_expected_MECC": null,
    "date_last_notif": null
  }
},
{
  "pk": 30,
  "model": "years.instituteyear",
  "fields": {
    "code_year": 2015,
    "id_cmp": 30,
    "date_expected_MECC": null,
    "date_last_notif": null
  }
},
{
  "pk": 31,
  "model": "years.instituteyear",
  "fields": {
    "code_year": 2015,
    "id_cmp": 31,
    "date_expected_MECC": null,
    "date_last_notif": null
  }
},
{
  "pk": 32,
  "model": "years.instituteyear",
  "fields": {
    "code_year": 2015,
    "id_cmp": 32,
    "date_expected_MECC": null,
    "date_last_notif": null
  }
},
{
  "pk": 33,
  "model": "years.instituteyear",
  "fields": {
    "code_year": 2015,
    "id_cmp": 33,
    "date_expected_MECC": null,
    "date_last_notif": null
  }
},
{
  "pk": 34,
  "model": "years.instituteyear",
  "fields": {
    "code_year": 2015,
    "id_cmp": 34,
    "date_expected_MECC": null,
    "date_last_notif": null
  }
},
{
  "pk": 35,
  "model": "years.instituteyear",
  "fields": {
    "code_year": 2015,
    "id_cmp": 35,
    "date_expected_MECC": null,
    "date_last_notif": null
  }
},
{
  "pk": 36,
  "model": "years.instituteyear",
  "fields": {
    "code_year": 2015,
    "id_cmp": 36,
    "date_expected_MECC": null,
    "date_last_notif": null
  }
},
{
  "pk": 37,
  "model": "years.instituteyear",
  "fields": {
    "code_year": 2015,
    "id_cmp": 37,
    "date_expected_MECC": null,
    "date_last_notif": null
  }
},
{
  "pk": 38,
  "model": "years.instituteyear",
  "fields": {
    "code_year": 2015,
    "id_cmp": 38,
    "date_expected_MECC": null,
    "date_last_notif": null
  }
},
{
  "pk": 39,
  "model": "years.instituteyear",
  "fields": {
    "code_year": 2016,
    "id_cmp": 1,
    "date_expected_MECC": null,
    "date_last_notif": null
  }
},
{
  "pk": 40,
  "model": "years.instituteyear",
  "fields": {
    "code_year": 2016,
    "id_cmp": 2,
    "date_expected_MECC": null,
    "date_last_notif": null
  }
},
{
  "pk": 41,
  "model": "years.instituteyear",
  "fields": {
    "code_year": 2016,
    "id_cmp": 3,
    "date_expected_MECC": null,
    "date_last_notif": null
  }
},
{
  "pk": 42,
  "model": "years.instituteyear",
  "fields": {
    "code_year": 2016,
    "id_cmp": 4,
    "date_expected_MECC": null,
    "date_last_notif": null
  }
},
{
  "pk": 43,
  "model": "years.instituteyear",
  "fields": {
    "code_year": 2016,
    "id_cmp": 5,
    "date_expected_MECC": null,
    "date_last_notif": null
  }
},
{
  "pk": 44,
  "model": "years.instituteyear",
  "fields": {
    "code_year": 2016,
    "id_cmp": 6,
    "date_expected_MECC": null,
    "date_last_notif": null
  }
},
{
  "pk": 45,
  "model": "years.instituteyear",
  "fields": {
    "code_year": 2016,
    "id_cmp": 7,
    "date_expected_MECC": null,
    "date_last_notif": null
  }
},
{
  "pk": 46,
  "model": "years.instituteyear",
  "fields": {
    "code_year": 2016,
    "id_cmp": 8,
    "date_expected_MECC": null,
    "date_last_notif": null
  }
},
{
  "pk": 47,
  "model": "years.instituteyear",
  "fields": {
    "code_year": 2016,
    "id_cmp": 9,
    "date_expected_MECC": null,
    "date_last_notif": null
  }
},
{
  "pk": 48,
  "model": "years.instituteyear",
  "fields": {
    "code_year": 2016,
    "id_cmp": 10,
    "date_expected_MECC": null,
    "date_last_notif": null
  }
},
{
  "pk": 49,
  "model": "years.instituteyear",
  "fields": {
    "code_year": 2016,
    "id_cmp": 11,
    "date_expected_MECC": null,
    "date_last_notif": null
  }
},
{
  "pk": 50,
  "model": "years.instituteyear",
  "fields": {
    "code_year": 2016,
    "id_cmp": 12,
    "date_expected_MECC": null,
    "date_last_notif": null
  }
},
{
  "pk": 51,
  "model": "years.instituteyear",
  "fields": {
    "code_year": 2016,
    "id_cmp": 13,
    "date_expected_MECC": null,
    "date_last_notif": null
  }
},
{
  "pk": 52,
  "model": "years.instituteyear",
  "fields": {
    "code_year": 2016,
    "id_cmp": 14,
    "date_expected_MECC": null,
    "date_last_notif": null
  }
},
{
  "pk": 53,
  "model": "years.instituteyear",
  "fields": {
    "code_year": 2016,
    "id_cmp": 15,
    "date_expected_MECC": null,
    "date_last_notif": null
  }
},
{
  "pk": 54,
  "model": "years.instituteyear",
  "fields": {
    "code_year": 2016,
    "id_cmp": 16,
    "date_expected_MECC": null,
    "date_last_notif": null
  }
},
{
  "pk": 55,
  "model": "years.instituteyear",
  "fields": {
    "code_year": 2016,
    "id_cmp": 17,
    "date_expected_MECC": null,
    "date_last_notif": null
  }
},
{
  "pk": 56,
  "model": "years.instituteyear",
  "fields": {
    "code_year": 2016,
    "id_cmp": 18,
    "date_expected_MECC": null,
    "date_last_notif": null
  }
},
{
  "pk": 57,
  "model": "years.instituteyear",
  "fields": {
    "code_year": 2016,
    "id_cmp": 19,
    "date_expected_MECC": null,
    "date_last_notif": null
  }
},
{
  "pk": 58,
  "model": "years.instituteyear",
  "fields": {
    "code_year": 2016,
    "id_cmp": 20,
    "date_expected_MECC": null,
    "date_last_notif": null
  }
},
{
  "pk": 59,
  "model": "years.instituteyear",
  "fields": {
    "code_year": 2016,
    "id_cmp": 21,
    "date_expected_MECC": null,
    "date_last_notif": null
  }
},
{
  "pk": 60,
  "model": "years.instituteyear",
  "fields": {
    "code_year": 2016,
    "id_cmp": 22,
    "date_expected_MECC": null,
    "date_last_notif": null
  }
},
{
  "pk": 61,
  "model": "years.instituteyear",
  "fields": {
    "code_year": 2016,
    "id_cmp": 23,
    "date_expected_MECC": null,
    "date_last_notif": null
  }
},
{
  "pk": 62,
  "model": "years.instituteyear",
  "fields": {
    "code_year": 2016,
    "id_cmp": 24,
    "date_expected_MECC": null,
    "date_last_notif": null
  }
},
{
  "pk": 63,
  "model": "years.instituteyear",
  "fields": {
    "code_year": 2016,
    "id_cmp": 25,
    "date_expected_MECC": null,
    "date_last_notif": null
  }
},
{
  "pk": 64,
  "model": "years.instituteyear",
  "fields": {
    "code_year": 2016,
    "id_cmp": 26,
    "date_expected_MECC": null,
    "date_last_notif": null
  }
},
{
  "pk": 65,
  "model": "years.instituteyear",
  "fields": {
    "code_year": 2016,
    "id_cmp": 27,
    "date_expected_MECC": null,
    "date_last_notif": null
  }
},
{
  "pk": 66,
  "model": "years.instituteyear",
  "fields": {
    "code_year": 2016,
    "id_cmp": 28,
    "date_expected_MECC": null,
    "date_last_notif": null
  }
},
{
  "pk": 67,
  "model": "years.instituteyear",
  "fields": {
    "code_year": 2016,
    "id_cmp": 29,
    "date_expected_MECC": null,
    "date_last_notif": null
  }
},
{
  "pk": 68,
  "model": "years.instituteyear",
  "fields": {
    "code_year": 2016,
    "id_cmp": 30,
    "date_expected_MECC": null,
    "date_last_notif": null
  }
},
{
  "pk": 69,
  "model": "years.instituteyear",
  "fields": {
    "code_year": 2016,
    "id_cmp": 31,
    "date_expected_MECC": null,
    "date_last_notif": null
  }
},
{
  "pk": 70,
  "model": "years.instituteyear",
  "fields": {
    "code_year": 2016,
    "id_cmp": 32,
    "date_expected_MECC": null,
    "date_last_notif": null
  }
},
{
  "pk": 71,
  "model": "years.instituteyear",
  "fields": {
    "code_year": 2016,
    "id_cmp": 33,
    "date_expected_MECC": null,
    "date_last_notif": null
  }
},
{
  "pk": 72,
  "model": "years.instituteyear",
  "fields": {
    "code_year": 2016,
    "id_cmp": 34,
    "date_expected_MECC": null,
    "date_last_notif": null
  }
},
{
  "pk": 73,
  "model": "years.instituteyear",
  "fields": {
    "code_year": 2016,
    "id_cmp": 35,
    "date_expected_MECC": null,
    "date_last_notif": null
  }
},
{
  "pk": 74,
  "model": "years.instituteyear",
  "fields": {
    "code_year": 2016,
    "id_cmp": 36,
    "date_expected_MECC": null,
    "date_last_notif": null
  }
},
{
  "pk": 75,
  "model": "years.instituteyear",
  "fields": {
    "code_year": 2016,
    "id_cmp": 37,
    "date_expected_MECC": null,
    "date_last_notif": null
  }
},
{
  "pk": 76,
  "model": "years.instituteyear",
  "fields": {
    "code_year": 2017,
    "id_cmp": 1,
    "date_expected_MECC": null,
    "date_last_notif": null
  }
},
{
  "pk": 77,
  "model": "years.instituteyear",
  "fields": {
    "code_year": 2017,
    "id_cmp": 2,
    "date_expected_MECC": null,
    "date_last_notif": null
  }
},
{
  "pk": 78,
  "model": "years.instituteyear",
  "fields": {
    "code_year": 2017,
    "id_cmp": 3,
    "date_expected_MECC": null,
    "date_last_notif": null
  }
},
{
  "pk": 79,
  "model": "years.instituteyear",
  "fields": {
    "code_year": 2017,
    "id_cmp": 4,
    "date_expected_MECC": null,
    "date_last_notif": null
  }
},
{
  "pk": 80,
  "model": "years.instituteyear",
  "fields": {
    "code_year": 2017,
    "id_cmp": 5,
    "date_expected_MECC": null,
    "date_last_notif": null
  }
},
{
  "pk": 81,
  "model": "years.instituteyear",
  "fields": {
    "code_year": 2017,
    "id_cmp": 6,
    "date_expected_MECC": null,
    "date_last_notif": null
  }
},
{
  "pk": 82,
  "model": "years.instituteyear",
  "fields": {
    "code_year": 2017,
    "id_cmp": 7,
    "date_expected_MECC": null,
    "date_last_notif": null
  }
},
{
  "pk": 83,
  "model": "years.instituteyear",
  "fields": {
    "code_year": 2017,
    "id_cmp": 8,
    "date_expected_MECC": null,
    "date_last_notif": null
  }
},
{
  "pk": 84,
  "model": "years.instituteyear",
  "fields": {
    "code_year": 2017,
    "id_cmp": 9,
    "date_expected_MECC": null,
    "date_last_notif": null
  }
},
{
  "pk": 85,
  "model": "years.instituteyear",
  "fields": {
    "code_year": 2017,
    "id_cmp": 10,
    "date_expected_MECC": null,
    "date_last_notif": null
  }
},
{
  "pk": 86,
  "model": "years.instituteyear",
  "fields": {
    "code_year": 2017,
    "id_cmp": 11,
    "date_expected_MECC": null,
    "date_last_notif": null
  }
},
{
  "pk": 87,
  "model": "years.instituteyear",
  "fields": {
    "code_year": 2017,
    "id_cmp": 12,
    "date_expected_MECC": null,
    "date_last_notif": null
  }
},
{
  "pk": 88,
  "model": "years.instituteyear",
  "fields": {
    "code_year": 2017,
    "id_cmp": 13,
    "date_expected_MECC": null,
    "date_last_notif": null
  }
},
{
  "pk": 89,
  "model": "years.instituteyear",
  "fields": {
    "code_year": 2017,
    "id_cmp": 14,
    "date_expected_MECC": null,
    "date_last_notif": null
  }
},
{
  "pk": 90,
  "model": "years.instituteyear",
  "fields": {
    "code_year": 2017,
    "id_cmp": 15,
    "date_expected_MECC": null,
    "date_last_notif": null
  }
},
{
  "pk": 91,
  "model": "years.instituteyear",
  "fields": {
    "code_year": 2017,
    "id_cmp": 16,
    "date_expected_MECC": null,
    "date_last_notif": null
  }
},
{
  "pk": 92,
  "model": "years.instituteyear",
  "fields": {
    "code_year": 2017,
    "id_cmp": 17,
    "date_expected_MECC": null,
    "date_last_notif": null
  }
},
{
  "pk": 93,
  "model": "years.instituteyear",
  "fields": {
    "code_year": 2017,
    "id_cmp": 18,
    "date_expected_MECC": null,
    "date_last_notif": null
  }
},
{
  "pk": 94,
  "model": "years.instituteyear",
  "fields": {
    "code_year": 2017,
    "id_cmp": 19,
    "date_expected_MECC": null,
    "date_last_notif": null
  }
},
{
  "pk": 95,
  "model": "years.instituteyear",
  "fields": {
    "code_year": 2017,
    "id_cmp": 20,
    "date_expected_MECC": null,
    "date_last_notif": null
  }
},
{
  "pk": 96,
  "model": "years.instituteyear",
  "fields": {
    "code_year": 2017,
    "id_cmp": 21,
    "date_expected_MECC": null,
    "date_last_notif": null
  }
},
{
  "pk": 97,
  "model": "years.instituteyear",
  "fields": {
    "code_year": 2017,
    "id_cmp": 22,
    "date_expected_MECC": null,
    "date_last_notif": null
  }
},
{
  "pk": 98,
  "model": "years.instituteyear",
  "fields": {
    "code_year": 2017,
    "id_cmp": 23,
    "date_expected_MECC": null,
    "date_last_notif": null
  }
},
{
  "pk": 99,
  "model": "years.instituteyear",
  "fields": {
    "code_year": 2017,
    "id_cmp": 24,
    "date_expected_MECC": null,
    "date_last_notif": null
  }
},
{
  "pk": 100,
  "model": "years.instituteyear",
  "fields": {
    "code_year": 2017,
    "id_cmp": 25,
    "date_expected_MECC": null,
    "date_last_notif": null
  }
},
{
  "pk": 101,
  "model": "years.instituteyear",
  "fields": {
    "code_year": 2017,
    "id_cmp": 26,
    "date_expected_MECC": null,
    "date_last_notif": null
  }
},
{
  "pk": 102,
  "model": "years.instituteyear",
  "fields": {
    "code_year": 2017,
    "id_cmp": 27,
    "date_expected_MECC": null,
    "date_last_notif": null
  }
},
{
  "pk": 103,
  "model": "years.instituteyear",
  "fields": {
    "code_year": 2017,
    "id_cmp": 28,
    "date_expected_MECC": null,
    "date_last_notif": null
  }
},
{
  "pk": 104,
  "model": "years.instituteyear",
  "fields": {
    "code_year": 2017,
    "id_cmp": 29,
    "date_expected_MECC": null,
    "date_last_notif": null
  }
},
{
  "pk": 105,
  "model": "years.instituteyear",
  "fields": {
    "code_year": 2017,
    "id_cmp": 30,
    "date_expected_MECC": null,
    "date_last_notif": null
  }
},
{
  "pk": 106,
  "model": "years.instituteyear",
  "fields": {
    "code_year": 2017,
    "id_cmp": 31,
    "date_expected_MECC": null,
    "date_last_notif": null
  }
},
{
  "pk": 107,
  "model": "years.instituteyear",
  "fields": {
    "code_year": 2017,
    "id_cmp": 32,
    "date_expected_MECC": null,
    "date_last_notif": null
  }
},
{
  "pk": 108,
  "model": "years.instituteyear",
  "fields": {
    "code_year": 2017,
    "id_cmp": 33,
    "date_expected_MECC": null,
    "date_last_notif": null
  }
},
{
  "pk": 109,
  "model": "years.instituteyear",
  "fields": {
    "code_year": 2017,
    "id_cmp": 34,
    "date_expected_MECC": null,
    "date_last_notif": null
  }
},
{
  "pk": 110,
  "model": "years.instituteyear",
  "fields": {
    "code_year": 2017,
    "id_cmp": 35,
    "date_expected_MECC": null,
    "date_last_notif": null
  }
},
{
  "pk": 111,
  "model": "years.instituteyear",
  "fields": {
    "code_year": 2017,
    "id_cmp": 36,
    "date_expected_MECC": null,
    "date_last_notif": null
  }
},
{
  "pk": 112,
  "model": "years.instituteyear",
  "fields": {
    "code_year": 2017,
    "id_cmp": 37,
    "date_expected_MECC": null,
    "date_last_notif": null
  }
},
{
  "pk": 113,
  "model": "years.instituteyear",
  "fields": {
    "code_year": 2015,
    "id_cmp": 38,
    "date_expected_MECC": null,
    "date_last_notif": null
  }
},
{
  "pk": 114,
  "model": "years.instituteyear",
  "fields": {
    "code_year": 2015,
    "id_cmp": 39,
    "date_expected_MECC": null,
    "date_last_notif": null
  }
},
{
  "pk": 115,
  "model": "years.instituteyear",
  "fields": {
    "code_year": 2015,
    "id_cmp": 40,
    "date_expected_MECC": null,
    "date_last_notif": null
  }
},
{
  "pk": 116,
  "model": "years.instituteyear",
  "fields": {
    "code_year": 2015,
    "id_cmp": 41,
    "date_expected_MECC": null,
    "date_last_notif": null
  }
},
{
  "pk": 117,
  "model": "years.instituteyear",
  "fields": {
    "code_year": 2015,
    "id_cmp": 42,
    "date_expected_MECC": null,
    "date_last_notif": null
  }
},
{
  "pk": 118,
  "model": "years.instituteyear",
  "fields": {
    "code_year": 2015,
    "id_cmp": 38,
    "date_expected_MECC": null,
    "date_last_notif": null
  }
},
{
  "pk": 119,
  "model": "years.instituteyear",
  "fields": {
    "code_year": 2015,
    "id_cmp": 39,
    "date_expected_MECC": null,
    "date_last_notif": null
  }
},
{
  "pk": 120,
  "model": "years.instituteyear",
  "fields": {
    "code_year": 2015,
    "id_cmp": 40,
    "date_expected_MECC": null,
    "date_last_notif": null
  }
},
{
  "pk": 121,
  "model": "years.instituteyear",
  "fields": {
    "code_year": 2015,
    "id_cmp": 41,
    "date_expected_MECC": null,
    "date_last_notif": null
  }
},
{
  "pk": 122,
  "model": "years.instituteyear",
  "fields": {
    "code_year": 2015,
    "id_cmp": 42,
    "date_expected_MECC": null,
    "date_last_notif": null
  }
},
{
  "pk": 123,
  "model": "years.instituteyear",
  "fields": {
    "code_year": 2015,
    "id_cmp": 43,
    "date_expected_MECC": null,
    "date_last_notif": null
  }
},
{
  "pk": 1,
  "model": "years.universityyear",
  "fields": {
    "label_year": "Ann\u00e9e universitaire 2015/2016",
    "is_year_init": true,
    "pdf_doc": "doc_cadre/Delib_024-2015_-_RG_MECC_2015-2016.pdf",
    "date_validation": "2015-03-17",
    "date_expected": "2015-06-10",
    "is_target_year": false,
    "code_year": 2015
  }
},
{
  "pk": 6,
  "model": "years.universityyear",
  "fields": {
    "label_year": "Ann\u00e9e universitaire 2016/2017",
    "is_year_init": true,
    "pdf_doc": "doc_cadre/Delib_009-2016_-_Regles_generales_relatives_au_MECC_2016-2017.pdf",
    "date_validation": "2016-02-09",
    "date_expected": "2016-06-07",
    "is_target_year": true,
    "code_year": 2016
  }
},
{
  "pk": 7,
  "model": "years.universityyear",
  "fields": {
    "label_year": "Ann\u00e9e universitaire 2017/2018",
    "is_year_init": true,
    "pdf_doc": "",
    "date_validation": null,
    "date_expected": null,
    "is_target_year": false,
    "code_year": 2017
  }
},
{
  "pk": 9,
  "model": "adm.profile",
  "fields": {
    "year": 2015,
    "cmp": "CHM",
    "label": "Responsable administratif",
    "code": "RAC"
  }
},
{
  "pk": 10,
  "model": "adm.profile",
  "fields": {
    "year": 2015,
    "cmp": "CHM",
    "label": "Directeur de composante",
    "code": "DIRCOMP"
  }
},
{
  "pk": 12,
  "model": "adm.profile",
  "fields": {
    "year": 2015,
    "cmp": "ART",
    "label": "Directeur de composante",
    "code": "DIRCOMP"
  }
},
{
  "pk": 14,
  "model": "adm.profile",
  "fields": {
    "year": 2015,
    "cmp": "GEO",
    "label": "Directeur de composante",
    "code": "DIRCOMP"
  }
},
{
  "pk": 21,
  "model": "adm.profile",
  "fields": {
    "year": 2015,
    "cmp": "CHM",
    "label": "Directeur d'\u00e9tudes",
    "code": "DIRETU"
  }
},
{
  "pk": 26,
  "model": "adm.profile",
  "fields": {
    "year": 2015,
    "cmp": "VIE",
    "label": "Directeur de composante",
    "code": "DIRCOMP"
  }
},
{
  "pk": 32,
  "model": "adm.profile",
  "fields": {
    "year": 2015,
    "cmp": "CHM",
    "label": "Responsable de formation",
    "code": "RESPFORM"
  }
},
{
  "pk": 35,
  "model": "adm.profile",
  "fields": {
    "year": 2015,
    "cmp": "CHM",
    "label": "R\u00e9f\u00e9rent d'application",
    "code": "REFAPP"
  }
},
{
  "pk": 39,
  "model": "adm.profile",
  "fields": {
    "year": 2015,
    "cmp": "ART",
    "label": " Responsable administratif",
    "code": "RAC"
  }
},
{
  "pk": 48,
  "model": "adm.profile",
  "fields": {
    "year": 2015,
    "cmp": "ART",
    "label": "R\u00e9f\u00e9rent d'application",
    "code": "REFAPP"
  }
},
{
  "pk": 53,
  "model": "adm.profile",
  "fields": {
    "year": 2015,
    "cmp": "ART",
    "label": "Gestionnaire de scolarit\u00e9",
    "code": "GESCOL"
  }
},
{
  "pk": 54,
  "model": "adm.profile",
  "fields": {
    "year": 2015,
    "cmp": "VIE",
    "label": "Gestionnaire de scolarit\u00e9",
    "code": "GESCOL"
  }
},
{
  "pk": 56,
  "model": "adm.profile",
  "fields": {
    "year": 2015,
    "cmp": "",
    "label": "Membre de la Commission ECI",
    "code": "ECI"
  }
},
{
  "pk": 57,
  "model": "adm.profile",
  "fields": {
    "year": 2015,
    "cmp": "ART",
    "label": "Directeurs d'\u00e9tudes",
    "code": "DIRETU"
  }
},
{
  "pk": 58,
  "model": "adm.profile",
  "fields": {
    "year": 2016,
    "cmp": "CHM",
    "label": "Gestionnaire de scolarit\u00e9",
    "code": "GESCOL"
  }
},
{
  "pk": 59,
  "model": "adm.profile",
  "fields": {
    "year": 2015,
    "cmp": "CHM",
    "label": "Gestionnaire de scolarit\u00e9",
    "code": "GESCOL"
  }
},
{
  "pk": 60,
  "model": "adm.profile",
  "fields": {
    "year": 2015,
    "cmp": "LVI",
    "label": " Responsable administratif",
    "code": "RAC"
  }
},
{
  "pk": 61,
  "model": "adm.profile",
  "fields": {
    "year": 2015,
    "cmp": "LVI",
    "label": "Directeur de composante",
    "code": "DIRCOMP"
  }
},
{
  "pk": 62,
  "model": "adm.profile",
  "fields": {
    "year": 2015,
    "cmp": "LGA",
    "label": " Responsable administratif",
    "code": "RAC"
  }
},
{
  "pk": 63,
  "model": "adm.profile",
  "fields": {
    "year": 2015,
    "cmp": "LGA",
    "label": "Directeur de composante",
    "code": "DIRCOMP"
  }
},
{
  "pk": 64,
  "model": "adm.profile",
  "fields": {
    "year": 2015,
    "cmp": "LET",
    "label": " Responsable administratif",
    "code": "RAC"
  }
},
{
  "pk": 65,
  "model": "adm.profile",
  "fields": {
    "year": 2015,
    "cmp": "LET",
    "label": "Directeur de composante",
    "code": "DIRCOMP"
  }
},
{
  "pk": 66,
  "model": "adm.profile",
  "fields": {
    "year": 2015,
    "cmp": "CPI",
    "label": " Responsable administratif",
    "code": "RAC"
  }
},
{
  "pk": 67,
  "model": "adm.profile",
  "fields": {
    "year": 2015,
    "cmp": "CPI",
    "label": "Directeur de composante",
    "code": "DIRCOMP"
  }
},
{
  "pk": 68,
  "model": "adm.profile",
  "fields": {
    "year": 2015,
    "cmp": "CUJ",
    "label": "Directeur de composante",
    "code": "DIRCOMP"
  }
},
{
  "pk": 69,
  "model": "adm.profile",
  "fields": {
    "year": 2015,
    "cmp": "IEP",
    "label": " Responsable administratif",
    "code": "RAC"
  }
},
{
  "pk": 70,
  "model": "adm.profile",
  "fields": {
    "year": 2015,
    "cmp": "IEP",
    "label": "Directeur de composante",
    "code": "DIRCOMP"
  }
},
{
  "pk": 71,
  "model": "adm.profile",
  "fields": {
    "year": 2015,
    "cmp": "DRT",
    "label": "Directeur de composante",
    "code": "DIRCOMP"
  }
},
{
  "pk": 72,
  "model": "adm.profile",
  "fields": {
    "year": 2015,
    "cmp": "PHA",
    "label": " Responsable administratif",
    "code": "RAC"
  }
},
{
  "pk": 73,
  "model": "adm.profile",
  "fields": {
    "year": 2015,
    "cmp": "PHA",
    "label": "Directeur de composante",
    "code": "DIRCOMP"
  }
},
{
  "pk": 74,
  "model": "adm.profile",
  "fields": {
    "year": 2016,
    "cmp": "CHM",
    "label": "Directeurs d'\u00e9tudes",
    "code": "DIRETU"
  }
},
{
  "pk": 75,
  "model": "adm.profile",
  "fields": {
    "year": 2016,
    "cmp": "LVI",
    "label": "Directeurs d'\u00e9tudes",
    "code": "DIRETU"
  }
},
{
  "pk": 76,
  "model": "adm.profile",
  "fields": {
    "year": 2016,
    "cmp": "PHA",
    "label": "Directeurs d'\u00e9tudes",
    "code": "DIRETU"
  }
},
{
  "pk": 77,
  "model": "adm.profile",
  "fields": {
    "year": 2016,
    "cmp": "PHA",
    "label": "Gestionnaire de scolarit\u00e9",
    "code": "GESCOL"
  }
},
{
  "pk": 78,
  "model": "adm.profile",
  "fields": {
    "year": 2016,
    "cmp": "LET",
    "label": "Directeurs d'\u00e9tudes",
    "code": "DIRETU"
  }
},
{
  "pk": 79,
  "model": "adm.profile",
  "fields": {
    "year": 2016,
    "cmp": "LVI",
    "label": "Gestionnaire de scolarit\u00e9",
    "code": "GESCOL"
  }
},
{
  "pk": 80,
  "model": "adm.profile",
  "fields": {
    "year": 2016,
    "cmp": "PHA",
    "label": "R\u00e9f\u00e9rent d'application",
    "code": "REFAPP"
  }
},
{
  "pk": 81,
  "model": "adm.profile",
  "fields": {
    "year": 2015,
    "cmp": "CHM",
    "label": "Directeurs d'\u00e9tudes",
    "code": "DIRETU"
  }
},
{
  "pk": 82,
  "model": "adm.profile",
  "fields": {
    "year": 2015,
    "cmp": "ART",
    "label": "Responsable de formation",
    "code": "RESPFORM"
  }
},
{
  "pk": 83,
  "model": "adm.profile",
  "fields": {
    "year": 2015,
    "cmp": "DRT",
    "label": " Responsable administratif",
    "code": "RAC"
  }
},
{
  "pk": 84,
  "model": "adm.profile",
  "fields": {
    "year": 2015,
    "cmp": "SEG",
    "label": "Directeur de composante",
    "code": "DIRCOMP"
  }
},
{
  "pk": 85,
  "model": "adm.profile",
  "fields": {
    "year": 2015,
    "cmp": "ECP",
    "label": "Directeur de composante",
    "code": "DIRCOMP"
  }
},
{
  "pk": 1,
  "model": "rules.rule",
  "fields": {
    "is_edited": "X",
    "is_eci": true,
    "is_in_use": true,
    "label": "Modalit\u00e9s d'acc\u00e8s et de progression en licence",
    "degree_type": [
      5,
      6
    ],
    "code_year": 2015,
    "n_rule": 1,
    "is_ccct": true,
    "display_order": 1
  }
},
{
  "pk": 2,
  "model": "rules.rule",
  "fields": {
    "is_edited": "X",
    "is_eci": true,
    "is_in_use": true,
    "label": "Modalit\u00e9s d'acc\u00e8s et de progression en master",
    "degree_type": [
      7
    ],
    "code_year": 2015,
    "n_rule": 2,
    "is_ccct": true,
    "display_order": 1
  }
},
{
  "pk": 3,
  "model": "rules.rule",
  "fields": {
    "is_edited": "X",
    "is_eci": true,
    "is_in_use": true,
    "label": "Inscriptions administratives",
    "degree_type": [
      1,
      3,
      4,
      5,
      6,
      7,
      8,
      14,
      15,
      16,
      17,
      18,
      25
    ],
    "code_year": 2015,
    "n_rule": 3,
    "is_ccct": true,
    "display_order": 5
  }
},
{
  "pk": 4,
  "model": "rules.rule",
  "fields": {
    "is_edited": "X",
    "is_eci": true,
    "is_in_use": true,
    "label": "Inscriptions p\u00e9dagogiques",
    "degree_type": [
      1,
      2,
      3,
      4,
      5,
      6,
      7,
      8,
      15,
      16,
      17,
      18,
      19,
      21,
      22
    ],
    "code_year": 2015,
    "n_rule": 4,
    "is_ccct": true,
    "display_order": 8
  }
},
{
  "pk": 5,
  "model": "rules.rule",
  "fields": {
    "is_edited": "X",
    "is_eci": true,
    "is_in_use": true,
    "label": "Assiduit\u00e9",
    "degree_type": [
      1,
      3,
      5,
      6,
      7,
      14,
      15,
      16,
      17,
      18,
      19
    ],
    "code_year": 2015,
    "n_rule": 5,
    "is_ccct": true,
    "display_order": 10
  }
},
{
  "pk": 6,
  "model": "rules.rule",
  "fields": {
    "is_edited": "X",
    "is_eci": true,
    "is_in_use": true,
    "label": "Validation d'acquis",
    "degree_type": [
      3,
      4,
      5,
      6,
      7
    ],
    "code_year": 2015,
    "n_rule": 6,
    "is_ccct": true,
    "display_order": 13
  }
},
{
  "pk": 7,
  "model": "rules.rule",
  "fields": {
    "is_edited": "X",
    "is_eci": true,
    "is_in_use": true,
    "label": "Etudes accomplies \u00e0 l'\u00e9tranger",
    "degree_type": [
      3,
      4,
      5,
      6,
      7,
      15,
      16,
      17,
      18,
      19
    ],
    "code_year": 2015,
    "n_rule": 7,
    "is_ccct": true,
    "display_order": 14
  }
},
{
  "pk": 8,
  "model": "rules.rule",
  "fields": {
    "is_edited": "X",
    "is_eci": true,
    "is_in_use": true,
    "label": "Cas particulier d\u2019un m\u00e9moire de recherche ou d\u2019un rapport de stage",
    "degree_type": [
      7
    ],
    "code_year": 2015,
    "n_rule": 8,
    "is_ccct": true,
    "display_order": 19
  }
},
{
  "pk": 9,
  "model": "rules.rule",
  "fields": {
    "is_edited": "X",
    "is_eci": true,
    "is_in_use": true,
    "label": "Jurys",
    "degree_type": [
      3,
      4,
      5,
      6,
      7,
      8,
      15,
      16,
      17,
      18,
      19
    ],
    "code_year": 2015,
    "n_rule": 9,
    "is_ccct": true,
    "display_order": 20
  }
},
{
  "pk": 10,
  "model": "rules.rule",
  "fields": {
    "is_edited": "X",
    "is_eci": true,
    "is_in_use": true,
    "label": "Compensation",
    "degree_type": [
      1,
      3,
      5,
      7
    ],
    "code_year": 2015,
    "n_rule": 10,
    "is_ccct": true,
    "display_order": 25
  }
},
{
  "pk": 11,
  "model": "rules.rule",
  "fields": {
    "is_edited": "X",
    "is_eci": true,
    "is_in_use": true,
    "label": "Compensation en licence ",
    "degree_type": [
      5
    ],
    "code_year": 2015,
    "n_rule": 11,
    "is_ccct": true,
    "display_order": 26
  }
},
{
  "pk": 12,
  "model": "rules.rule",
  "fields": {
    "is_edited": "X",
    "is_eci": true,
    "is_in_use": true,
    "label": "Compensation en master",
    "degree_type": [
      7
    ],
    "code_year": 2015,
    "n_rule": 12,
    "is_ccct": true,
    "display_order": 26
  }
},
{
  "pk": 13,
  "model": "rules.rule",
  "fields": {
    "is_edited": "X",
    "is_eci": true,
    "is_in_use": true,
    "label": "Calcul de la moyenne g\u00e9n\u00e9rale en licence",
    "degree_type": [
      5,
      6
    ],
    "code_year": 2015,
    "n_rule": 13,
    "is_ccct": true,
    "display_order": 30
  }
},
{
  "pk": 14,
  "model": "rules.rule",
  "fields": {
    "is_edited": "X",
    "is_eci": true,
    "is_in_use": true,
    "label": "Calcul de la moyenne g\u00e9n\u00e9rale",
    "degree_type": [
      3,
      7
    ],
    "code_year": 2015,
    "n_rule": 14,
    "is_ccct": true,
    "display_order": 30
  }
},
{
  "pk": 15,
  "model": "rules.rule",
  "fields": {
    "is_edited": "X",
    "is_eci": true,
    "is_in_use": true,
    "label": "Equivalences et mentions",
    "degree_type": [
      3,
      4,
      7
    ],
    "code_year": 2015,
    "n_rule": 15,
    "is_ccct": true,
    "display_order": 31
  }
},
{
  "pk": 16,
  "model": "rules.rule",
  "fields": {
    "is_edited": "X",
    "is_eci": true,
    "is_in_use": true,
    "label": "Dipl\u00f4me interm\u00e9diaire de DEUG",
    "degree_type": [
      5,
      6
    ],
    "code_year": 2015,
    "n_rule": 16,
    "is_ccct": true,
    "display_order": 35
  }
},
{
  "pk": 17,
  "model": "rules.rule",
  "fields": {
    "is_edited": "X",
    "is_eci": true,
    "is_in_use": true,
    "label": "Dipl\u00f4me interm\u00e9diaire de ma\u00eetrise",
    "degree_type": [
      7
    ],
    "code_year": 2015,
    "n_rule": 17,
    "is_ccct": true,
    "display_order": 35
  }
},
{
  "pk": 18,
  "model": "rules.rule",
  "fields": {
    "is_edited": "X",
    "is_eci": true,
    "is_in_use": true,
    "label": "Conservation d'une note d'une ann\u00e9e sur l'autre",
    "degree_type": [
      3,
      4,
      5,
      6,
      7,
      8,
      15,
      16,
      17,
      18,
      19
    ],
    "code_year": 2015,
    "n_rule": 18,
    "is_ccct": true,
    "display_order": 40
  }
},
{
  "pk": 19,
  "model": "rules.rule",
  "fields": {
    "is_edited": "X",
    "is_eci": true,
    "is_in_use": true,
    "label": "Capitalisation",
    "degree_type": [
      1,
      4,
      5,
      6,
      7,
      15,
      16,
      17,
      18,
      19
    ],
    "code_year": 2015,
    "n_rule": 19,
    "is_ccct": true,
    "display_order": 41
  }
},
{
  "pk": 20,
  "model": "rules.rule",
  "fields": {
    "is_edited": "X",
    "is_eci": true,
    "is_in_use": true,
    "label": "Sessions d'examens",
    "degree_type": [
      5,
      6,
      15,
      16,
      17,
      18,
      19
    ],
    "code_year": 2015,
    "n_rule": 20,
    "is_ccct": true,
    "display_order": 45
  }
},
{
  "pk": 21,
  "model": "rules.rule",
  "fields": {
    "is_edited": "X",
    "is_eci": true,
    "is_in_use": true,
    "label": "Session de rattrapage",
    "degree_type": [
      1,
      3,
      7,
      8
    ],
    "code_year": 2015,
    "n_rule": 21,
    "is_ccct": true,
    "display_order": 46
  }
},
{
  "pk": 22,
  "model": "rules.rule",
  "fields": {
    "is_edited": "X",
    "is_eci": true,
    "is_in_use": true,
    "label": "Evaluation continue int\u00e9grale - principes directeurs",
    "degree_type": [
      1,
      3,
      4,
      5,
      6,
      7
    ],
    "code_year": 2015,
    "n_rule": 22,
    "is_ccct": false,
    "display_order": 50
  }
},
{
  "pk": 23,
  "model": "rules.rule",
  "fields": {
    "is_edited": "X",
    "is_eci": true,
    "is_in_use": true,
    "label": "Organisation de l'\u00e9valuation continue int\u00e9grale",
    "degree_type": [
      1,
      3,
      4,
      5,
      6,
      7
    ],
    "code_year": 2015,
    "n_rule": 23,
    "is_ccct": false,
    "display_order": 51
  }
},
{
  "pk": 24,
  "model": "rules.rule",
  "fields": {
    "is_edited": "X",
    "is_eci": true,
    "is_in_use": true,
    "label": "Nombre d'\u00e9valuations par UE",
    "degree_type": [
      1,
      3,
      5,
      6,
      7
    ],
    "code_year": 2015,
    "n_rule": 24,
    "is_ccct": false,
    "display_order": 52
  }
},
{
  "pk": 25,
  "model": "rules.rule",
  "fields": {
    "is_edited": "X",
    "is_eci": true,
    "is_in_use": true,
    "label": "Modalit\u00e9s de correction des \u00e9valuations et de restitution p\u00e9dagogique aux \u00e9tudiants",
    "degree_type": [
      1,
      3,
      4,
      5,
      6,
      7,
      8
    ],
    "code_year": 2015,
    "n_rule": 25,
    "is_ccct": false,
    "display_order": 53
  }
},
{
  "pk": 26,
  "model": "rules.rule",
  "fields": {
    "is_edited": "X",
    "is_eci": true,
    "is_in_use": true,
    "label": "Absence aux \u00e9preuves avec convocation",
    "degree_type": [
      1,
      3,
      4,
      5,
      6,
      7,
      8
    ],
    "code_year": 2015,
    "n_rule": 26,
    "is_ccct": false,
    "display_order": 54
  }
},
{
  "pk": 27,
  "model": "rules.rule",
  "fields": {
    "is_edited": "X",
    "is_eci": true,
    "is_in_use": true,
    "label": "Absence aux \u00e9preuves sans convocation",
    "degree_type": [
      1,
      3,
      4,
      5,
      6,
      7,
      8
    ],
    "code_year": 2015,
    "n_rule": 27,
    "is_ccct": false,
    "display_order": 55
  }
},
{
  "pk": 28,
  "model": "rules.rule",
  "fields": {
    "is_edited": "X",
    "is_eci": true,
    "is_in_use": true,
    "label": "Session de rattrapage en ECI",
    "degree_type": [
      1,
      3,
      4,
      5,
      6,
      7,
      8
    ],
    "code_year": 2015,
    "n_rule": 28,
    "is_ccct": false,
    "display_order": 56
  }
},
{
  "pk": 29,
  "model": "rules.rule",
  "fields": {
    "is_edited": "X",
    "is_eci": false,
    "is_in_use": true,
    "label": "Absence aux \u00e9preuves terminales",
    "degree_type": [
      1,
      3,
      4,
      5,
      6,
      7,
      8,
      15,
      16,
      17,
      18,
      19
    ],
    "code_year": 2015,
    "n_rule": 29,
    "is_ccct": true,
    "display_order": 71
  }
},
{
  "pk": 30,
  "model": "rules.rule",
  "fields": {
    "is_edited": "X",
    "is_eci": false,
    "is_in_use": true,
    "label": "Absence aux \u00e9preuves de contr\u00f4le continu",
    "degree_type": [
      1,
      3,
      4,
      5,
      6,
      7,
      8,
      15,
      16,
      17,
      18,
      19
    ],
    "code_year": 2015,
    "n_rule": 30,
    "is_ccct": true,
    "display_order": 72
  }
},
{
  "pk": 31,
  "model": "rules.rule",
  "fields": {
    "is_edited": "X",
    "is_eci": false,
    "is_in_use": true,
    "label": "Organisation des \u00e9preuves",
    "degree_type": [
      1,
      3,
      4,
      5,
      6,
      7,
      8,
      15,
      16,
      17,
      18,
      19
    ],
    "code_year": 2015,
    "n_rule": 31,
    "is_ccct": true,
    "display_order": 74
  }
},
{
  "pk": 32,
  "model": "rules.rule",
  "fields": {
    "is_edited": "X",
    "is_eci": false,
    "is_in_use": true,
    "label": "Anonymat des \u00e9preuves",
    "degree_type": [
      7,
      14,
      15,
      16,
      17,
      18,
      19
    ],
    "code_year": 2015,
    "n_rule": 32,
    "is_ccct": true,
    "display_order": 75
  }
},
{
  "pk": 33,
  "model": "rules.rule",
  "fields": {
    "is_edited": "X",
    "is_eci": false,
    "is_in_use": true,
    "label": "Report de note de la session principale \u00e0 la session de rattrapage en licence",
    "degree_type": [
      5,
      6
    ],
    "code_year": 2015,
    "n_rule": 33,
    "is_ccct": true,
    "display_order": 80
  }
},
{
  "pk": 34,
  "model": "rules.rule",
  "fields": {
    "is_edited": "X",
    "is_eci": true,
    "is_in_use": true,
    "label": "Modalit\u00e9s d'acc\u00e8s et de progression en DAEU",
    "degree_type": [
      1
    ],
    "code_year": 2015,
    "n_rule": 34,
    "is_ccct": true,
    "display_order": 1
  }
},
{
  "pk": 35,
  "model": "rules.rule",
  "fields": {
    "is_edited": "X",
    "is_eci": true,
    "is_in_use": true,
    "label": "Modalit\u00e9s de progression en DUT",
    "degree_type": [
      3
    ],
    "code_year": 2015,
    "n_rule": 35,
    "is_ccct": true,
    "display_order": 1
  }
},
{
  "pk": 36,
  "model": "rules.rule",
  "fields": {
    "is_edited": "X",
    "is_eci": true,
    "is_in_use": true,
    "label": "Modalit\u00e9s de progression en DEUST",
    "degree_type": [
      4
    ],
    "code_year": 2015,
    "n_rule": 36,
    "is_ccct": true,
    "display_order": 1
  }
},
{
  "pk": 37,
  "model": "rules.rule",
  "fields": {
    "is_edited": "X",
    "is_eci": false,
    "is_in_use": true,
    "label": "Modalit\u00e9s de progression en PACES",
    "degree_type": [
      14
    ],
    "code_year": 2015,
    "n_rule": 37,
    "is_ccct": true,
    "display_order": 1
  }
},
{
  "pk": 38,
  "model": "rules.rule",
  "fields": {
    "is_edited": "X",
    "is_eci": false,
    "is_in_use": true,
    "label": "Modalit\u00e9s de progression en DFG",
    "degree_type": [
      15
    ],
    "code_year": 2015,
    "n_rule": 38,
    "is_ccct": true,
    "display_order": 1
  }
},
{
  "pk": 39,
  "model": "rules.rule",
  "fields": {
    "is_edited": "X",
    "is_eci": false,
    "is_in_use": true,
    "label": "Modalit\u00e9s de progression en DFA",
    "degree_type": [
      16
    ],
    "code_year": 2015,
    "n_rule": 39,
    "is_ccct": true,
    "display_order": 1
  }
},
{
  "pk": 40,
  "model": "rules.rule",
  "fields": {
    "is_edited": "X",
    "is_eci": false,
    "is_in_use": true,
    "label": "Modalit\u00e9s d'acc\u00e8s au dipl\u00f4me d'Etat de Sant\u00e9",
    "degree_type": [
      17,
      18,
      19
    ],
    "code_year": 2015,
    "n_rule": 40,
    "is_ccct": true,
    "display_order": 1
  }
},
{
  "pk": 41,
  "model": "rules.rule",
  "fields": {
    "is_edited": "X",
    "is_eci": false,
    "is_in_use": true,
    "label": "Inscriptions administratives en PACES",
    "degree_type": [
      14
    ],
    "code_year": 2015,
    "n_rule": 41,
    "is_ccct": true,
    "display_order": 6
  }
},
{
  "pk": 42,
  "model": "rules.rule",
  "fields": {
    "is_edited": "X",
    "is_eci": false,
    "is_in_use": true,
    "label": "Inscriptions administratives en DFA",
    "degree_type": [
      16
    ],
    "code_year": 2015,
    "n_rule": 42,
    "is_ccct": true,
    "display_order": 6
  }
},
{
  "pk": 43,
  "model": "rules.rule",
  "fields": {
    "is_edited": "X",
    "is_eci": false,
    "is_in_use": true,
    "label": "Inscriptions administratives en Th\u00e8se en vue du DE de docteur en m\u00e9decine",
    "degree_type": [
      19
    ],
    "code_year": 2015,
    "n_rule": 43,
    "is_ccct": true,
    "display_order": 6
  }
},
{
  "pk": 44,
  "model": "rules.rule",
  "fields": {
    "is_edited": "X",
    "is_eci": false,
    "is_in_use": true,
    "label": "Inscriptions administratives en Th\u00e8se en vue du DE de docteur en pharmacie",
    "degree_type": [
      17
    ],
    "code_year": 2015,
    "n_rule": 44,
    "is_ccct": true,
    "display_order": 6
  }
},
{
  "pk": 45,
  "model": "rules.rule",
  "fields": {
    "is_edited": "X",
    "is_eci": false,
    "is_in_use": true,
    "label": "Inscriptions administratives en Th\u00e8se en vue du DE de docteur en chirurgie dentaire",
    "degree_type": [
      18
    ],
    "code_year": 2015,
    "n_rule": 45,
    "is_ccct": true,
    "display_order": 6
  }
},
{
  "pk": 46,
  "model": "rules.rule",
  "fields": {
    "is_edited": "X",
    "is_eci": false,
    "is_in_use": true,
    "label": "Inscriptions p\u00e9dagogiques en PACES",
    "degree_type": [
      14
    ],
    "code_year": 2015,
    "n_rule": 46,
    "is_ccct": true,
    "display_order": 8
  }
},
{
  "pk": 47,
  "model": "rules.rule",
  "fields": {
    "is_edited": "X",
    "is_eci": true,
    "is_in_use": true,
    "label": "Validation d'acquis en DAEU",
    "degree_type": [
      1
    ],
    "code_year": 2015,
    "n_rule": 47,
    "is_ccct": true,
    "display_order": 13
  }
},
{
  "pk": 48,
  "model": "rules.rule",
  "fields": {
    "is_edited": "X",
    "is_eci": true,
    "is_in_use": true,
    "label": "Notation des QCM, QRC et QCD",
    "degree_type": [
      1,
      3,
      4,
      5,
      6,
      7,
      8,
      14,
      15,
      16,
      17,
      18,
      19
    ],
    "code_year": 2015,
    "n_rule": 48,
    "is_ccct": true,
    "display_order": 16
  }
},
{
  "pk": 51,
  "model": "rules.rule",
  "fields": {
    "is_edited": "X",
    "is_eci": true,
    "is_in_use": true,
    "label": "Jury du DAEU",
    "degree_type": [
      1
    ],
    "code_year": 2015,
    "n_rule": 51,
    "is_ccct": true,
    "display_order": 20
  }
},
{
  "pk": 52,
  "model": "rules.rule",
  "fields": {
    "is_edited": "X",
    "is_eci": false,
    "is_in_use": true,
    "label": "Jurys des certificats de sant\u00e9",
    "degree_type": [
      16
    ],
    "code_year": 2015,
    "n_rule": 52,
    "is_ccct": true,
    "display_order": 21
  }
},
{
  "pk": 53,
  "model": "rules.rule",
  "fields": {
    "is_edited": "X",
    "is_eci": false,
    "is_in_use": true,
    "label": "Th\u00e8se d'exercice en vue du DE de docteur en pharmacie",
    "degree_type": [
      17
    ],
    "code_year": 2015,
    "n_rule": 53,
    "is_ccct": true,
    "display_order": 21
  }
},
{
  "pk": 54,
  "model": "rules.rule",
  "fields": {
    "is_edited": "X",
    "is_eci": false,
    "is_in_use": true,
    "label": "Th\u00e8se d'exercice en vue du DE de docteur en m\u00e9decine",
    "degree_type": [
      19
    ],
    "code_year": 2015,
    "n_rule": 54,
    "is_ccct": true,
    "display_order": 21
  }
},
{
  "pk": 55,
  "model": "rules.rule",
  "fields": {
    "is_edited": "X",
    "is_eci": false,
    "is_in_use": true,
    "label": "Th\u00e8se d'exercice en vue du DE de docteur en chirurgie dentaire",
    "degree_type": [
      18
    ],
    "code_year": 2015,
    "n_rule": 55,
    "is_ccct": true,
    "display_order": 21
  }
},
{
  "pk": 56,
  "model": "rules.rule",
  "fields": {
    "is_edited": "X",
    "is_eci": true,
    "is_in_use": true,
    "label": "Jury du DUT",
    "degree_type": [
      3
    ],
    "code_year": 2015,
    "n_rule": 56,
    "is_ccct": true,
    "display_order": 21
  }
},
{
  "pk": 57,
  "model": "rules.rule",
  "fields": {
    "is_edited": "X",
    "is_eci": true,
    "is_in_use": true,
    "label": "Compensation en licence professionnelle",
    "degree_type": [
      6
    ],
    "code_year": 2015,
    "n_rule": 57,
    "is_ccct": true,
    "display_order": 26
  }
},
{
  "pk": 58,
  "model": "rules.rule",
  "fields": {
    "is_edited": "X",
    "is_eci": true,
    "is_in_use": true,
    "label": "Compensation en DEUST",
    "degree_type": [
      4
    ],
    "code_year": 2015,
    "n_rule": 58,
    "is_ccct": true,
    "display_order": 26
  }
},
{
  "pk": 59,
  "model": "rules.rule",
  "fields": {
    "is_edited": "X",
    "is_eci": false,
    "is_in_use": true,
    "label": "Compensation en DAEU (r\u00e9gime CC/CT)",
    "degree_type": [
      1
    ],
    "code_year": 2015,
    "n_rule": 59,
    "is_ccct": true,
    "display_order": 26
  }
},
{
  "pk": 60,
  "model": "rules.rule",
  "fields": {
    "is_edited": "X",
    "is_eci": true,
    "is_in_use": true,
    "label": "Compensation en DAEU (r\u00e9gime ECI)",
    "degree_type": [
      1
    ],
    "code_year": 2015,
    "n_rule": 60,
    "is_ccct": false,
    "display_order": 26
  }
},
{
  "pk": 61,
  "model": "rules.rule",
  "fields": {
    "is_edited": "X",
    "is_eci": true,
    "is_in_use": true,
    "label": "Compensation en DUT",
    "degree_type": [
      3
    ],
    "code_year": 2015,
    "n_rule": 61,
    "is_ccct": true,
    "display_order": 26
  }
},
{
  "pk": 62,
  "model": "rules.rule",
  "fields": {
    "is_edited": "X",
    "is_eci": true,
    "is_in_use": true,
    "label": "Compensation en DFG, DFA et DE",
    "degree_type": [
      15,
      16,
      17,
      18,
      19
    ],
    "code_year": 2015,
    "n_rule": 62,
    "is_ccct": true,
    "display_order": 26
  }
},
{
  "pk": 63,
  "model": "rules.rule",
  "fields": {
    "is_edited": "X",
    "is_eci": true,
    "is_in_use": true,
    "label": "Calcul de la moyenne g\u00e9n\u00e9rale en DEUST",
    "degree_type": [
      4
    ],
    "code_year": 2015,
    "n_rule": 63,
    "is_ccct": true,
    "display_order": 30
  }
},
{
  "pk": 64,
  "model": "rules.rule",
  "fields": {
    "is_edited": "X",
    "is_eci": false,
    "is_in_use": true,
    "label": "Classement et validation en PACES",
    "degree_type": [
      14
    ],
    "code_year": 2015,
    "n_rule": 64,
    "is_ccct": true,
    "display_order": 30
  }
},
{
  "pk": 65,
  "model": "rules.rule",
  "fields": {
    "is_edited": "X",
    "is_eci": false,
    "is_in_use": true,
    "label": "Validation du DFG",
    "degree_type": [
      15
    ],
    "code_year": 2015,
    "n_rule": 65,
    "is_ccct": true,
    "display_order": 30
  }
},
{
  "pk": 66,
  "model": "rules.rule",
  "fields": {
    "is_edited": "X",
    "is_eci": false,
    "is_in_use": true,
    "label": "Validation du DFA",
    "degree_type": [
      16
    ],
    "code_year": 2015,
    "n_rule": 66,
    "is_ccct": true,
    "display_order": 30
  }
},
{
  "pk": 67,
  "model": "rules.rule",
  "fields": {
    "is_edited": "X",
    "is_eci": false,
    "is_in_use": true,
    "label": "Validation du dipl\u00f4me de Docteur",
    "degree_type": [
      17,
      18,
      19
    ],
    "code_year": 2015,
    "n_rule": 67,
    "is_ccct": true,
    "display_order": 30
  }
},
{
  "pk": 68,
  "model": "rules.rule",
  "fields": {
    "is_edited": "X",
    "is_eci": false,
    "is_in_use": true,
    "label": "Conservation d'une note d'une ann\u00e9e sur l'autre en PACES",
    "degree_type": [
      14
    ],
    "code_year": 2015,
    "n_rule": 68,
    "is_ccct": true,
    "display_order": 40
  }
},
{
  "pk": 69,
  "model": "rules.rule",
  "fields": {
    "is_edited": "X",
    "is_eci": true,
    "is_in_use": true,
    "label": "Capitalisation en licence professionnelle",
    "degree_type": [
      6
    ],
    "code_year": 2015,
    "n_rule": 69,
    "is_ccct": true,
    "display_order": 41
  }
},
{
  "pk": 70,
  "model": "rules.rule",
  "fields": {
    "is_edited": "X",
    "is_eci": true,
    "is_in_use": true,
    "label": "Capitalisation en DUT",
    "degree_type": [
      3
    ],
    "code_year": 2015,
    "n_rule": 70,
    "is_ccct": true,
    "display_order": 41
  }
},
{
  "pk": 71,
  "model": "rules.rule",
  "fields": {
    "is_edited": "X",
    "is_eci": false,
    "is_in_use": true,
    "label": "Session d'examen en PACES",
    "degree_type": [
      14
    ],
    "code_year": 2015,
    "n_rule": 71,
    "is_ccct": true,
    "display_order": 45
  }
},
{
  "pk": 72,
  "model": "rules.rule",
  "fields": {
    "is_edited": "X",
    "is_eci": false,
    "is_in_use": true,
    "label": "Epreuves de la session de rattrapage en licence (CC/CT)",
    "degree_type": [
      5,
      6
    ],
    "code_year": 2015,
    "n_rule": 72,
    "is_ccct": true,
    "display_order": 47
  }
},
{
  "pk": 73,
  "model": "rules.rule",
  "fields": {
    "is_edited": "X",
    "is_eci": true,
    "is_in_use": true,
    "label": "Session de rattrapage en DEUST",
    "degree_type": [
      4
    ],
    "code_year": 2015,
    "n_rule": 73,
    "is_ccct": true,
    "display_order": 46
  }
},
{
  "pk": 74,
  "model": "rules.rule",
  "fields": {
    "is_edited": "X",
    "is_eci": false,
    "is_in_use": true,
    "label": "Epreuves de la session de rattrapage (CC/CT)",
    "degree_type": [
      1,
      3,
      4,
      7,
      8
    ],
    "code_year": 2015,
    "n_rule": 74,
    "is_ccct": true,
    "display_order": 47
  }
},
{
  "pk": 75,
  "model": "rules.rule",
  "fields": {
    "is_edited": "X",
    "is_eci": false,
    "is_in_use": true,
    "label": "Absence aux \u00e9preuves du concours de PACES",
    "degree_type": [
      14
    ],
    "code_year": 2015,
    "n_rule": 75,
    "is_ccct": true,
    "display_order": 71
  }
},
{
  "pk": 76,
  "model": "rules.rule",
  "fields": {
    "is_edited": "X",
    "is_eci": false,
    "is_in_use": true,
    "label": "Report de note de la session principale \u00e0 la session de rattrapage en DFG et DFA",
    "degree_type": [
      15,
      16
    ],
    "code_year": 2015,
    "n_rule": 76,
    "is_ccct": true,
    "display_order": 80
  }
},
{
  "pk": 77,
  "model": "rules.rule",
  "fields": {
    "is_edited": "X",
    "is_eci": true,
    "is_in_use": true,
    "label": "Jurys du DEUST",
    "degree_type": [
      4
    ],
    "code_year": 2015,
    "n_rule": 77,
    "is_ccct": true,
    "display_order": 21
  }
},
{
  "pk": 78,
  "model": "rules.rule",
  "fields": {
    "is_edited": "X",
    "is_eci": true,
    "is_in_use": true,
    "label": "Stages",
    "degree_type": [
      1,
      3,
      4,
      5,
      6,
      7,
      8,
      15,
      16,
      17,
      18,
      19
    ],
    "code_year": 2015,
    "n_rule": 78,
    "is_ccct": true,
    "display_order": 18
  }
},
{
  "pk": 79,
  "model": "rules.rule",
  "fields": {
    "is_edited": "X",
    "is_eci": true,
    "is_in_use": true,
    "label": "R\u00e8gle(s) additionnelle(s)",
    "degree_type": [
      1,
      3,
      4,
      5,
      6,
      7,
      8,
      14,
      15,
      16,
      17,
      18,
      19
    ],
    "code_year": 2015,
    "n_rule": 79,
    "is_ccct": true,
    "display_order": 999
  }
},
{
  "pk": 104,
  "model": "rules.rule",
  "fields": {
    "is_edited": "X",
    "is_eci": true,
    "is_in_use": true,
    "label": "Modalit\u00e9s d\u2019acc\u00e8s et de progression en dipl\u00f4me d\u2019universit\u00e9",
    "degree_type": [
      8
    ],
    "code_year": 2015,
    "n_rule": 80,
    "is_ccct": true,
    "display_order": 1
  }
},
{
  "pk": 105,
  "model": "rules.rule",
  "fields": {
    "is_edited": "X",
    "is_eci": true,
    "is_in_use": true,
    "label": "Assiduit\u00e9 en dipl\u00f4me d\u2019universit\u00e9",
    "degree_type": [
      8
    ],
    "code_year": 2015,
    "n_rule": 105,
    "is_ccct": true,
    "display_order": 10
  }
},
{
  "pk": 106,
  "model": "rules.rule",
  "fields": {
    "is_edited": "X",
    "is_eci": true,
    "is_in_use": true,
    "label": "Validation d\u2019acquis en dipl\u00f4me d\u2019universit\u00e9",
    "degree_type": [
      8
    ],
    "code_year": 2015,
    "n_rule": 106,
    "is_ccct": true,
    "display_order": 12
  }
},
{
  "pk": 107,
  "model": "rules.rule",
  "fields": {
    "is_edited": "X",
    "is_eci": true,
    "is_in_use": true,
    "label": "Cas particulier d\u2019un m\u00e9moire de recherche ou d\u2019un rapport de stage en DU",
    "degree_type": [
      8
    ],
    "code_year": 2015,
    "n_rule": 107,
    "is_ccct": true,
    "display_order": 19
  }
},
{
  "pk": 108,
  "model": "rules.rule",
  "fields": {
    "is_edited": "X",
    "is_eci": true,
    "is_in_use": true,
    "label": "Compensation en dipl\u00f4me d\u2019universit\u00e9",
    "degree_type": [
      8
    ],
    "code_year": 2015,
    "n_rule": 108,
    "is_ccct": true,
    "display_order": 25
  }
},
{
  "pk": 109,
  "model": "rules.rule",
  "fields": {
    "is_edited": "X",
    "is_eci": true,
    "is_in_use": true,
    "label": "Calcul de la moyenne g\u00e9n\u00e9rale en dipl\u00f4me d\u2019universit\u00e9",
    "degree_type": [
      8
    ],
    "code_year": 2015,
    "n_rule": 109,
    "is_ccct": true,
    "display_order": 30
  }
},
{
  "pk": 110,
  "model": "rules.rule",
  "fields": {
    "is_edited": "X",
    "is_eci": true,
    "is_in_use": true,
    "label": "Capitalisation en dipl\u00f4me d\u2019universit\u00e9",
    "degree_type": [
      8
    ],
    "code_year": 2015,
    "n_rule": 110,
    "is_ccct": true,
    "display_order": 41
  }
},
{
  "pk": 111,
  "model": "rules.rule",
  "fields": {
    "is_edited": "X",
    "is_eci": false,
    "is_in_use": true,
    "label": "Report de note de la session principale \u00e0 la session de rattrapage",
    "degree_type": [
      1,
      3,
      4,
      7,
      8,
      15,
      16,
      17,
      18,
      19
    ],
    "code_year": 2015,
    "n_rule": 111,
    "is_ccct": true,
    "display_order": 80
  }
},
{
  "pk": 203,
  "model": "rules.rule",
  "fields": {
    "is_edited": "N",
    "is_eci": true,
    "is_in_use": true,
    "label": "Modalit\u00e9s d'acc\u00e8s et de progression en master",
    "degree_type": [
      7
    ],
    "code_year": 2016,
    "n_rule": 2,
    "is_ccct": true,
    "display_order": 1
  }
},
{
  "pk": 204,
  "model": "rules.rule",
  "fields": {
    "is_edited": "N",
    "is_eci": true,
    "is_in_use": true,
    "label": "Modalit\u00e9s d'acc\u00e8s et de progression en DAEU",
    "degree_type": [
      1
    ],
    "code_year": 2016,
    "n_rule": 34,
    "is_ccct": true,
    "display_order": 1
  }
},
{
  "pk": 205,
  "model": "rules.rule",
  "fields": {
    "is_edited": "N",
    "is_eci": true,
    "is_in_use": true,
    "label": "Modalit\u00e9s de progression en DUT",
    "degree_type": [
      3
    ],
    "code_year": 2016,
    "n_rule": 35,
    "is_ccct": true,
    "display_order": 1
  }
},
{
  "pk": 206,
  "model": "rules.rule",
  "fields": {
    "is_edited": "N",
    "is_eci": false,
    "is_in_use": true,
    "label": "Modalit\u00e9s de progression en DFG",
    "degree_type": [
      15
    ],
    "code_year": 2016,
    "n_rule": 38,
    "is_ccct": true,
    "display_order": 1
  }
},
{
  "pk": 207,
  "model": "rules.rule",
  "fields": {
    "is_edited": "N",
    "is_eci": false,
    "is_in_use": true,
    "label": "Modalit\u00e9s de progression en DFA",
    "degree_type": [
      16
    ],
    "code_year": 2016,
    "n_rule": 39,
    "is_ccct": true,
    "display_order": 1
  }
},
{
  "pk": 208,
  "model": "rules.rule",
  "fields": {
    "is_edited": "N",
    "is_eci": false,
    "is_in_use": true,
    "label": "Modalit\u00e9s d'acc\u00e8s au dipl\u00f4me d'Etat de Sant\u00e9",
    "degree_type": [
      17,
      18,
      19
    ],
    "code_year": 2016,
    "n_rule": 40,
    "is_ccct": true,
    "display_order": 1
  }
},
{
  "pk": 209,
  "model": "rules.rule",
  "fields": {
    "is_edited": "N",
    "is_eci": true,
    "is_in_use": true,
    "label": "Modalit\u00e9s d\u2019acc\u00e8s et de progression en dipl\u00f4me d\u2019universit\u00e9",
    "degree_type": [
      8
    ],
    "code_year": 2016,
    "n_rule": 80,
    "is_ccct": true,
    "display_order": 1
  }
},
{
  "pk": 210,
  "model": "rules.rule",
  "fields": {
    "is_edited": "N",
    "is_eci": true,
    "is_in_use": true,
    "label": "Inscriptions administratives",
    "degree_type": [
      1,
      3,
      4,
      5,
      6,
      7,
      8,
      14,
      15,
      16,
      17,
      18,
      25
    ],
    "code_year": 2016,
    "n_rule": 3,
    "is_ccct": true,
    "display_order": 5
  }
},
{
  "pk": 211,
  "model": "rules.rule",
  "fields": {
    "is_edited": "N",
    "is_eci": false,
    "is_in_use": true,
    "label": "Inscriptions administratives en PACES",
    "degree_type": [
      14
    ],
    "code_year": 2016,
    "n_rule": 41,
    "is_ccct": true,
    "display_order": 6
  }
},
{
  "pk": 212,
  "model": "rules.rule",
  "fields": {
    "is_edited": "N",
    "is_eci": false,
    "is_in_use": true,
    "label": "Inscriptions administratives en DFA",
    "degree_type": [
      16
    ],
    "code_year": 2016,
    "n_rule": 42,
    "is_ccct": true,
    "display_order": 6
  }
},
{
  "pk": 213,
  "model": "rules.rule",
  "fields": {
    "is_edited": "N",
    "is_eci": false,
    "is_in_use": true,
    "label": "Inscriptions administratives en Th\u00e8se en vue du DE de docteur en m\u00e9decine",
    "degree_type": [
      19
    ],
    "code_year": 2016,
    "n_rule": 43,
    "is_ccct": true,
    "display_order": 6
  }
},
{
  "pk": 214,
  "model": "rules.rule",
  "fields": {
    "is_edited": "N",
    "is_eci": false,
    "is_in_use": true,
    "label": "Inscriptions administratives en Th\u00e8se en vue du DE de docteur en pharmacie",
    "degree_type": [
      17
    ],
    "code_year": 2016,
    "n_rule": 44,
    "is_ccct": true,
    "display_order": 6
  }
},
{
  "pk": 215,
  "model": "rules.rule",
  "fields": {
    "is_edited": "N",
    "is_eci": false,
    "is_in_use": true,
    "label": "Inscriptions administratives en Th\u00e8se en vue du DE de docteur en chirurgie dentaire",
    "degree_type": [
      18
    ],
    "code_year": 2016,
    "n_rule": 45,
    "is_ccct": true,
    "display_order": 6
  }
},
{
  "pk": 216,
  "model": "rules.rule",
  "fields": {
    "is_edited": "N",
    "is_eci": true,
    "is_in_use": true,
    "label": "Inscriptions p\u00e9dagogiques",
    "degree_type": [
      1,
      2,
      3,
      4,
      5,
      6,
      7,
      8,
      15,
      16,
      17,
      18,
      19,
      21,
      22
    ],
    "code_year": 2016,
    "n_rule": 4,
    "is_ccct": true,
    "display_order": 8
  }
},
{
  "pk": 217,
  "model": "rules.rule",
  "fields": {
    "is_edited": "N",
    "is_eci": false,
    "is_in_use": true,
    "label": "Inscriptions p\u00e9dagogiques en PACES",
    "degree_type": [
      14
    ],
    "code_year": 2016,
    "n_rule": 46,
    "is_ccct": true,
    "display_order": 8
  }
},
{
  "pk": 218,
  "model": "rules.rule",
  "fields": {
    "is_edited": "N",
    "is_eci": true,
    "is_in_use": true,
    "label": "Assiduit\u00e9",
    "degree_type": [
      1,
      3,
      5,
      6,
      7,
      14,
      15,
      16,
      17,
      18,
      19
    ],
    "code_year": 2016,
    "n_rule": 5,
    "is_ccct": true,
    "display_order": 10
  }
},
{
  "pk": 219,
  "model": "rules.rule",
  "fields": {
    "is_edited": "N",
    "is_eci": true,
    "is_in_use": true,
    "label": "Assiduit\u00e9 en dipl\u00f4me d\u2019universit\u00e9",
    "degree_type": [
      8
    ],
    "code_year": 2016,
    "n_rule": 105,
    "is_ccct": true,
    "display_order": 10
  }
},
{
  "pk": 220,
  "model": "rules.rule",
  "fields": {
    "is_edited": "N",
    "is_eci": true,
    "is_in_use": true,
    "label": "Validation d\u2019acquis en dipl\u00f4me d\u2019universit\u00e9",
    "degree_type": [
      8
    ],
    "code_year": 2016,
    "n_rule": 106,
    "is_ccct": true,
    "display_order": 12
  }
},
{
  "pk": 221,
  "model": "rules.rule",
  "fields": {
    "is_edited": "N",
    "is_eci": true,
    "is_in_use": true,
    "label": "Validation d'acquis",
    "degree_type": [
      3,
      4,
      5,
      6,
      7
    ],
    "code_year": 2016,
    "n_rule": 6,
    "is_ccct": true,
    "display_order": 13
  }
},
{
  "pk": 222,
  "model": "rules.rule",
  "fields": {
    "is_edited": "N",
    "is_eci": true,
    "is_in_use": true,
    "label": "Validation d'acquis en DAEU",
    "degree_type": [
      1
    ],
    "code_year": 2016,
    "n_rule": 47,
    "is_ccct": true,
    "display_order": 13
  }
},
{
  "pk": 223,
  "model": "rules.rule",
  "fields": {
    "is_edited": "N",
    "is_eci": true,
    "is_in_use": true,
    "label": "Etudes accomplies \u00e0 l'\u00e9tranger",
    "degree_type": [
      3,
      4,
      5,
      6,
      7,
      15,
      16,
      17,
      18,
      19
    ],
    "code_year": 2016,
    "n_rule": 7,
    "is_ccct": true,
    "display_order": 14
  }
},
{
  "pk": 224,
  "model": "rules.rule",
  "fields": {
    "is_edited": "N",
    "is_eci": true,
    "is_in_use": true,
    "label": "Notation des QCM, QRC et QCD",
    "degree_type": [
      1,
      3,
      4,
      5,
      6,
      7,
      8,
      14,
      15,
      16,
      17,
      18,
      19
    ],
    "code_year": 2016,
    "n_rule": 48,
    "is_ccct": true,
    "display_order": 16
  }
},
{
  "pk": 225,
  "model": "rules.rule",
  "fields": {
    "is_edited": "N",
    "is_eci": true,
    "is_in_use": true,
    "label": "Stages",
    "degree_type": [
      1,
      3,
      4,
      5,
      6,
      7,
      8,
      15,
      16,
      17,
      18,
      19
    ],
    "code_year": 2016,
    "n_rule": 78,
    "is_ccct": true,
    "display_order": 18
  }
},
{
  "pk": 226,
  "model": "rules.rule",
  "fields": {
    "is_edited": "N",
    "is_eci": true,
    "is_in_use": true,
    "label": "Cas particulier d\u2019un m\u00e9moire de recherche ou d\u2019un rapport de stage",
    "degree_type": [
      7
    ],
    "code_year": 2016,
    "n_rule": 8,
    "is_ccct": true,
    "display_order": 19
  }
},
{
  "pk": 227,
  "model": "rules.rule",
  "fields": {
    "is_edited": "N",
    "is_eci": true,
    "is_in_use": true,
    "label": "Cas particulier d\u2019un m\u00e9moire de recherche ou d\u2019un rapport de stage en DU",
    "degree_type": [
      8
    ],
    "code_year": 2016,
    "n_rule": 107,
    "is_ccct": true,
    "display_order": 19
  }
},
{
  "pk": 228,
  "model": "rules.rule",
  "fields": {
    "is_edited": "N",
    "is_eci": true,
    "is_in_use": true,
    "label": "Jurys",
    "degree_type": [
      3,
      4,
      5,
      6,
      7,
      8,
      15,
      16,
      17,
      18,
      19
    ],
    "code_year": 2016,
    "n_rule": 9,
    "is_ccct": true,
    "display_order": 20
  }
},
{
  "pk": 229,
  "model": "rules.rule",
  "fields": {
    "is_edited": "N",
    "is_eci": true,
    "is_in_use": true,
    "label": "Jury du DAEU",
    "degree_type": [
      1
    ],
    "code_year": 2016,
    "n_rule": 51,
    "is_ccct": true,
    "display_order": 20
  }
},
{
  "pk": 230,
  "model": "rules.rule",
  "fields": {
    "is_edited": "N",
    "is_eci": false,
    "is_in_use": true,
    "label": "Jurys des certificats de sant\u00e9",
    "degree_type": [
      16
    ],
    "code_year": 2016,
    "n_rule": 52,
    "is_ccct": true,
    "display_order": 21
  }
},
{
  "pk": 231,
  "model": "rules.rule",
  "fields": {
    "is_edited": "N",
    "is_eci": false,
    "is_in_use": true,
    "label": "Th\u00e8se d'exercice en vue du DE de docteur en pharmacie",
    "degree_type": [
      17
    ],
    "code_year": 2016,
    "n_rule": 53,
    "is_ccct": true,
    "display_order": 21
  }
},
{
  "pk": 232,
  "model": "rules.rule",
  "fields": {
    "is_edited": "N",
    "is_eci": false,
    "is_in_use": true,
    "label": "Th\u00e8se d'exercice en vue du DE de docteur en m\u00e9decine",
    "degree_type": [
      19
    ],
    "code_year": 2016,
    "n_rule": 54,
    "is_ccct": true,
    "display_order": 21
  }
},
{
  "pk": 233,
  "model": "rules.rule",
  "fields": {
    "is_edited": "N",
    "is_eci": false,
    "is_in_use": true,
    "label": "Th\u00e8se d'exercice en vue du DE de docteur en chirurgie dentaire",
    "degree_type": [
      18
    ],
    "code_year": 2016,
    "n_rule": 55,
    "is_ccct": true,
    "display_order": 21
  }
},
{
  "pk": 234,
  "model": "rules.rule",
  "fields": {
    "is_edited": "N",
    "is_eci": true,
    "is_in_use": true,
    "label": "Jury du DUT",
    "degree_type": [
      3
    ],
    "code_year": 2016,
    "n_rule": 56,
    "is_ccct": true,
    "display_order": 21
  }
},
{
  "pk": 235,
  "model": "rules.rule",
  "fields": {
    "is_edited": "N",
    "is_eci": true,
    "is_in_use": true,
    "label": "Jurys du DEUST",
    "degree_type": [
      4
    ],
    "code_year": 2016,
    "n_rule": 77,
    "is_ccct": true,
    "display_order": 21
  }
},
{
  "pk": 236,
  "model": "rules.rule",
  "fields": {
    "is_edited": "N",
    "is_eci": true,
    "is_in_use": true,
    "label": "Compensation",
    "degree_type": [
      1,
      3,
      5,
      7
    ],
    "code_year": 2016,
    "n_rule": 10,
    "is_ccct": true,
    "display_order": 25
  }
},
{
  "pk": 237,
  "model": "rules.rule",
  "fields": {
    "is_edited": "N",
    "is_eci": true,
    "is_in_use": true,
    "label": "Compensation en dipl\u00f4me d\u2019universit\u00e9",
    "degree_type": [
      8
    ],
    "code_year": 2016,
    "n_rule": 108,
    "is_ccct": true,
    "display_order": 25
  }
},
{
  "pk": 238,
  "model": "rules.rule",
  "fields": {
    "is_edited": "N",
    "is_eci": true,
    "is_in_use": true,
    "label": "Compensation en licence ",
    "degree_type": [
      5
    ],
    "code_year": 2016,
    "n_rule": 11,
    "is_ccct": true,
    "display_order": 26
  }
},
{
  "pk": 239,
  "model": "rules.rule",
  "fields": {
    "is_edited": "N",
    "is_eci": true,
    "is_in_use": true,
    "label": "Compensation en master",
    "degree_type": [
      7
    ],
    "code_year": 2016,
    "n_rule": 12,
    "is_ccct": true,
    "display_order": 26
  }
},
{
  "pk": 240,
  "model": "rules.rule",
  "fields": {
    "is_edited": "N",
    "is_eci": true,
    "is_in_use": true,
    "label": "Compensation en licence professionnelle",
    "degree_type": [
      6
    ],
    "code_year": 2016,
    "n_rule": 57,
    "is_ccct": true,
    "display_order": 26
  }
},
{
  "pk": 241,
  "model": "rules.rule",
  "fields": {
    "is_edited": "N",
    "is_eci": true,
    "is_in_use": true,
    "label": "Compensation en DEUST",
    "degree_type": [
      4
    ],
    "code_year": 2016,
    "n_rule": 58,
    "is_ccct": true,
    "display_order": 26
  }
},
{
  "pk": 242,
  "model": "rules.rule",
  "fields": {
    "is_edited": "N",
    "is_eci": false,
    "is_in_use": true,
    "label": "Compensation en DAEU (r\u00e9gime CC/CT)",
    "degree_type": [
      1
    ],
    "code_year": 2016,
    "n_rule": 59,
    "is_ccct": true,
    "display_order": 26
  }
},
{
  "pk": 243,
  "model": "rules.rule",
  "fields": {
    "is_edited": "N",
    "is_eci": true,
    "is_in_use": true,
    "label": "Compensation en DAEU (r\u00e9gime ECI)",
    "degree_type": [
      1
    ],
    "code_year": 2016,
    "n_rule": 60,
    "is_ccct": false,
    "display_order": 26
  }
},
{
  "pk": 244,
  "model": "rules.rule",
  "fields": {
    "is_edited": "N",
    "is_eci": true,
    "is_in_use": true,
    "label": "Compensation en DUT",
    "degree_type": [
      3
    ],
    "code_year": 2016,
    "n_rule": 61,
    "is_ccct": true,
    "display_order": 26
  }
},
{
  "pk": 245,
  "model": "rules.rule",
  "fields": {
    "is_edited": "N",
    "is_eci": true,
    "is_in_use": true,
    "label": "Compensation en DFG, DFA et DE",
    "degree_type": [
      15,
      16,
      17,
      18,
      19
    ],
    "code_year": 2016,
    "n_rule": 62,
    "is_ccct": true,
    "display_order": 26
  }
},
{
  "pk": 246,
  "model": "rules.rule",
  "fields": {
    "is_edited": "N",
    "is_eci": true,
    "is_in_use": true,
    "label": "Calcul de la moyenne g\u00e9n\u00e9rale en licence",
    "degree_type": [
      5,
      6
    ],
    "code_year": 2016,
    "n_rule": 13,
    "is_ccct": true,
    "display_order": 30
  }
},
{
  "pk": 247,
  "model": "rules.rule",
  "fields": {
    "is_edited": "N",
    "is_eci": true,
    "is_in_use": true,
    "label": "Calcul de la moyenne g\u00e9n\u00e9rale",
    "degree_type": [
      3,
      7
    ],
    "code_year": 2016,
    "n_rule": 14,
    "is_ccct": true,
    "display_order": 30
  }
},
{
  "pk": 249,
  "model": "rules.rule",
  "fields": {
    "is_edited": "N",
    "is_eci": false,
    "is_in_use": true,
    "label": "Classement et validation en PACES",
    "degree_type": [
      14
    ],
    "code_year": 2016,
    "n_rule": 64,
    "is_ccct": true,
    "display_order": 30
  }
},
{
  "pk": 250,
  "model": "rules.rule",
  "fields": {
    "is_edited": "N",
    "is_eci": false,
    "is_in_use": true,
    "label": "Validation du DFG",
    "degree_type": [
      15
    ],
    "code_year": 2016,
    "n_rule": 65,
    "is_ccct": true,
    "display_order": 30
  }
},
{
  "pk": 251,
  "model": "rules.rule",
  "fields": {
    "is_edited": "N",
    "is_eci": false,
    "is_in_use": true,
    "label": "Validation du DFA",
    "degree_type": [
      16
    ],
    "code_year": 2016,
    "n_rule": 66,
    "is_ccct": true,
    "display_order": 30
  }
},
{
  "pk": 252,
  "model": "rules.rule",
  "fields": {
    "is_edited": "N",
    "is_eci": false,
    "is_in_use": true,
    "label": "Validation du dipl\u00f4me de Docteur",
    "degree_type": [
      17,
      18,
      19
    ],
    "code_year": 2016,
    "n_rule": 67,
    "is_ccct": true,
    "display_order": 30
  }
},
{
  "pk": 253,
  "model": "rules.rule",
  "fields": {
    "is_edited": "N",
    "is_eci": true,
    "is_in_use": true,
    "label": "Calcul de la moyenne g\u00e9n\u00e9rale en dipl\u00f4me d\u2019universit\u00e9",
    "degree_type": [
      8
    ],
    "code_year": 2016,
    "n_rule": 109,
    "is_ccct": true,
    "display_order": 30
  }
},
{
  "pk": 254,
  "model": "rules.rule",
  "fields": {
    "is_edited": "N",
    "is_eci": true,
    "is_in_use": true,
    "label": "Equivalences et mentions",
    "degree_type": [
      3,
      4,
      7
    ],
    "code_year": 2016,
    "n_rule": 15,
    "is_ccct": true,
    "display_order": 31
  }
},
{
  "pk": 255,
  "model": "rules.rule",
  "fields": {
    "is_edited": "N",
    "is_eci": true,
    "is_in_use": true,
    "label": "Dipl\u00f4me interm\u00e9diaire de DEUG",
    "degree_type": [
      5,
      6
    ],
    "code_year": 2016,
    "n_rule": 16,
    "is_ccct": true,
    "display_order": 35
  }
},
{
  "pk": 256,
  "model": "rules.rule",
  "fields": {
    "is_edited": "N",
    "is_eci": true,
    "is_in_use": true,
    "label": "Dipl\u00f4me interm\u00e9diaire de ma\u00eetrise",
    "degree_type": [
      7
    ],
    "code_year": 2016,
    "n_rule": 17,
    "is_ccct": true,
    "display_order": 35
  }
},
{
  "pk": 257,
  "model": "rules.rule",
  "fields": {
    "is_edited": "O",
    "is_eci": true,
    "is_in_use": true,
    "label": "Conservation d'une note d'une ann\u00e9e sur l'autre",
    "degree_type": [
      3,
      4,
      5,
      6,
      7,
      8,
      15,
      16,
      17,
      18,
      19
    ],
    "code_year": 2016,
    "n_rule": 18,
    "is_ccct": true,
    "display_order": 40
  }
},
{
  "pk": 258,
  "model": "rules.rule",
  "fields": {
    "is_edited": "N",
    "is_eci": false,
    "is_in_use": true,
    "label": "Conservation d'une note d'une ann\u00e9e sur l'autre en PACES",
    "degree_type": [
      14
    ],
    "code_year": 2016,
    "n_rule": 68,
    "is_ccct": true,
    "display_order": 40
  }
},
{
  "pk": 259,
  "model": "rules.rule",
  "fields": {
    "is_edited": "N",
    "is_eci": true,
    "is_in_use": true,
    "label": "Capitalisation",
    "degree_type": [
      1,
      4,
      5,
      6,
      7,
      15,
      16,
      17,
      18,
      19
    ],
    "code_year": 2016,
    "n_rule": 19,
    "is_ccct": true,
    "display_order": 41
  }
},
{
  "pk": 260,
  "model": "rules.rule",
  "fields": {
    "is_edited": "N",
    "is_eci": true,
    "is_in_use": true,
    "label": "Capitalisation en licence professionnelle",
    "degree_type": [
      6
    ],
    "code_year": 2016,
    "n_rule": 69,
    "is_ccct": true,
    "display_order": 41
  }
},
{
  "pk": 261,
  "model": "rules.rule",
  "fields": {
    "is_edited": "N",
    "is_eci": true,
    "is_in_use": true,
    "label": "Capitalisation en DUT",
    "degree_type": [
      3
    ],
    "code_year": 2016,
    "n_rule": 70,
    "is_ccct": true,
    "display_order": 41
  }
},
{
  "pk": 262,
  "model": "rules.rule",
  "fields": {
    "is_edited": "N",
    "is_eci": true,
    "is_in_use": true,
    "label": "Capitalisation en dipl\u00f4me d\u2019universit\u00e9",
    "degree_type": [
      8
    ],
    "code_year": 2016,
    "n_rule": 110,
    "is_ccct": true,
    "display_order": 41
  }
},
{
  "pk": 263,
  "model": "rules.rule",
  "fields": {
    "is_edited": "N",
    "is_eci": true,
    "is_in_use": true,
    "label": "Sessions d'examens",
    "degree_type": [
      5,
      6,
      15,
      16,
      17,
      18,
      19
    ],
    "code_year": 2016,
    "n_rule": 20,
    "is_ccct": true,
    "display_order": 45
  }
},
{
  "pk": 264,
  "model": "rules.rule",
  "fields": {
    "is_edited": "N",
    "is_eci": false,
    "is_in_use": true,
    "label": "Session d'examen en PACES",
    "degree_type": [
      14
    ],
    "code_year": 2016,
    "n_rule": 71,
    "is_ccct": true,
    "display_order": 45
  }
},
{
  "pk": 265,
  "model": "rules.rule",
  "fields": {
    "is_edited": "N",
    "is_eci": true,
    "is_in_use": true,
    "label": "Session de rattrapage",
    "degree_type": [
      1,
      3,
      7,
      8
    ],
    "code_year": 2016,
    "n_rule": 21,
    "is_ccct": true,
    "display_order": 46
  }
},
{
  "pk": 266,
  "model": "rules.rule",
  "fields": {
    "is_edited": "N",
    "is_eci": true,
    "is_in_use": true,
    "label": "Session de rattrapage en DEUST",
    "degree_type": [
      4
    ],
    "code_year": 2016,
    "n_rule": 73,
    "is_ccct": true,
    "display_order": 46
  }
},
{
  "pk": 267,
  "model": "rules.rule",
  "fields": {
    "is_edited": "N",
    "is_eci": false,
    "is_in_use": true,
    "label": "Epreuves de la session de rattrapage en licence (CC/CT)",
    "degree_type": [
      5,
      6
    ],
    "code_year": 2016,
    "n_rule": 72,
    "is_ccct": true,
    "display_order": 47
  }
},
{
  "pk": 268,
  "model": "rules.rule",
  "fields": {
    "is_edited": "N",
    "is_eci": false,
    "is_in_use": true,
    "label": "Epreuves de la session de rattrapage (CC/CT)",
    "degree_type": [
      1,
      3,
      4,
      7,
      8
    ],
    "code_year": 2016,
    "n_rule": 74,
    "is_ccct": true,
    "display_order": 47
  }
},
{
  "pk": 269,
  "model": "rules.rule",
  "fields": {
    "is_edited": "N",
    "is_eci": true,
    "is_in_use": true,
    "label": "Evaluation continue int\u00e9grale - principes directeurs",
    "degree_type": [
      1,
      3,
      4,
      5,
      6,
      7
    ],
    "code_year": 2016,
    "n_rule": 22,
    "is_ccct": false,
    "display_order": 50
  }
},
{
  "pk": 270,
  "model": "rules.rule",
  "fields": {
    "is_edited": "N",
    "is_eci": true,
    "is_in_use": true,
    "label": "Organisation de l'\u00e9valuation continue int\u00e9grale",
    "degree_type": [
      1,
      3,
      4,
      5,
      6,
      7
    ],
    "code_year": 2016,
    "n_rule": 23,
    "is_ccct": false,
    "display_order": 51
  }
},
{
  "pk": 271,
  "model": "rules.rule",
  "fields": {
    "is_edited": "N",
    "is_eci": true,
    "is_in_use": true,
    "label": "Nombre d'\u00e9valuations par UE",
    "degree_type": [
      1,
      3,
      5,
      6,
      7
    ],
    "code_year": 2016,
    "n_rule": 24,
    "is_ccct": false,
    "display_order": 52
  }
},
{
  "pk": 272,
  "model": "rules.rule",
  "fields": {
    "is_edited": "N",
    "is_eci": true,
    "is_in_use": true,
    "label": "Modalit\u00e9s de correction des \u00e9valuations et de restitution p\u00e9dagogique aux \u00e9tudiants",
    "degree_type": [
      1,
      3,
      4,
      5,
      6,
      7,
      8
    ],
    "code_year": 2016,
    "n_rule": 25,
    "is_ccct": false,
    "display_order": 53
  }
},
{
  "pk": 273,
  "model": "rules.rule",
  "fields": {
    "is_edited": "N",
    "is_eci": true,
    "is_in_use": true,
    "label": "Absence aux \u00e9preuves avec convocation",
    "degree_type": [
      1,
      3,
      4,
      5,
      6,
      7,
      8
    ],
    "code_year": 2016,
    "n_rule": 26,
    "is_ccct": false,
    "display_order": 54
  }
},
{
  "pk": 274,
  "model": "rules.rule",
  "fields": {
    "is_edited": "N",
    "is_eci": true,
    "is_in_use": true,
    "label": "Absence aux \u00e9preuves sans convocation",
    "degree_type": [
      1,
      3,
      4,
      5,
      6,
      7,
      8
    ],
    "code_year": 2016,
    "n_rule": 27,
    "is_ccct": false,
    "display_order": 55
  }
},
{
  "pk": 275,
  "model": "rules.rule",
  "fields": {
    "is_edited": "N",
    "is_eci": true,
    "is_in_use": true,
    "label": "Session de rattrapage en ECI",
    "degree_type": [
      1,
      3,
      4,
      5,
      6,
      7,
      8
    ],
    "code_year": 2016,
    "n_rule": 28,
    "is_ccct": false,
    "display_order": 56
  }
},
{
  "pk": 276,
  "model": "rules.rule",
  "fields": {
    "is_edited": "N",
    "is_eci": false,
    "is_in_use": true,
    "label": "Absence aux \u00e9preuves terminales",
    "degree_type": [
      1,
      3,
      4,
      5,
      6,
      7,
      8,
      15,
      16,
      17,
      18,
      19
    ],
    "code_year": 2016,
    "n_rule": 29,
    "is_ccct": true,
    "display_order": 71
  }
},
{
  "pk": 277,
  "model": "rules.rule",
  "fields": {
    "is_edited": "N",
    "is_eci": false,
    "is_in_use": true,
    "label": "Absence aux \u00e9preuves du concours de PACES",
    "degree_type": [
      14
    ],
    "code_year": 2016,
    "n_rule": 75,
    "is_ccct": true,
    "display_order": 71
  }
},
{
  "pk": 278,
  "model": "rules.rule",
  "fields": {
    "is_edited": "N",
    "is_eci": false,
    "is_in_use": true,
    "label": "Absence aux \u00e9preuves de contr\u00f4le continu",
    "degree_type": [
      1,
      3,
      4,
      5,
      6,
      7,
      8,
      15,
      16,
      17,
      18,
      19
    ],
    "code_year": 2016,
    "n_rule": 30,
    "is_ccct": true,
    "display_order": 72
  }
},
{
  "pk": 279,
  "model": "rules.rule",
  "fields": {
    "is_edited": "N",
    "is_eci": false,
    "is_in_use": true,
    "label": "Organisation des \u00e9preuves",
    "degree_type": [
      1,
      3,
      4,
      5,
      6,
      7,
      8,
      15,
      16,
      17,
      18,
      19
    ],
    "code_year": 2016,
    "n_rule": 31,
    "is_ccct": true,
    "display_order": 74
  }
},
{
  "pk": 280,
  "model": "rules.rule",
  "fields": {
    "is_edited": "N",
    "is_eci": false,
    "is_in_use": true,
    "label": "Anonymat des \u00e9preuves",
    "degree_type": [
      7,
      14,
      15,
      16,
      17,
      18,
      19
    ],
    "code_year": 2016,
    "n_rule": 32,
    "is_ccct": true,
    "display_order": 75
  }
},
{
  "pk": 281,
  "model": "rules.rule",
  "fields": {
    "is_edited": "N",
    "is_eci": false,
    "is_in_use": true,
    "label": "Report de note de la session principale \u00e0 la session de rattrapage en licence",
    "degree_type": [
      5,
      6
    ],
    "code_year": 2016,
    "n_rule": 33,
    "is_ccct": true,
    "display_order": 80
  }
},
{
  "pk": 282,
  "model": "rules.rule",
  "fields": {
    "is_edited": "N",
    "is_eci": false,
    "is_in_use": true,
    "label": "Report de note de la session principale \u00e0 la session de rattrapage en DFG et DFA",
    "degree_type": [
      15,
      16
    ],
    "code_year": 2016,
    "n_rule": 76,
    "is_ccct": true,
    "display_order": 80
  }
},
{
  "pk": 283,
  "model": "rules.rule",
  "fields": {
    "is_edited": "N",
    "is_eci": false,
    "is_in_use": true,
    "label": "Report de note de la session principale \u00e0 la session de rattrapage",
    "degree_type": [
      1,
      3,
      4,
      7,
      8,
      15,
      16,
      17,
      18,
      19
    ],
    "code_year": 2016,
    "n_rule": 111,
    "is_ccct": true,
    "display_order": 80
  }
},
{
  "pk": 284,
  "model": "rules.rule",
  "fields": {
    "is_edited": "N",
    "is_eci": true,
    "is_in_use": true,
    "label": "R\u00e8gle(s) additionnelle(s)",
    "degree_type": [
      1,
      3,
      4,
      5,
      6,
      7,
      8,
      14,
      15,
      16,
      17,
      18,
      19
    ],
    "code_year": 2016,
    "n_rule": 79,
    "is_ccct": true,
    "display_order": 999
  }
},
{
  "pk": 285,
  "model": "rules.rule",
  "fields": {
    "is_edited": "N",
    "is_eci": true,
    "is_in_use": true,
    "label": "Modalit\u00e9s de progression en DEUST",
    "degree_type": [
      4
    ],
    "code_year": 2016,
    "n_rule": 36,
    "is_ccct": true,
    "display_order": 1
  }
},
{
  "pk": 286,
  "model": "rules.rule",
  "fields": {
    "is_edited": "N",
    "is_eci": false,
    "is_in_use": true,
    "label": "Modalit\u00e9s de progression en PACES",
    "degree_type": [
      14
    ],
    "code_year": 2016,
    "n_rule": 37,
    "is_ccct": true,
    "display_order": 1
  }
},
{
  "pk": 287,
  "model": "rules.rule",
  "fields": {
    "is_edited": "N",
    "is_eci": true,
    "is_in_use": true,
    "label": "Calcul de la moyenne g\u00e9n\u00e9rale en DEUST",
    "degree_type": [
      4
    ],
    "code_year": 2016,
    "n_rule": 63,
    "is_ccct": true,
    "display_order": 30
  }
},
{
  "pk": 288,
  "model": "rules.rule",
  "fields": {
    "is_edited": "X",
    "is_eci": true,
    "is_in_use": true,
    "label": "bla bla bla",
    "degree_type": [
      10,
      12
    ],
    "code_year": 2015,
    "n_rule": 288,
    "is_ccct": true,
    "display_order": 0
  }
},
{
  "pk": 289,
  "model": "rules.rule",
  "fields": {
    "is_edited": "N",
    "is_eci": true,
    "is_in_use": true,
    "label": "Modalit\u00e9s d'acc\u00e8s et de progression en licence",
    "degree_type": [
      5,
      6
    ],
    "code_year": 2016,
    "n_rule": 1,
    "is_ccct": true,
    "display_order": 1
  }
},
{
  "pk": 3,
  "model": "rules.paragraph",
  "fields": {
    "is_in_use": true,
    "rule": [
      34,
      204
    ],
    "text_motiv": "",
    "text_derog": "",
    "text_standard": "<p>Le DAEU ne peut &ecirc;tre accord&eacute; qu&rsquo;aux &eacute;tudiants ne justifiant pas du baccalaur&eacute;at ou d&rsquo;un titre admis en dispense ou ne b&eacute;n&eacute;ficiant pas de la proc&eacute;dure de validation d&rsquo;acquis institu&eacute;e par le d&eacute;cret du 23 ao&ucirc;t 1985.</p>\r\n",
    "code_year": 2015,
    "is_interaction": false,
    "display_order": 1
  }
},
{
  "pk": 5,
  "model": "rules.paragraph",
  "fields": {
    "is_in_use": true,
    "rule": [
      1,
      289
    ],
    "text_motiv": "",
    "text_derog": "",
    "text_standard": "<p>Tout &eacute;tudiant peut acqu&eacute;rir les unit&eacute;s d&rsquo;enseignement constitutives de son cursus, de mani&egrave;re progressive, ann&eacute;e apr&egrave;s ann&eacute;e, quelle que soit ce nombre d&rsquo;ann&eacute;e.</p>\r\n",
    "code_year": 2015,
    "is_interaction": false,
    "display_order": 1
  }
},
{
  "pk": 8,
  "model": "rules.paragraph",
  "fields": {
    "is_in_use": true,
    "rule": [
      1,
      289
    ],
    "text_motiv": "",
    "text_derog": "",
    "text_standard": "<p>La progression de l&rsquo;&eacute;tudiant se fait conform&eacute;ment &agrave; la maquette de la formation suivie &agrave; concurrence de 30 cr&eacute;dits ECTS pour chaque semestre.</p>\r\n",
    "code_year": 2015,
    "is_interaction": false,
    "display_order": 2
  }
},
{
  "pk": 9,
  "model": "rules.paragraph",
  "fields": {
    "is_in_use": true,
    "rule": [
      1,
      289
    ],
    "text_motiv": "<p>Merci d&rsquo;indiquer, pour les conseils &eacute;lus, les motifs de votre demande.</p>\r\n",
    "text_derog": "<p>Vous souhaitez demander une d&eacute;rogation pour cet alin&eacute;a.&nbsp;</p>\r\n\r\n<p>Merci de reprendre le passage pour le modifier ou y substituer le texte de l&#39;alin&eacute;a que vous souhaitez voir valider pour votre formation. <em>N&rsquo;oubliez pas de d&eacute;tailler, le cas &eacute;ch&eacute;ant, les enseignements auxquels s&rsquo;appliquent votre alin&eacute;a, et les conditions et les crit&egrave;res d&rsquo;application, ou tout autre &eacute;l&eacute;ment pertinent.</em></p>\r\n",
    "text_standard": "<p>Pour acc&eacute;der &agrave; l&rsquo;ann&eacute;e sup&eacute;rieure, l&rsquo;&eacute;tudiant doit avoir valid&eacute; les deux semestres de l&rsquo;ann&eacute;e en cours.</p>\r\n\r\n<p>Toutefois un &eacute;tudiant n&rsquo;ayant pas valid&eacute; son ann&eacute;e, mais <strong>ayant acquis au moins 24 cr&eacute;dits ECTS sur 30 pour chacun des deux semestres,</strong> est autoris&eacute; &agrave; s&rsquo;inscrire en ann&eacute;e sup&eacute;rieure. L&rsquo;acquisition des &eacute;l&eacute;ments en dette dans l&rsquo;ann&eacute;e non valid&eacute;e est prioritaire.</p>\r\n",
    "code_year": 2015,
    "is_interaction": true,
    "display_order": 3
  }
},
{
  "pk": 10,
  "model": "rules.paragraph",
  "fields": {
    "is_in_use": true,
    "rule": [
      1,
      289
    ],
    "text_motiv": "",
    "text_derog": "",
    "text_standard": "<p>Par d&eacute;rogation aux principes &eacute;nonc&eacute;s ci-dessus, l&rsquo;&eacute;tudiant n&rsquo;ayant pas valid&eacute; son ann&eacute;e peut &ecirc;tre autoris&eacute; &agrave; suivre par anticipation des &eacute;l&eacute;ments p&eacute;dagogiques de l&rsquo;ann&eacute;e sup&eacute;rieure. Il reste exclusivement inscrit dans l&rsquo;ann&eacute;e non valid&eacute;e, et les &eacute;l&eacute;ments p&eacute;dagogiques suivis dans l&rsquo;ann&eacute;e sup&eacute;rieure font l&rsquo;objet d&rsquo;un contrat sign&eacute; par le responsable p&eacute;dagogique et par l&rsquo;&eacute;tudiant. Dans ce cas, la somme totale en ECTS des UE suivies ne pourra pas, par d&eacute;faut, exc&eacute;der 30 ECTS par semestre. Le responsable p&eacute;dagogique informe le service de scolarit&eacute; des contrats &eacute;tablis. Lors de son inscription p&eacute;dagogique, l&rsquo;&eacute;tudiant pr&eacute;sente obligatoirement le contrat p&eacute;dagogique sign&eacute;.</p>\r\n",
    "code_year": 2015,
    "is_interaction": false,
    "display_order": 4
  }
},
{
  "pk": 11,
  "model": "rules.paragraph",
  "fields": {
    "is_in_use": true,
    "rule": [
      1,
      289
    ],
    "text_motiv": "",
    "text_derog": "",
    "text_standard": "<p>Un &eacute;tudiant ne peut en aucun cas &ecirc;tre inscrit en troisi&egrave;me ann&eacute;e de licence s&rsquo;il n&rsquo;a pas valid&eacute; la premi&egrave;re ann&eacute;e de licence.</p>\r\n",
    "code_year": 2015,
    "is_interaction": false,
    "display_order": 5
  }
},
{
  "pk": 12,
  "model": "rules.paragraph",
  "fields": {
    "is_in_use": true,
    "rule": [
      2,
      203
    ],
    "text_motiv": "",
    "text_derog": "",
    "text_standard": "<p>L&rsquo;acc&egrave;s en premi&egrave;re ann&eacute;e de Master en vue d&rsquo;obtenir les 60 premiers cr&eacute;dits est de droit pour l&rsquo;&eacute;tudiant titulaire de la licence dans un domaine compatible.</p>\r\n",
    "code_year": 2016,
    "is_interaction": false,
    "display_order": 1
  }
},
{
  "pk": 13,
  "model": "rules.paragraph",
  "fields": {
    "is_in_use": true,
    "rule": [
      2,
      203
    ],
    "text_motiv": "",
    "text_derog": "",
    "text_standard": "<p>L&rsquo;admission en 2&egrave;me ann&eacute;e de master est prononc&eacute;e par le pr&eacute;sident sur proposition de la commission p&eacute;dagogique comp&eacute;tente pour la formation, sous r&eacute;serve d&rsquo;avoir valid&eacute; les 60 premiers cr&eacute;dits correspondant aux deux semestres de la premi&egrave;re ann&eacute;e de master.</p>\r\n",
    "code_year": 2015,
    "is_interaction": false,
    "display_order": 2
  }
},
{
  "pk": 14,
  "model": "rules.paragraph",
  "fields": {
    "is_in_use": true,
    "rule": [
      2,
      203
    ],
    "text_motiv": "<p>Merci d&rsquo;indiquer, pour les conseils &eacute;lus, les motifs de votre demande.</p>\r\n",
    "text_derog": "<p>Vous souhaitez demander une d&eacute;rogation pour cet alin&eacute;a.</p>\r\n\r\n<p>Merci de reprendre le passage pour le modifier ou y substituer le texte de l&rsquo;alin&eacute;a que vous souhaitez voir valider pour votre formation. <em>N&rsquo;oubliez pas de d&eacute;tailler, le cas &eacute;ch&eacute;ant, les enseignements auxquels s&rsquo;appliquent votre alin&eacute;a, et les conditions et les crit&egrave;res d&rsquo;application, ou tout autre &eacute;l&eacute;ment pertinent.</em></p>\r\n",
    "text_standard": "<p><strong>L&rsquo;&eacute;tudiant n&rsquo;ayant pas valid&eacute; sa premi&egrave;re ann&eacute;e de master peut exceptionnellement &ecirc;tre autoris&eacute; &agrave; suivre des &eacute;l&eacute;ments p&eacute;dagogiques de la deuxi&egrave;me ann&eacute;e. Il reste exclusivement inscrit dans la premi&egrave;re ann&eacute;e non valid&eacute;e. Cette autorisation ne pr&eacute;juge pas de la d&eacute;cision d&rsquo;admission en deuxi&egrave;me ann&eacute;e de master. </strong></p>\r\n",
    "code_year": 2015,
    "is_interaction": true,
    "display_order": 3
  }
},
{
  "pk": 15,
  "model": "rules.paragraph",
  "fields": {
    "is_in_use": true,
    "rule": [
      2,
      203
    ],
    "text_motiv": "",
    "text_derog": "",
    "text_standard": "<p>Deux inscriptions sont autoris&eacute;es en premi&egrave;re ann&eacute;e de Master.</p>\r\n\r\n<p>La limitation &agrave; deux inscriptions n&rsquo;est pas opposable aux &eacute;tudiants qui, ayant obtenu un Master, souhaitent acqu&eacute;rir des comp&eacute;tences compl&eacute;mentaires dans d&rsquo;autres Masters habilit&eacute;s.</p>\r\n\r\n<p>Lorsqu&rsquo;un &eacute;tudiant est d&eacute;clar&eacute; ajourn&eacute; au Master, le jury de Master peut l&rsquo;autoriser &agrave; se r&eacute;inscrire en deuxi&egrave;me ann&eacute;e de Master.</p>\r\n",
    "code_year": 2015,
    "is_interaction": false,
    "display_order": 4
  }
},
{
  "pk": 16,
  "model": "rules.paragraph",
  "fields": {
    "is_in_use": true,
    "rule": [
      34,
      204
    ],
    "text_motiv": "",
    "text_derog": "",
    "text_standard": "<p>L&rsquo;&eacute;tudiant peut acqu&eacute;rir les UE constitutives du DAEU dans un d&eacute;lai ne pouvant exc&eacute;der quatre ann&eacute;es entre la premi&egrave;re inscription au dipl&ocirc;me et l&rsquo;obtention de celui-ci. Pour le calcul de cette dur&eacute;e, les inscriptions prises aupr&egrave;s d&rsquo;universit&eacute;s diff&eacute;rentes se cumulent. Un candidat ne peut s&rsquo;inscrire &agrave; la formation que dans un seul &eacute;tablissement chaque ann&eacute;e.</p>\r\n",
    "code_year": 2015,
    "is_interaction": false,
    "display_order": 2
  }
},
{
  "pk": 17,
  "model": "rules.paragraph",
  "fields": {
    "is_in_use": true,
    "rule": [
      34,
      204
    ],
    "text_motiv": "",
    "text_derog": "",
    "text_standard": "<p>Dans le cadre de l&rsquo;examen terminal, lors de sessions annuelles successives, les &eacute;preuves subis avec succ&egrave;s dans le premier &eacute;tablissement sont valid&eacute;es par d&eacute;cision du pr&eacute;sent de l&rsquo;universit&eacute;.</p>\r\n",
    "code_year": 2015,
    "is_interaction": false,
    "display_order": 3
  }
},
{
  "pk": 18,
  "model": "rules.paragraph",
  "fields": {
    "is_in_use": true,
    "rule": [
      34,
      204
    ],
    "text_motiv": "",
    "text_derog": "",
    "text_standard": "<p>A titre exceptionnel, un d&eacute;lai suppl&eacute;mentaire d&rsquo;une ann&eacute;e peut &ecirc;tre accord&eacute; par le pr&eacute;sident de l&rsquo;universit&eacute;, en cas de demande d&rsquo;inscription &agrave; l&rsquo;Universit&eacute; de Strasbourg</p>\r\n",
    "code_year": 2015,
    "is_interaction": false,
    "display_order": 4
  }
},
{
  "pk": 19,
  "model": "rules.paragraph",
  "fields": {
    "is_in_use": true,
    "rule": [
      35,
      205
    ],
    "text_motiv": "",
    "text_derog": "",
    "text_standard": "<p>La validation de chaque UE et de chaque semestre emporte l&rsquo;acquisition des cr&eacute;dits europ&eacute;ens correspondants.</p>\r\n",
    "code_year": 2015,
    "is_interaction": false,
    "display_order": 1
  }
},
{
  "pk": 20,
  "model": "rules.paragraph",
  "fields": {
    "is_in_use": true,
    "rule": [
      35,
      205
    ],
    "text_motiv": "",
    "text_derog": "",
    "text_standard": "<p>La poursuite d&rsquo;&eacute;tudes dans un nouveau semestre est de droit pour tout &eacute;tudiant &agrave; qui ne manque au maximum que la validation d&rsquo;un seul semestre de son cursus.</p>\r\n",
    "code_year": 2015,
    "is_interaction": false,
    "display_order": 2
  }
},
{
  "pk": 21,
  "model": "rules.paragraph",
  "fields": {
    "is_in_use": true,
    "rule": [
      35,
      205
    ],
    "text_motiv": "",
    "text_derog": "",
    "text_standard": "<p style=\"margin-left:1.85pt\">Le redoublement est de droit dans les cas o&ugrave;&nbsp;:</p>\r\n\r\n<ul>\r\n\t<li>L&rsquo;&eacute;tudiant a obtenu la moyenne g&eacute;n&eacute;rale mais pas une moyenne au moins &eacute;gale &agrave; 8/20 &agrave; chaque UE et/ou la validation des semestres pr&eacute;c&eacute;dents, lorsqu&rsquo;ils existent&nbsp;;</li>\r\n\t<li>L&rsquo;&eacute;tudiant a b&eacute;n&eacute;fici&eacute; d&rsquo;une compensation gr&acirc;ce &agrave; l&rsquo;un des deux semestres de l&rsquo;ann&eacute;e universitaire pour pouvoir la valider.</li>\r\n</ul>\r\n",
    "code_year": 2015,
    "is_interaction": false,
    "display_order": 3
  }
},
{
  "pk": 22,
  "model": "rules.paragraph",
  "fields": {
    "is_in_use": true,
    "rule": [
      35,
      205
    ],
    "text_motiv": "",
    "text_derog": "",
    "text_standard": "<p>En outre, l&rsquo;&eacute;tudiant peut &ecirc;tre autoris&eacute; &agrave; redoubler par d&eacute;cision du directeur de l&#39;IUT, sur proposition du jury d&rsquo;ann&eacute;e ou du jury de dipl&ocirc;me.</p>\r\n",
    "code_year": 2015,
    "is_interaction": false,
    "display_order": 4
  }
},
{
  "pk": 23,
  "model": "rules.paragraph",
  "fields": {
    "is_in_use": true,
    "rule": [
      35,
      205
    ],
    "text_motiv": "",
    "text_derog": "",
    "text_standard": "<p style=\"margin-left:1.85pt\">Durant la totalit&eacute; du cursus conduisant &agrave; la d&eacute;livrance du DUT, l&rsquo;&eacute;tudiant ne peut &ecirc;tre autoris&eacute; &agrave; redoubler plus de deux semestres. En cas de force majeur d&ucirc;ment justifi&eacute;e et appr&eacute;ci&eacute;e par le directeur de l&rsquo;IUT, un redoublement suppl&eacute;mentaire peut &ecirc;tre autoris&eacute;.</p>\r\n\r\n<p>La d&eacute;cision d&eacute;finitive refusant l&rsquo;autorisation de redoubler est prise apr&egrave;s avoir entendu l&rsquo;&eacute;tudiant &agrave; sa demande. Elle doit &ecirc;tre motiv&eacute;e et assortie de conseils d&rsquo;orientation.</p>\r\n",
    "code_year": 2015,
    "is_interaction": false,
    "display_order": 5
  }
},
{
  "pk": 24,
  "model": "rules.paragraph",
  "fields": {
    "is_in_use": true,
    "rule": [
      36,
      285
    ],
    "text_motiv": "",
    "text_derog": "",
    "text_standard": "<p>L&rsquo;inscription en 1&egrave;re ann&eacute;e de DEUST est accord&eacute;e par la commission p&eacute;dagogique de la composante apr&egrave;s s&eacute;lection des candidats. Chaque ann&eacute;e universitaire, celle-ci &eacute;tablit la liste des admis &agrave; s&rsquo;inscrire dans cette formation dans la limite des places disponibles.</p>\r\n",
    "code_year": 2015,
    "is_interaction": false,
    "display_order": 1
  }
},
{
  "pk": 25,
  "model": "rules.paragraph",
  "fields": {
    "is_in_use": true,
    "rule": [
      36,
      285
    ],
    "text_motiv": "",
    "text_derog": "",
    "text_standard": "<p>Les &eacute;tudiants peuvent prendre au total trois inscriptions annuelles en vue de la validation du dipl&ocirc;me. Une ou, exceptionnellement, deux inscriptions suppl&eacute;mentaires peuvent &ecirc;tre accord&eacute;es par le pr&eacute;sident de l&rsquo;universit&eacute; sur proposition d&rsquo;une commission p&eacute;dagogique constitu&eacute;e &agrave; cet effet.</p>\r\n",
    "code_year": 2015,
    "is_interaction": false,
    "display_order": 2
  }
},
{
  "pk": 26,
  "model": "rules.paragraph",
  "fields": {
    "is_in_use": true,
    "rule": [
      36,
      285
    ],
    "text_motiv": "",
    "text_derog": "",
    "text_standard": "<p style=\"margin-left:1.7pt\">La progression de l&rsquo;&eacute;tudiant se fait conform&eacute;ment &agrave; la maquette de la formation suivie &agrave; concurrence de 30 cr&eacute;dits ECTS pour chaque semestre.</p>\r\n",
    "code_year": 2015,
    "is_interaction": false,
    "display_order": 3
  }
},
{
  "pk": 28,
  "model": "rules.paragraph",
  "fields": {
    "is_in_use": true,
    "rule": [
      37,
      286
    ],
    "text_motiv": "",
    "text_derog": "",
    "text_standard": "<p>Afin d&rsquo;assurer des conditions d&rsquo;&eacute;tudes optimales, la capacit&eacute; d&rsquo;accueil en premi&egrave;re ann&eacute;e commune d&rsquo;&eacute;tudes de sant&eacute; (PACES) est contingent&eacute;e &agrave; l&rsquo;Universit&eacute; de Strasbourg, conform&eacute;ment &agrave; l&rsquo;article L 612-3 du code l&rsquo;&eacute;ducation.</p>\r\n\r\n<p>Tous les candidats de l&rsquo;acad&eacute;mie de Strasbourg et ceux dont les parents r&eacute;sident dans les d&eacute;partements du Haut-Rhin et du Bas-Rhin, bacheliers n&rsquo;ayant jamais &eacute;t&eacute; inscrits dans l&rsquo;enseignement sup&eacute;rieur ou futurs bacheliers de l&rsquo;ann&eacute;e, seront admis de droit en premi&egrave;re ann&eacute;e commune des &eacute;tudes de sant&eacute; (PACES).</p>\r\n",
    "code_year": 2015,
    "is_interaction": false,
    "display_order": 1
  }
},
{
  "pk": 29,
  "model": "rules.paragraph",
  "fields": {
    "is_in_use": true,
    "rule": [
      37,
      286
    ],
    "text_motiv": "",
    "text_derog": "",
    "text_standard": "<p>Les candidats hors acad&eacute;mie de Strasbourg ou les &eacute;tudiants souhaitant une r&eacute;orientation devront faire une demande de d&eacute;rogation.</p>\r\n",
    "code_year": 2015,
    "is_interaction": false,
    "display_order": 2
  }
},
{
  "pk": 30,
  "model": "rules.paragraph",
  "fields": {
    "is_in_use": true,
    "rule": [
      38,
      206
    ],
    "text_motiv": "",
    "text_derog": "",
    "text_standard": "<p>Hors dispositif pr&eacute;vu par arr&ecirc;t&eacute;, l&rsquo;acc&egrave;s est limit&eacute; par un <em>numerus clausus</em> propre &agrave; chaque fili&egrave;re (m&eacute;decine, pharmacie, odontologie et ma&iuml;eutique).</p>\r\n",
    "code_year": 2015,
    "is_interaction": false,
    "display_order": 1
  }
},
{
  "pk": 31,
  "model": "rules.paragraph",
  "fields": {
    "is_in_use": true,
    "rule": [
      38,
      206
    ],
    "text_motiv": "",
    "text_derog": "",
    "text_standard": "<p>Hors dispositif pr&eacute;vu par arr&ecirc;t&eacute;, pour &ecirc;tre admis au dipl&ocirc;me de formation g&eacute;n&eacute;rale (DFG) en sciences pharmaceutiques, m&eacute;dicales, odontologiques ou ma&iuml;eutiques, les candidats doivent figurer en rang utile sur la liste des classements correspondant &agrave; la fili&egrave;re de sant&eacute; choisie.</p>\r\n",
    "code_year": 2015,
    "is_interaction": false,
    "display_order": 2
  }
},
{
  "pk": 32,
  "model": "rules.paragraph",
  "fields": {
    "is_in_use": true,
    "rule": [
      38,
      206
    ],
    "text_motiv": "<p>Merci d&rsquo;indiquer, pour les conseils &eacute;lus, les motifs de votre demande.</p>\r\n",
    "text_derog": "<p>Vous souhaitez demander une d&eacute;rogation pour cet alin&eacute;a.</p>\r\n\r\n<p>Merci de reprendre le passage pour le modifier ou y substituer le texte de l&rsquo;alin&eacute;a que vous souhaitez voir valider pour votre formation. <em>N&rsquo;oubliez pas de d&eacute;tailler, le cas &eacute;ch&eacute;ant, les enseignements auxquels s&rsquo;appliquent votre alin&eacute;a, et les conditions et les crit&egrave;res d&rsquo;application, ou tout autre &eacute;l&eacute;ment pertinent. pertinent.</em></p>\r\n",
    "text_standard": "<p>Pour acc&eacute;der &agrave; l&rsquo;ann&eacute;e sup&eacute;rieure, l&rsquo;&eacute;tudiant doit avoir valid&eacute; les deux semestres de l&rsquo;ann&eacute;e en cours et les stages aff&eacute;rents.</p>\r\n",
    "code_year": 2015,
    "is_interaction": true,
    "display_order": 3
  }
},
{
  "pk": 33,
  "model": "rules.paragraph",
  "fields": {
    "is_in_use": true,
    "rule": [
      38,
      206
    ],
    "text_motiv": "",
    "text_derog": "",
    "text_standard": "<p>Par d&eacute;rogation aux principes &eacute;nonc&eacute;s ci-dessus, l&rsquo;&eacute;tudiant n&rsquo;ayant pas valid&eacute; son ann&eacute;e peut &ecirc;tre autoris&eacute; &agrave; suivre par anticipation des &eacute;l&eacute;ments p&eacute;dagogiques de l&rsquo;ann&eacute;e sup&eacute;rieure. Il reste exclusivement inscrit dans l&rsquo;ann&eacute;e non valid&eacute;e, et les &eacute;l&eacute;ments p&eacute;dagogiques suivis dans l&rsquo;ann&eacute;e sup&eacute;rieure font l&rsquo;objet d&rsquo;un contrat sign&eacute; par le responsable p&eacute;dagogique et par l&rsquo;&eacute;tudiant. Le responsable p&eacute;dagogique informe le service de scolarit&eacute; des contrats &eacute;tablis. Lors de son inscription p&eacute;dagogique, l&rsquo;&eacute;tudiant pr&eacute;sente obligatoirement le contrat p&eacute;dagogique sign&eacute;.</p>\r\n",
    "code_year": 2015,
    "is_interaction": false,
    "display_order": 4
  }
},
{
  "pk": 34,
  "model": "rules.paragraph",
  "fields": {
    "is_in_use": true,
    "rule": [
      39,
      207
    ],
    "text_motiv": "",
    "text_derog": "",
    "text_standard": "<p>Peuvent s&rsquo;inscrire au dipl&ocirc;me de formation approfondie (DFA), les &eacute;tudiants titulaires du dipl&ocirc;me de formation g&eacute;n&eacute;rale (DFG)&nbsp; de la m&ecirc;me fili&egrave;re.</p>\r\n",
    "code_year": 2015,
    "is_interaction": false,
    "display_order": 1
  }
},
{
  "pk": 35,
  "model": "rules.paragraph",
  "fields": {
    "is_in_use": true,
    "rule": [
      39,
      207
    ],
    "text_motiv": "<p>Merci d&rsquo;indiquer, pour les conseils &eacute;lus, les motifs de votre demande.</p>\r\n",
    "text_derog": "<p>Vous souhaitez demander une d&eacute;rogation pour cet alin&eacute;a.</p>\r\n\r\n<p>Merci de reprendre le passage pour le modifier ou y substituer le texte de l&rsquo;alin&eacute;a que vous souhaitez voir valider pour votre formation. <em>N&rsquo;oubliez pas de d&eacute;tailler, le cas &eacute;ch&eacute;ant, les enseignements auxquels s&rsquo;appliquent votre alin&eacute;a, et les conditions et les crit&egrave;res d&rsquo;application, ou tout autre &eacute;l&eacute;ment pertinent.</em></p>\r\n",
    "text_standard": "<p>Pour acc&eacute;der &agrave; l&rsquo;ann&eacute;e sup&eacute;rieure, l&rsquo;&eacute;tudiant doit avoir valid&eacute; les deux semestres de l&rsquo;ann&eacute;e en cours et les stages aff&eacute;rents.</p>\r\n",
    "code_year": 2015,
    "is_interaction": true,
    "display_order": 2
  }
},
{
  "pk": 36,
  "model": "rules.paragraph",
  "fields": {
    "is_in_use": true,
    "rule": [
      39,
      207
    ],
    "text_motiv": "",
    "text_derog": "",
    "text_standard": "<p>Par d&eacute;rogation aux principes &eacute;nonc&eacute;s ci-dessus, l&rsquo;&eacute;tudiant n&rsquo;ayant pas valid&eacute; son ann&eacute;e peut &ecirc;tre autoris&eacute; &agrave; suivre par anticipation des &eacute;l&eacute;ments p&eacute;dagogiques de l&rsquo;ann&eacute;e sup&eacute;rieure. Il reste exclusivement inscrit dans l&rsquo;ann&eacute;e non valid&eacute;e, et les &eacute;l&eacute;ments p&eacute;dagogiques suivis dans l&rsquo;ann&eacute;e sup&eacute;rieure font l&rsquo;objet d&rsquo;un contrat sign&eacute; par le responsable p&eacute;dagogique et par l&rsquo;&eacute;tudiant. Le responsable p&eacute;dagogique informe le service de scolarit&eacute; des contrats &eacute;tablis. Lors de son inscription p&eacute;dagogique, l&rsquo;&eacute;tudiant pr&eacute;sente obligatoirement le contrat p&eacute;dagogique sign&eacute;.</p>\r\n",
    "code_year": 2015,
    "is_interaction": false,
    "display_order": 3
  }
},
{
  "pk": 37,
  "model": "rules.paragraph",
  "fields": {
    "is_in_use": true,
    "rule": [
      41,
      211
    ],
    "text_motiv": "",
    "text_derog": "",
    "text_standard": "<p>Nul ne peut &ecirc;tre autoris&eacute; &agrave; prendre plus de deux inscriptions en premi&egrave;re ann&eacute;e commune des &eacute;tudes de sant&eacute; (PACES).</p>\r\n",
    "code_year": 2015,
    "is_interaction": false,
    "display_order": 1
  }
},
{
  "pk": 38,
  "model": "rules.paragraph",
  "fields": {
    "is_in_use": true,
    "rule": [
      3,
      210
    ],
    "text_motiv": "",
    "text_derog": "",
    "text_standard": "<p style=\"margin-left:8.8pt\">Elle consiste &agrave; inscrire un &eacute;tudiant dans l&rsquo;une des formations propos&eacute;es par l&rsquo;universit&eacute;. Ce processus annuel et obligatoire implique la collecte des donn&eacute;es administratives n&eacute;cessaires concernant l&rsquo;&eacute;tudiant, le paiement des droits, la d&eacute;termination du statut de l&rsquo;&eacute;tudiant et de sa situation par rapport &agrave; sa couverture sociale.</p>\r\n\r\n<p style=\"margin-left:8.8pt\">L&rsquo;inscription administrative s&rsquo;effectue conform&eacute;ment au calendrier adopt&eacute; annuellement par le CA apr&egrave;s avis de la CFVU.</p>\r\n",
    "code_year": 2015,
    "is_interaction": false,
    "display_order": 1
  }
},
{
  "pk": 39,
  "model": "rules.paragraph",
  "fields": {
    "is_in_use": true,
    "rule": [
      40,
      208
    ],
    "text_motiv": "",
    "text_derog": "",
    "text_standard": "<p>Le troisi&egrave;me cycle est accessible aux &eacute;tudiants ayant obtenu le dipl&ocirc;me de formation approfondie de la m&ecirc;me fili&egrave;re.</p>\r\n",
    "code_year": 2015,
    "is_interaction": false,
    "display_order": 1
  }
},
{
  "pk": 40,
  "model": "rules.paragraph",
  "fields": {
    "is_in_use": true,
    "rule": [
      41,
      211
    ],
    "text_motiv": "",
    "text_derog": "",
    "text_standard": "<p>Une d&eacute;rogation peut &ecirc;tre accord&eacute;e par le pr&eacute;sident de l&rsquo;universit&eacute; sur proposition du directeur de composante.</p>\r\n\r\n<p>Ces d&eacute;rogations ne peuvent exc&eacute;der chaque ann&eacute;e 8 % du nombre de places attribu&eacute;es r&eacute;glementairement &agrave; l&rsquo;&eacute;tablissement, en vue de l&rsquo;admission au dipl&ocirc;me de formation g&eacute;n&eacute;rale en sciences m&eacute;dicales, pharmaceutiques, odontologiques et ma&iuml;eutiques.</p>\r\n",
    "code_year": 2015,
    "is_interaction": false,
    "display_order": 2
  }
},
{
  "pk": 41,
  "model": "rules.paragraph",
  "fields": {
    "is_in_use": true,
    "rule": [
      42,
      212
    ],
    "text_motiv": "",
    "text_derog": "",
    "text_standard": "<p>Aucun &eacute;tudiant ne peut &ecirc;tre autoris&eacute; &agrave; prendre plus de cinq inscriptions au cours du DFA en sciences pharmaceutiques ou odontologiques ou ma&iuml;eutiques ou plus de six inscriptions au cours du DFA en sciences m&eacute;dicales.. Chaque ann&eacute;e d&rsquo;&eacute;tudes ne peut faire l&rsquo;objet de plus de trois inscriptions.</p>\r\n",
    "code_year": 2015,
    "is_interaction": false,
    "display_order": 1
  }
},
{
  "pk": 42,
  "model": "rules.paragraph",
  "fields": {
    "is_in_use": true,
    "rule": [
      42,
      212
    ],
    "text_motiv": "",
    "text_derog": "",
    "text_standard": "<p>Une d&eacute;rogation exceptionnelle peut &ecirc;tre accord&eacute;e par le pr&eacute;sident de l&rsquo;universit&eacute; sur proposition du directeur de composante.</p>\r\n",
    "code_year": 2015,
    "is_interaction": false,
    "display_order": 2
  }
},
{
  "pk": 43,
  "model": "rules.paragraph",
  "fields": {
    "is_in_use": true,
    "rule": [
      43,
      213
    ],
    "text_motiv": "",
    "text_derog": "",
    "text_standard": "<p>L&rsquo;&eacute;tudiant peut s&rsquo;inscrire au plus trois fois pour soutenir sa th&egrave;se en m&eacute;decine, apr&egrave;s l&rsquo;obtention du dipl&ocirc;me d&rsquo;&eacute;tudes sp&eacute;cialis&eacute; (DES) ou d&rsquo;un titre &eacute;quivalent.</p>\r\n",
    "code_year": 2015,
    "is_interaction": false,
    "display_order": 1
  }
},
{
  "pk": 44,
  "model": "rules.paragraph",
  "fields": {
    "is_in_use": true,
    "rule": [
      43,
      213
    ],
    "text_motiv": "",
    "text_derog": "",
    "text_standard": "<p>Une d&eacute;rogation exceptionnelle &agrave; ce d&eacute;lai &nbsp;peut &ecirc;tre accord&eacute;e par le pr&eacute;sident de l&rsquo;universit&eacute; sur proposition du directeur de composante.</p>\r\n",
    "code_year": 2015,
    "is_interaction": false,
    "display_order": 2
  }
},
{
  "pk": 45,
  "model": "rules.paragraph",
  "fields": {
    "is_in_use": true,
    "rule": [
      44,
      214
    ],
    "text_motiv": "",
    "text_derog": "",
    "text_standard": "<p>Les &eacute;tudiants soutiennent au cours du troisi&egrave;me cycle court ou, au plus tard, dans un d&eacute;lai de deux ans apr&egrave;s la validation du troisi&egrave;me cycle court une th&egrave;se devant un jury.</p>\r\n",
    "code_year": 2015,
    "is_interaction": false,
    "display_order": 1
  }
},
{
  "pk": 46,
  "model": "rules.paragraph",
  "fields": {
    "is_in_use": true,
    "rule": [
      44,
      214
    ],
    "text_motiv": "",
    "text_derog": "",
    "text_standard": "<p>Une d&eacute;rogation exceptionnelle &agrave; ce d&eacute;lai peut &ecirc;tre accord&eacute;e par le pr&eacute;sident de l&rsquo;universit&eacute; sur proposition du directeur de composante.</p>\r\n",
    "code_year": 2015,
    "is_interaction": false,
    "display_order": 2
  }
},
{
  "pk": 47,
  "model": "rules.paragraph",
  "fields": {
    "is_in_use": true,
    "rule": [
      45,
      215
    ],
    "text_motiv": "",
    "text_derog": "",
    "text_standard": "<p>L&rsquo;&eacute;tudiant qui n&rsquo;a pas soutenu &agrave; la fin du troisi&egrave;me cycle court doit se r&eacute;inscrire afin de soutenir avant la fin de l&rsquo;ann&eacute;e civile en cours.</p>\r\n",
    "code_year": 2015,
    "is_interaction": false,
    "display_order": 1
  }
},
{
  "pk": 48,
  "model": "rules.paragraph",
  "fields": {
    "is_in_use": true,
    "rule": [
      45,
      215
    ],
    "text_motiv": "",
    "text_derog": "",
    "text_standard": "<p>Une d&eacute;rogation exceptionnelle &agrave; ce d&eacute;lai peut &ecirc;tre accord&eacute;e par le pr&eacute;sident de l&rsquo;universit&eacute; sur proposition du directeur de composante.</p>\r\n",
    "code_year": 2015,
    "is_interaction": false,
    "display_order": 2
  }
},
{
  "pk": 49,
  "model": "rules.paragraph",
  "fields": {
    "is_in_use": true,
    "rule": [
      4,
      216
    ],
    "text_motiv": "",
    "text_derog": "",
    "text_standard": "<p style=\"margin-left:1.7pt\">L&rsquo;inscription p&eacute;dagogique consiste pour un &eacute;tudiant &agrave; s&rsquo;inscrire aux diff&eacute;rents enseignements de la formation en fonction de la maquette, de ses souhaits et de ses acquis.</p>\r\n\r\n<p style=\"margin-left:1.7pt\">Elle s&rsquo;effectue conform&eacute;ment au calendrier adopt&eacute; annuellement par le CA apr&egrave;s avis de la CFVU.</p>\r\n\r\n<p>Elle est obligatoire. En l&rsquo;absence d&rsquo;inscription p&eacute;dagogique, l&rsquo;&eacute;tudiant n&rsquo;est pas autoris&eacute; &agrave; se pr&eacute;senter aux &eacute;preuves d&rsquo;&eacute;valuation.</p>\r\n",
    "code_year": 2015,
    "is_interaction": false,
    "display_order": 1
  }
},
{
  "pk": 50,
  "model": "rules.paragraph",
  "fields": {
    "is_in_use": true,
    "rule": [
      46,
      217
    ],
    "text_motiv": "",
    "text_derog": "",
    "text_standard": "<p>L&rsquo;inscription p&eacute;dagogique dans une ou plusieurs fili&egrave;res post-PACES est <strong>obligatoire</strong> au d&eacute;but du deuxi&egrave;me semestre pour participer au <strong>classement de chaque</strong> <strong>concours</strong> arr&ecirc;t&eacute; selon le nombre de places offertes (<em>numerus clausus</em>).</p>\r\n\r\n<p>Dans le cas contraire, le candidat n&rsquo;est pas autoris&eacute; &agrave; se pr&eacute;senter aux examens. Il est alors d&eacute;clar&eacute; ajourn&eacute;.</p>\r\n",
    "code_year": 2015,
    "is_interaction": false,
    "display_order": 1
  }
},
{
  "pk": 52,
  "model": "rules.paragraph",
  "fields": {
    "is_in_use": true,
    "rule": [
      5,
      218
    ],
    "text_motiv": "",
    "text_derog": "",
    "text_standard": "<p style=\"margin-left:1.7pt\">Les &eacute;tudiants boursiers sont tenus &agrave; l&rsquo;assiduit&eacute; en cours (CM, TD, TP, &hellip;).</p>\r\n\r\n<p>Les &eacute;tudiants relevant d&rsquo;un profil sp&eacute;cifique attest&eacute; peuvent &ecirc;tre dispens&eacute;s d&rsquo;assiduit&eacute;. Ils doivent en faire la demande aupr&egrave;s de leur service de scolarit&eacute; avant la fin du premier mois des enseignements ou dans les quinze jours suivant leur acc&egrave;s &agrave; ce profil sp&eacute;cifique.</p>\r\n",
    "code_year": 2015,
    "is_interaction": false,
    "display_order": 2
  }
},
{
  "pk": 53,
  "model": "rules.paragraph",
  "fields": {
    "is_in_use": true,
    "rule": [
      6,
      221
    ],
    "text_motiv": "",
    "text_derog": "",
    "text_standard": "<p style=\"margin-left:1.7pt\">Les commissions p&eacute;dagogiques (r&eacute;gies par les articles D613-38 et suivants du Code de l&rsquo;&eacute;ducation) sont charg&eacute;es de la validation des acquis. Les validations d&rsquo;acquis prononc&eacute;es par les commissions p&eacute;dagogiques se traduisent par des dispenses de dipl&ocirc;me, de semestre(s), d&rsquo;une ou plusieurs UE ou &eacute;l&eacute;ment(s) constitutif(s) d&rsquo;UE.</p>\r\n\r\n<p style=\"margin-left:1.7pt\">L&rsquo;&eacute;tudiant b&eacute;n&eacute;ficiant d&rsquo;une validation d&rsquo;acquis ne peut plus se pr&eacute;senter&nbsp; aux examens correspondants.</p>\r\n\r\n<p>Les semestres, les UE ou les &eacute;l&eacute;ments constitutifs d&rsquo;une UE ayant fait l&rsquo;objet d&rsquo;une dispense d&rsquo;&eacute;tudes n&rsquo;entrent pas dans le calcul du r&eacute;sultat du dipl&ocirc;me, du semestre ou de l&rsquo;UE.</p>\r\n",
    "code_year": 2015,
    "is_interaction": false,
    "display_order": 1
  }
},
{
  "pk": 54,
  "model": "rules.paragraph",
  "fields": {
    "is_in_use": true,
    "rule": [
      47,
      222
    ],
    "text_motiv": "",
    "text_derog": "",
    "text_standard": "<p>Les personnes titulaires du certificat de capacit&eacute; en droit peuvent obtenir la dispense du baccalaur&eacute;at en vue de la poursuite des &eacute;tudes autres que juridiques mentionn&eacute;e pour le DAEU (option A), &agrave; condition de subir avec succ&egrave;s l&rsquo;&eacute;preuve de fran&ccedil;ais et de langue vivante pr&eacute;vue pour cette option.</p>\r\n",
    "code_year": 2015,
    "is_interaction": false,
    "display_order": 1
  }
},
{
  "pk": 55,
  "model": "rules.paragraph",
  "fields": {
    "is_in_use": true,
    "rule": [
      47,
      222
    ],
    "text_motiv": "",
    "text_derog": "",
    "text_standard": "<p style=\"margin-left:1.7pt\">A cet effet, une session particuli&egrave;re peut &ecirc;tre organis&eacute;e avant la date pr&eacute;vue pour la rentr&eacute;e universitaire en premier cycle suivant des modalit&eacute;s identiques &agrave; celles pr&eacute;vues pour les autres candidats.</p>\r\n",
    "code_year": 2015,
    "is_interaction": false,
    "display_order": 2
  }
},
{
  "pk": 56,
  "model": "rules.paragraph",
  "fields": {
    "is_in_use": true,
    "rule": [
      7,
      223
    ],
    "text_motiv": "",
    "text_derog": "",
    "text_standard": "<p>Les &eacute;tudes accomplies &agrave; l&rsquo;&eacute;tranger, selon un contrat p&eacute;dagogique mis en &oelig;uvre dans le cadre d&rsquo;&eacute;changes internationaux conventionn&eacute;s, sont int&eacute;gr&eacute;es au cursus de l&rsquo;&eacute;tudiant, au m&ecirc;me titre que les &eacute;tudes accomplies &agrave; l&rsquo;Universit&eacute; de Strasbourg.</p>\r\n\r\n<p>Les modalit&eacute;s d&rsquo;&eacute;valuation de l&rsquo;&eacute;tudiant en mobilit&eacute; sont pr&eacute;cis&eacute;es dans son contrat p&eacute;dagogique, et les notes sont valid&eacute;es par un jury de semestre et/ou d&rsquo;ann&eacute;e.</p>\r\n",
    "code_year": 2015,
    "is_interaction": false,
    "display_order": 1
  }
},
{
  "pk": 57,
  "model": "rules.paragraph",
  "fields": {
    "is_in_use": true,
    "rule": [
      48,
      224
    ],
    "text_motiv": "<p>Explications compl&eacute;mentaires <u>&agrave; l&#39;attention des conseils &eacute;lus</u>.</p>\r\n",
    "text_derog": "<p>Veuillez d&eacute;crire le syst&egrave;me de notation des QCM (Questions &agrave; choix multiples), QRC (Questions r&eacute;dactionnelles courtes) et/ou QCD (Questions &agrave; choix double)</p>\r\n",
    "text_standard": "<p>La formation ne pr&eacute;voit aucune &eacute;preuve de ce type.</p>\r\n",
    "code_year": 2016,
    "is_interaction": true,
    "display_order": 1
  }
},
{
  "pk": 58,
  "model": "rules.paragraph",
  "fields": {
    "is_in_use": true,
    "rule": [],
    "text_motiv": "",
    "text_derog": "<p><strong>Veuillez d&eacute;crire le syst&egrave;me de notation des QCM</strong></p>\r\n",
    "text_standard": "<p>Alin&eacute;a de composante &ndash; Notation des QRC</p>\r\n",
    "code_year": 2015,
    "is_interaction": true,
    "display_order": 1
  }
},
{
  "pk": 59,
  "model": "rules.paragraph",
  "fields": {
    "is_in_use": true,
    "rule": [],
    "text_motiv": "",
    "text_derog": "<p><strong>Veuillez d&eacute;crire le syst&egrave;me de notation des QCD</strong></p>\r\n",
    "text_standard": "<p><em>Alin&eacute;a de composante &ndash; Notation des QCD</em></p>\r\n",
    "code_year": 2015,
    "is_interaction": true,
    "display_order": 1
  }
},
{
  "pk": 60,
  "model": "rules.paragraph",
  "fields": {
    "is_in_use": true,
    "rule": [
      78,
      225
    ],
    "text_motiv": "",
    "text_derog": "",
    "text_standard": "<p>Les stages correspondent &agrave; des p&eacute;riodes temporaires de mise en situation en milieu professionnel au cours desquelles l&#39;&eacute;tudiant acquiert des comp&eacute;tences professionnelles et met en &oelig;uvre les acquis de sa formation en vue d&#39;obtenir un dipl&ocirc;me ou une certification et de favoriser son insertion professionnelle.</p>\r\n",
    "code_year": 2015,
    "is_interaction": false,
    "display_order": 1
  }
},
{
  "pk": 61,
  "model": "rules.paragraph",
  "fields": {
    "is_in_use": true,
    "rule": [
      78,
      225
    ],
    "text_motiv": "",
    "text_derog": "",
    "text_standard": "<p style=\"margin-left:1.7pt\">Par ailleurs, les stages sont int&eacute;gr&eacute;s &agrave; un cursus de formation, dont le volume p&eacute;dagogique d&rsquo;enseignement effectu&eacute; en pr&eacute;sence des &eacute;tudiants est de deux cent heures au minimum par ann&eacute;e d&rsquo;enseignement.</p>\r\n",
    "code_year": 2015,
    "is_interaction": false,
    "display_order": 2
  }
},
{
  "pk": 62,
  "model": "rules.paragraph",
  "fields": {
    "is_in_use": true,
    "rule": [
      78,
      225
    ],
    "text_motiv": "",
    "text_derog": "",
    "text_standard": "<p>Les stages obligatoires sont les stages pr&eacute;vus obligatoirement par les maquettes de formation.</p>\r\n",
    "code_year": 2015,
    "is_interaction": false,
    "display_order": 3
  }
},
{
  "pk": 63,
  "model": "rules.paragraph",
  "fields": {
    "is_in_use": true,
    "rule": [
      78,
      225
    ],
    "text_motiv": "",
    "text_derog": "",
    "text_standard": "<p>Les stages volontaires sont des stages effectu&eacute;s &agrave; l&rsquo;initiative de l&rsquo;&eacute;tudiant et accept&eacute;s par l&rsquo;&eacute;quipe p&eacute;dagogique de la formation. Ils sont int&eacute;gr&eacute;s au cursus p&eacute;dagogique par le biais d&rsquo;une UE.</p>\r\n",
    "code_year": 2015,
    "is_interaction": false,
    "display_order": 4
  }
},
{
  "pk": 64,
  "model": "rules.paragraph",
  "fields": {
    "is_in_use": true,
    "rule": [
      78,
      225
    ],
    "text_motiv": "",
    "text_derog": "",
    "text_standard": "<p style=\"margin-left:1.7pt\">Tout stage fait obligatoirement l&rsquo;objet d&rsquo;une restitution de la part du stagiaire donnant lieu &agrave; une &eacute;valuation de la part de l&rsquo;&eacute;quipe p&eacute;dagogique de la formation. L&rsquo;objectif de la restitution et de l&rsquo;&eacute;valuation est de permettre &agrave; l&rsquo;&eacute;tudiant de traduire sa mise en application des acquis de la formation et d&rsquo;exprimer les savoirs et comp&eacute;tences acquis.</p>\r\n\r\n<p>Le responsable p&eacute;dagogique s&rsquo;assure que le nombre d&rsquo;heures pr&eacute;vues dans le stage correspond au nombre d&rsquo;ECTS effectivement octroy&eacute;s.</p>\r\n",
    "code_year": 2015,
    "is_interaction": false,
    "display_order": 5
  }
},
{
  "pk": 65,
  "model": "rules.paragraph",
  "fields": {
    "is_in_use": true,
    "rule": [
      78,
      225
    ],
    "text_motiv": "<p>&agrave; d&eacute;finir</p>\r\n",
    "text_derog": "<p>Pr&eacute;ciser la dur&eacute;e du stage, ainsi que la nature de la restitution et de l&rsquo;&eacute;valuation du stage, notamment en fonction de l&rsquo;objectif et du type de stage, de son caract&egrave;re obligatoire ou non, de sa dur&eacute;e. Ex.&nbsp;: un m&eacute;moire ou un rapport, assorti ou non d&rsquo;une soutenance&nbsp;; une fiche de restitution donnant lieu &agrave; &eacute;valuation ou visa du tuteur p&eacute;dagogique.</p>\r\n\r\n<p>Il est fortement recommand&eacute; que l&rsquo;&eacute;valuation comporte une appr&eacute;ciation de la part de la structure d&rsquo;accueil.</p>\r\n",
    "text_standard": "<p>La formation adh&egrave;re &agrave; la politique des stages de l&#39;&eacute;tablissement.</p>\r\n",
    "code_year": 2015,
    "is_interaction": true,
    "display_order": 6
  }
},
{
  "pk": 69,
  "model": "rules.paragraph",
  "fields": {
    "is_in_use": true,
    "rule": [
      78,
      225
    ],
    "text_motiv": "",
    "text_derog": "",
    "text_standard": "<p>Lorsque le stagiaire interrompt sa p&eacute;riode de formation en milieu professionnel ou son stage pour un motif li&eacute; &agrave; la maladie, &agrave; un accident, &agrave; la grossesse, &agrave; la paternit&eacute;, &agrave; l&#39;adoption ou, en accord avec l&#39;&eacute;tablissement, en cas de non-respect des stipulations p&eacute;dagogiques de la convention ou en cas de rupture de la convention &agrave; l&#39;initiative de l&#39;organisme d&#39;accueil, l&rsquo;universit&eacute; valide la p&eacute;riode de formation en milieu professionnel ou le stage, m&ecirc;me s&#39;il n&#39;a pas atteint la dur&eacute;e pr&eacute;vue dans le cursus, ou propose au stagiaire une modalit&eacute; alternative de validation de sa formation.</p>\r\n\r\n<p>L&rsquo;&eacute;tudiant concern&eacute; par cette situation doit imp&eacute;rativement contacter son tuteur p&eacute;dagogique. Ce dernier, en accord avec l&rsquo;&eacute;quipe p&eacute;dagogique et, le cas &eacute;ch&eacute;ant, apr&egrave;s avis du ma&icirc;tre de stage &eacute;tudie la modalit&eacute; de validation alternative la plus ad&eacute;quate, en fonction de l&rsquo;&eacute;tat d&rsquo;avancement du stage au moment de l&rsquo;interruption et conform&eacute;ment aux modalit&eacute;s d&rsquo;&eacute;valuation et de contr&ocirc;le des</p>\r\n\r\n<p>connaissances. Cette modalit&eacute; alternative peut notamment prendre la forme suivante :</p>\r\n\r\n<p>- Un report de tout ou partie de la fin de la p&eacute;riode de stage en accord avec l&rsquo;organisme d&rsquo;accueil et &agrave; condition que ce report soit compatible avec le calendrier universitaire.</p>\r\n\r\n<p>- La r&eacute;daction d&rsquo;un m&eacute;moire/rapport de substitution</p>\r\n\r\n<p>- Une &eacute;preuve &eacute;crite et/ou orale de substitution.</p>\r\n",
    "code_year": 2015,
    "is_interaction": false,
    "display_order": 10
  }
},
{
  "pk": 70,
  "model": "rules.paragraph",
  "fields": {
    "is_in_use": true,
    "rule": [
      8,
      226
    ],
    "text_motiv": "",
    "text_derog": "",
    "text_standard": "<p>Le jury devant lequel ce m&eacute;moire est pr&eacute;sent&eacute; doit comporter au moins un membre habilit&eacute; &agrave; diriger des recherches.</p>\r\n",
    "code_year": 2015,
    "is_interaction": false,
    "display_order": 1
  }
},
{
  "pk": 71,
  "model": "rules.paragraph",
  "fields": {
    "is_in_use": true,
    "rule": [
      9,
      228
    ],
    "text_motiv": "",
    "text_derog": "",
    "text_standard": "<p>Les jurys sont d&eacute;sign&eacute;s par le pr&eacute;sident de l&rsquo;universit&eacute; sur proposition du directeur de composante.</p>\r\n",
    "code_year": 2015,
    "is_interaction": false,
    "display_order": 1
  }
},
{
  "pk": 72,
  "model": "rules.paragraph",
  "fields": {
    "is_in_use": true,
    "rule": [
      9,
      228
    ],
    "text_motiv": "",
    "text_derog": "",
    "text_standard": "<p style=\"margin-left:1.7pt\">Il est cr&eacute;&eacute; des jurys de semestre. Le jury de semestre arr&ecirc;te les notes et est souverain pour prononcer la validation ou la non-validation d&rsquo;un semestre.</p>\r\n\r\n<p style=\"margin-left:1.7pt\">Il est cr&eacute;&eacute; des jurys d&rsquo;ann&eacute;e. A l&rsquo;issue de chacune des deux sessions d&rsquo;examens, le jury d&rsquo;ann&eacute;e se prononce sur la validation de deux semestres imm&eacute;diatement cons&eacute;cutifs.</p>\r\n\r\n<p>Il est cr&eacute;&eacute; des jurys de dipl&ocirc;me. Le jury de dipl&ocirc;me prononce la d&eacute;livrance du dipl&ocirc;me.</p>\r\n",
    "code_year": 2015,
    "is_interaction": false,
    "display_order": 2
  }
},
{
  "pk": 73,
  "model": "rules.paragraph",
  "fields": {
    "is_in_use": true,
    "rule": [
      51,
      229
    ],
    "text_motiv": "",
    "text_derog": "",
    "text_standard": "<p style=\"margin-left:1.7pt\">Le DAEU est d&eacute;livr&eacute; par le pr&eacute;sident de l&rsquo;universit&eacute;, sur proposition d&rsquo;un jury compos&eacute; des enseignants participant &agrave; la formation.</p>\r\n\r\n<p>Ce jury est pr&eacute;sid&eacute; par un professeur ou un ma&icirc;tre de conf&eacute;rences d&eacute;sign&eacute; par le pr&eacute;sent de l&rsquo;universit&eacute; pour chacune des options A et B du dipl&ocirc;me.</p>\r\n",
    "code_year": 2015,
    "is_interaction": false,
    "display_order": 1
  }
},
{
  "pk": 74,
  "model": "rules.paragraph",
  "fields": {
    "is_in_use": true,
    "rule": [
      52,
      230
    ],
    "text_motiv": "",
    "text_derog": "",
    "text_standard": "<p style=\"margin-left:1.7pt\">Un jury pluridisciplinaire se r&eacute;unira pour d&eacute;lib&eacute;rer sur la validation&nbsp;:</p>\r\n\r\n<ul>\r\n\t<li>du Certificat de synth&egrave;se pharmaceutique (pharmacie)</li>\r\n\t<li>du Certificat de comp&eacute;tence clinique (m&eacute;decine)</li>\r\n\t<li>du Certificat de synth&egrave;se clinique et th&eacute;rapeutique (odontologie)</li>\r\n</ul>\r\n",
    "code_year": 2015,
    "is_interaction": false,
    "display_order": 1
  }
},
{
  "pk": 75,
  "model": "rules.paragraph",
  "fields": {
    "is_in_use": true,
    "rule": [
      53,
      231
    ],
    "text_motiv": "",
    "text_derog": "",
    "text_standard": "<p style=\"margin-left:1.85pt\">Le jury de th&egrave;se comprend au moins trois membres, dont le directeur de th&egrave;se&nbsp;:</p>\r\n\r\n<ul>\r\n\t<li>un enseignant-chercheur habilit&eacute; &agrave; diriger des recherches exer&ccedil;ant dans la composante, pr&eacute;sident&nbsp;;</li>\r\n\t<li>deux autres membres, dont une personnalit&eacute; qualifi&eacute;e ext&eacute;rieure &agrave; la composante. La participation d&rsquo;un responsable d&rsquo;une structure accueillant des &eacute;tudiants en stage est souhait&eacute;e.</li>\r\n</ul>\r\n\r\n<p>Deux membres du jury sont titulaires du dipl&ocirc;me d&rsquo;Etat de pharmacien ou de docteur en pharmacie.</p>\r\n",
    "code_year": 2015,
    "is_interaction": false,
    "display_order": 1
  }
},
{
  "pk": 76,
  "model": "rules.paragraph",
  "fields": {
    "is_in_use": true,
    "rule": [
      54,
      232
    ],
    "text_motiv": "",
    "text_derog": "",
    "text_standard": "<p>Le jury de th&egrave;se, pr&eacute;sid&eacute; par un professeur des universit&eacute;s des disciplines m&eacute;dicales titulaires, est compos&eacute; d&rsquo;au moins quatre membres dont trois enseignants titulaires des disciplines m&eacute;dicales d&eacute;sign&eacute;s par le pr&eacute;sident de l&rsquo;universit&eacute; sur proposition du directeur de composante.</p>\r\n",
    "code_year": 2015,
    "is_interaction": false,
    "display_order": 1
  }
},
{
  "pk": 77,
  "model": "rules.paragraph",
  "fields": {
    "is_in_use": true,
    "rule": [
      55,
      233
    ],
    "text_motiv": "",
    "text_derog": "",
    "text_standard": "<p style=\"margin-left:1.85pt\">Le jury de th&egrave;se comprend quatre membres, dont :</p>\r\n\r\n<ul>\r\n\t<li>un professeur des universit&eacute;s, praticien hospitalier des centres de soins, d&rsquo;enseignement et de recherche dentaire, pr&eacute;sident ;</li>\r\n\t<li>trois autres membres dont au moins deux personnels enseignants et hospitaliers titulaires des centres de soins d&rsquo;enseignement et de recherche dentaires. L&rsquo;un de ces trois membres peut &ecirc;tre un assistant hospitalier universitaire, un praticien hospitalier, un enseignant d&rsquo;une autre discipline universitaire ou un directeur de recherche.</li>\r\n</ul>\r\n\r\n<p>Une personnalit&eacute; ext&eacute;rieure invit&eacute;e sans voix d&eacute;lib&eacute;rative peut &ecirc;tre adjointe &agrave; ce jury.</p>\r\n",
    "code_year": 2015,
    "is_interaction": false,
    "display_order": 1
  }
},
{
  "pk": 78,
  "model": "rules.paragraph",
  "fields": {
    "is_in_use": true,
    "rule": [
      56,
      234
    ],
    "text_motiv": "",
    "text_derog": "",
    "text_standard": "<p style=\"margin-left:1.7pt\">Le DUT est d&eacute;livr&eacute; par le pr&eacute;sident de l&rsquo;universit&eacute;, sur proposition d&rsquo;un jury pr&eacute;sid&eacute; par le directeur de l&rsquo;IUT, comprenant les chefs de d&eacute;partement, les enseignants-chercheurs, les enseignants, les charg&eacute;s d&rsquo;enseignement et les personnalit&eacute;s ext&eacute;rieures exer&ccedil;ant des fonctions en relations &eacute;troite avec la sp&eacute;cialit&eacute; concern&eacute;e, choisies dans les conditions pr&eacute;vues &agrave; l&rsquo;article L. 613-1 du code de l&rsquo;&eacute;ducation.</p>\r\n\r\n<p>Ce jury de dipl&ocirc;me comprend au moins 50% d&rsquo;enseignants-chercheurs et d&rsquo;enseignants.</p>\r\n",
    "code_year": 2015,
    "is_interaction": false,
    "display_order": 1
  }
},
{
  "pk": 79,
  "model": "rules.paragraph",
  "fields": {
    "is_in_use": true,
    "rule": [
      77,
      235
    ],
    "text_motiv": "",
    "text_derog": "",
    "text_standard": "<p>Les jurys sont d&eacute;sign&eacute;s par le pr&eacute;sident de l&rsquo;universit&eacute; sur proposition du directeur ou des directeurs de l&rsquo;unit&eacute; ou des unit&eacute;s de formation et de recherche, ou du ou des d&eacute;partements de formation assurant les enseignements.</p>\r\n",
    "code_year": 2015,
    "is_interaction": false,
    "display_order": 1
  }
},
{
  "pk": 80,
  "model": "rules.paragraph",
  "fields": {
    "is_in_use": true,
    "rule": [
      77,
      235
    ],
    "text_motiv": "",
    "text_derog": "",
    "text_standard": "<p style=\"margin-left:1.7pt\">Il est cr&eacute;&eacute; des jurys de semestre. Le jury de semestre arr&ecirc;te les notes et est souverain pour prononcer la validation ou la non-validation d&rsquo;un semestre.</p>\r\n\r\n<p style=\"margin-left:1.7pt\">Il est cr&eacute;&eacute; des jurys d&rsquo;ann&eacute;e. A l&rsquo;issue de chacune des deux sessions d&rsquo;examens, le jury d&rsquo;ann&eacute;e se prononce sur la validation de deux semestres imm&eacute;diatement cons&eacute;cutifs.</p>\r\n\r\n<p style=\"margin-left:1.7pt\">Il est cr&eacute;&eacute; des jurys de dipl&ocirc;me. Le jury de dipl&ocirc;me prononce la d&eacute;livrance du dipl&ocirc;me.</p>\r\n",
    "code_year": 2015,
    "is_interaction": false,
    "display_order": 2
  }
},
{
  "pk": 81,
  "model": "rules.paragraph",
  "fields": {
    "is_in_use": true,
    "rule": [
      77,
      235
    ],
    "text_motiv": "",
    "text_derog": "",
    "text_standard": "<p>Ce jury est pr&eacute;sid&eacute; par un enseignant-chercheur.</p>\r\n",
    "code_year": 2015,
    "is_interaction": false,
    "display_order": 3
  }
},
{
  "pk": 82,
  "model": "rules.paragraph",
  "fields": {
    "is_in_use": true,
    "rule": [
      10,
      236
    ],
    "text_motiv": "",
    "text_derog": "",
    "text_standard": "<p style=\"margin-left:1.7pt\">Au niveau de l&rsquo;UE&nbsp;: les notes qui, affect&eacute;es de leurs coefficients respectifs, entrent dans le calcul de la note d&rsquo;une UE se compensent entre elles, sans note &eacute;liminatoire. L&rsquo;UE est valid&eacute;e d&egrave;s lors qu&rsquo;un &eacute;tudiant y obtient une moyenne g&eacute;n&eacute;rale &eacute;gale ou sup&eacute;rieure &agrave; 10/20. La validation d&rsquo;une UE emporte l&rsquo;obtention des cr&eacute;dits europ&eacute;ens correspondant.</p>\r\n\r\n<p style=\"margin-left:1.7pt\">En cas de dispense, l&rsquo;UE n&rsquo;est pas prise en compte dans le calcul du semestre.</p>\r\n",
    "code_year": 2015,
    "is_interaction": false,
    "display_order": 1
  }
},
{
  "pk": 83,
  "model": "rules.paragraph",
  "fields": {
    "is_in_use": true,
    "rule": [
      11,
      238
    ],
    "text_motiv": "",
    "text_derog": "",
    "text_standard": "<p>Au niveau du semestre: les notes des UE d&rsquo;un m&ecirc;me semestre se compensent entre elles, sans note&nbsp;&eacute;liminatoire. Le semestre est valid&eacute; si la moyenne des UE le composant, affect&eacute;es de leurs coefficients respectifs, est &eacute;gale ou&nbsp;sup&eacute;rieur &agrave; 10/20.</p>\r\n",
    "code_year": 2015,
    "is_interaction": false,
    "display_order": 1
  }
},
{
  "pk": 84,
  "model": "rules.paragraph",
  "fields": {
    "is_in_use": true,
    "rule": [
      11,
      238
    ],
    "text_motiv": "",
    "text_derog": "",
    "text_standard": "<p>Au niveau des deux semestres d&rsquo;une m&ecirc;me ann&eacute;e d&rsquo;&eacute;tudes et au niveau du dipl&ocirc;me&nbsp;: la compensation op&egrave;re entre les moyennes obtenues aux deux semestres imm&eacute;diatement cons&eacute;cutifs d&rsquo;une m&ecirc;me ann&eacute;e d&rsquo;&eacute;tudes, c&rsquo;est-&agrave;-dire entre les semestres 1 et 2, ou entre les semestres 3 et 4, ou entre les semestre 5 et 6.</p>\r\n",
    "code_year": 2015,
    "is_interaction": false,
    "display_order": 2
  }
},
{
  "pk": 85,
  "model": "rules.paragraph",
  "fields": {
    "is_in_use": true,
    "rule": [
      11,
      238
    ],
    "text_motiv": "",
    "text_derog": "",
    "text_standard": "<p>Toutefois, lorsqu&rsquo;un seul semestre n&rsquo;est pas valid&eacute; et que la moyenne des six semestres est &eacute;gale ou sup&eacute;rieure &agrave; 10/20, le jury de dipl&ocirc;me a la possibilit&eacute; d&rsquo;accorder la compensation de ce semestre non valid&eacute;. L&rsquo;&eacute;tudiant peut d&eacute;clarer renoncer au b&eacute;n&eacute;fice de cette compensation.</p>\r\n",
    "code_year": 2015,
    "is_interaction": false,
    "display_order": 3
  }
},
{
  "pk": 86,
  "model": "rules.paragraph",
  "fields": {
    "is_in_use": true,
    "rule": [
      57,
      240
    ],
    "text_motiv": "",
    "text_derog": "",
    "text_standard": "<p>La licence professionnelle est d&eacute;cern&eacute;e aux &eacute;tudiants qui ont obtenu &agrave; la fois une moyenne g&eacute;n&eacute;rale &eacute;gale ou sup&eacute;rieure &agrave; 10/20 &agrave; l&#39;ensemble des unit&eacute;s d&#39;enseignement, y compris le projet tutor&eacute; et le stage, et une moyenne &eacute;gale ou sup&eacute;rieure &agrave; 10/20 &agrave; l&#39;ensemble constitu&eacute; du projet tutor&eacute; et du stage.</p>\r\n\r\n<p>La compensation entre &eacute;l&eacute;ments constitutifs d&#39;une unit&eacute; d&#39;enseignement, d&#39;une part, et les unit&eacute;s d&#39;enseignement, d&#39;autre part, s&#39;effectue sans note &eacute;liminatoire.&nbsp;</p>\r\n",
    "code_year": 2015,
    "is_interaction": false,
    "display_order": 1
  }
},
{
  "pk": 87,
  "model": "rules.paragraph",
  "fields": {
    "is_in_use": true,
    "rule": [
      58,
      241
    ],
    "text_motiv": "<p>Merci d&rsquo;indiquer, pour les conseils &eacute;lus, les motifs de votre choix.</p>\r\n",
    "text_derog": "<p>Veuillez indiquer le syst&egrave;me que vous souhaitez utiliser&nbsp;: syst&egrave;me de notes ind&eacute;pendantes (notes &eacute;liminatoires) ou syst&egrave;me avec compensation de notes.</p>\r\n\r\n<p>Si vous optez pour le syst&egrave;me de compensation, veuillez pr&eacute;ciser les diff&eacute;rents niveaux auxquels une compensation peut &ecirc;tre effectu&eacute;e (exemple&nbsp;: compensation de notes des UE d&rsquo;un m&ecirc;me semestre, compensation de notes des deux semestres etc.)</p>\r\n",
    "text_standard": "<p>Le cumul entre un syst&egrave;me de notes ind&eacute;pendantes et un syst&egrave;me de notes entre lesquelles des compensations peuvent &ecirc;tre &eacute;tables n&rsquo;est pas autoris&eacute;. &nbsp;</p>\r\n",
    "code_year": 2015,
    "is_interaction": true,
    "display_order": 1
  }
},
{
  "pk": 88,
  "model": "rules.paragraph",
  "fields": {
    "is_in_use": true,
    "rule": [
      12,
      239
    ],
    "text_motiv": "<p>Merci d&rsquo;indiquer, pour les conseils &eacute;lus, les motifs de votre demande.</p>\r\n",
    "text_derog": "<p>Vous souhaitez demander une d&eacute;rogation pour cette r&egrave;gle.&nbsp;</p>\r\n\r\n<p>Merci de reprendre le passage pour le modifier ou y substituer le texte de la r&egrave;gle que vous souhaitez voir valider pour votre formation. N&rsquo;oubliez pas de d&eacute;tailler, le cas &eacute;ch&eacute;ant, les enseignements auxquels s&rsquo;appliquent votre r&egrave;gle, et les conditions et les crit&egrave;res d&rsquo;application, ou tout autre &eacute;l&eacute;ment pertinent.</p>\r\n",
    "text_standard": "<p>Au niveau du semestre&nbsp;: les notes des UE d&rsquo;un m&ecirc;me semestre se compensent entre elles.</p>\r\n",
    "code_year": 2015,
    "is_interaction": true,
    "display_order": 1
  }
},
{
  "pk": 89,
  "model": "rules.paragraph",
  "fields": {
    "is_in_use": true,
    "rule": [
      12,
      239
    ],
    "text_motiv": "",
    "text_derog": "",
    "text_standard": "<p>Le semestre est valid&eacute; si la moyenne des UE le composant, affect&eacute;es de leurs coefficients respectifs, est &eacute;gale ou sup&eacute;rieure &agrave; 10/20.</p>\r\n",
    "code_year": 2015,
    "is_interaction": false,
    "display_order": 2
  }
},
{
  "pk": 90,
  "model": "rules.paragraph",
  "fields": {
    "is_in_use": true,
    "rule": [
      12,
      239
    ],
    "text_motiv": "<p>Merci d&rsquo;indiquer, pour les conseils &eacute;lus, les motifs de votre demande.</p>\r\n",
    "text_derog": "<p>Vous souhaitez demander une d&eacute;rogation pour cet alin&eacute;a.</p>\r\n\r\n<p>Merci de reprendre le passage pour le modifier ou y substituer le texte de l&rsquo;alin&eacute;a que vous souhaitez voir valider pour votre formation. N&rsquo;oubliez pas de d&eacute;tailler, le cas &eacute;ch&eacute;ant, les enseignements auxquels s&rsquo;appliquent votre alin&eacute;a, et les conditions et les crit&egrave;res d&rsquo;application, ou tout autre &eacute;l&eacute;ment pertinent.</p>\r\n",
    "text_standard": "<p>Au niveau des deux semestres d&rsquo;une m&ecirc;me ann&eacute;e d&rsquo;&eacute;tudes et au niveau du dipl&ocirc;me&nbsp;: les notes des semestres du Master ne se compensent pas entre elles.</p>\r\n",
    "code_year": 2015,
    "is_interaction": true,
    "display_order": 3
  }
},
{
  "pk": 91,
  "model": "rules.paragraph",
  "fields": {
    "is_in_use": true,
    "rule": [
      59,
      242
    ],
    "text_motiv": "",
    "text_derog": "",
    "text_standard": "<p>Pour &ecirc;tre d&eacute;clar&eacute; admis, le candidat doit, dans le cas de l&rsquo;examen final, obtenir une note moyenne au moins &eacute;gale &agrave; 10/20 &agrave; l&rsquo;ensemble des &eacute;preuves.</p>\r\n",
    "code_year": 2015,
    "is_interaction": false,
    "display_order": 1
  }
},
{
  "pk": 92,
  "model": "rules.paragraph",
  "fields": {
    "is_in_use": true,
    "rule": [
      60,
      243
    ],
    "text_motiv": "",
    "text_derog": "",
    "text_standard": "<p>Pour &ecirc;tre d&eacute;clar&eacute; admis, le candidat doit, dans le cas de modules capitalisables, obtenir une note moyenne au moins &eacute;gale &agrave; 10/20 &agrave; chacune des &eacute;preuves. Les quatre modules de la formation peuvent &ecirc;tre pr&eacute;sent&eacute;s lors d&rsquo;une m&ecirc;me session.</p>\r\n",
    "code_year": 2015,
    "is_interaction": false,
    "display_order": 1
  }
},
{
  "pk": 93,
  "model": "rules.paragraph",
  "fields": {
    "is_in_use": true,
    "rule": [
      61,
      244
    ],
    "text_motiv": "",
    "text_derog": "",
    "text_standard": "<p>Les UE sont acquises et capitalisables d&egrave;s lros que l&rsquo;&eacute;tudiant y a obtenu la moyenne. Toute UE capitalis&eacute;e est prise en compte dans le dispositif de compensation, au m&ecirc;me titre et dans les m&ecirc;mes conditions que les autres UE.</p>\r\n",
    "code_year": 2015,
    "is_interaction": false,
    "display_order": 1
  }
},
{
  "pk": 94,
  "model": "rules.paragraph",
  "fields": {
    "is_in_use": true,
    "rule": [
      61,
      244
    ],
    "text_motiv": "",
    "text_derog": "",
    "text_standard": "<p>Le semestre est valid&eacute; lorsque l&rsquo;&eacute;tudiant obtient &agrave; la fois&nbsp;:</p>\r\n\r\n<ul>\r\n\t<li>Une moyenne g&eacute;n&eacute;rale au moins &eacute;gale &agrave; 10/20 et une un moyenne au moins &eacute;gale &agrave; 8/20 dans chacune des UE&nbsp;;</li>\r\n\t<li>La validation des semestres pr&eacute;c&eacute;dents, lorsqu&rsquo;ils existent.</li>\r\n</ul>\r\n",
    "code_year": 2015,
    "is_interaction": false,
    "display_order": 2
  }
},
{
  "pk": 95,
  "model": "rules.paragraph",
  "fields": {
    "is_in_use": true,
    "rule": [
      61,
      244
    ],
    "text_motiv": "",
    "text_derog": "",
    "text_standard": "<p>Si ces deux conditions ne sont pas remplies, la validation est assur&eacute;e par une compensation entre deux semestres cons&eacute;cutifs, sur la base d&rsquo;une moyenne g&eacute;n&eacute;rale au moins &eacute;gale &agrave; 10/20 et d&rsquo;une moyenne au moins &eacute;gale &agrave; 8/20 dans chacune des UE de ce semestre. Le semestre servant &agrave; compenser ne peut &ecirc;tre utilis&eacute; qu&rsquo;une fois au cours du cursus.</p>\r\n\r\n<p>L&rsquo;&eacute;tudiant peut renoncer au b&eacute;n&eacute;fice de cette compensation.</p>\r\n",
    "code_year": 2015,
    "is_interaction": false,
    "display_order": 3
  }
},
{
  "pk": 96,
  "model": "rules.paragraph",
  "fields": {
    "is_in_use": true,
    "rule": [
      61,
      244
    ],
    "text_motiv": "",
    "text_derog": "",
    "text_standard": "<p>En outre, le directeur de l&rsquo;IUT peut prononcer la validation d&rsquo;un semestre sur proposition du jury.</p>\r\n",
    "code_year": 2015,
    "is_interaction": false,
    "display_order": 4
  }
},
{
  "pk": 97,
  "model": "rules.paragraph",
  "fields": {
    "is_in_use": true,
    "rule": [
      61,
      244
    ],
    "text_motiv": "",
    "text_derog": "",
    "text_standard": "<p>La validation de tout semestre donne lieu &agrave; l&rsquo;obtention de l&rsquo;ensemble des UE qui le composent et des cr&eacute;dits europ&eacute;ens correspondants.</p>\r\n",
    "code_year": 2015,
    "is_interaction": false,
    "display_order": 5
  }
},
{
  "pk": 98,
  "model": "rules.paragraph",
  "fields": {
    "is_in_use": true,
    "rule": [
      62,
      245
    ],
    "text_motiv": "<p>Merci d&rsquo;indiquer, pour les conseils &eacute;lus, les motifs de votre demande.</p>\r\n",
    "text_derog": "<p>Vous souhaitez demander une d&eacute;rogation pour cet alin&eacute;a.</p>\r\n\r\n<p>Merci de reprendre le passage pour le modifier ou y substituer le texte de l&rsquo;alin&eacute;a que vous souhaitez voir valider pour votre formation. <em>N&rsquo;oubliez pas de d&eacute;tailler, le cas &eacute;ch&eacute;ant, les enseignements auxquels s&rsquo;appliquent votre alin&eacute;a, et les conditions et les crit&egrave;res d&rsquo;application, ou tout autre &eacute;l&eacute;ment <strong>pertinent.</strong></em></p>\r\n",
    "text_standard": "<p style=\"margin-left:1.7pt\">Au niveau de l&rsquo;UE&nbsp;: les notes qui, affect&eacute;es de leurs coefficients respectifs, entrent dans le calcul de la note d&rsquo;une UE se compensent entre elles, sans note &eacute;liminatoire. L&rsquo;UE est valid&eacute;e d&egrave;s lors qu&rsquo;un &eacute;tudiant y obtient une moyenne g&eacute;n&eacute;rale &eacute;gale ou sup&eacute;rieure &agrave; 10/20.</p>\r\n\r\n<p style=\"margin-left:1.7pt\">En cas de dispense, l&rsquo;UE n&rsquo;est pas prise en compte dans le calcul du semestre.</p>\r\n",
    "code_year": 2015,
    "is_interaction": true,
    "display_order": 1
  }
},
{
  "pk": 99,
  "model": "rules.paragraph",
  "fields": {
    "is_in_use": true,
    "rule": [
      62,
      245
    ],
    "text_motiv": "<p>Merci d&rsquo;indiquer, pour les conseils &eacute;lus, les motifs de votre demande.</p>\r\n",
    "text_derog": "<p>Vous souhaitez demander une d&eacute;rogation pour cet alin&eacute;a.</p>\r\n\r\n<p>Merci de reprendre le passage pour le modifier ou y substituer le texte de l&rsquo;alin&eacute;a que vous souhaitez voir valider pour votre formation. <em>N&rsquo;oubliez pas de d&eacute;tailler, le cas &eacute;ch&eacute;ant, les enseignements auxquels s&rsquo;appliquent votre alin&eacute;a, et les conditions et les crit&egrave;res d&rsquo;application, ou tout autre &eacute;l&eacute;ment pertinent.</em></p>\r\n",
    "text_standard": "<p>Au niveau du semestre : les notes des UE d&rsquo;un m&ecirc;me semestre se compensent entre elles, sans note&nbsp;&eacute;liminatoire. Le semestre est valid&eacute; si la moyenne des UE le composant, affect&eacute;es de leurs coefficients respectifs, est &eacute;gale ou&nbsp;sup&eacute;rieur &agrave; 10/20.</p>\r\n",
    "code_year": 2015,
    "is_interaction": true,
    "display_order": 2
  }
},
{
  "pk": 100,
  "model": "rules.paragraph",
  "fields": {
    "is_in_use": true,
    "rule": [
      62,
      245
    ],
    "text_motiv": "",
    "text_derog": "",
    "text_standard": "<p>Au niveau des deux semestres d&rsquo;une m&ecirc;me ann&eacute;e d&rsquo;&eacute;tudes et au niveau du dipl&ocirc;me, les&nbsp; notes des semestres ne se compensent pas entre elles.</p>\r\n",
    "code_year": 2015,
    "is_interaction": false,
    "display_order": 3
  }
},
{
  "pk": 101,
  "model": "rules.paragraph",
  "fields": {
    "is_in_use": true,
    "rule": [
      13,
      246
    ],
    "text_motiv": "",
    "text_derog": "",
    "text_standard": "<p>La moyenne g&eacute;n&eacute;rale obtenue au dipl&ocirc;me est la moyenne des notes des six semestres, sans pond&eacute;ration des semestres.</p>\r\n",
    "code_year": 2015,
    "is_interaction": false,
    "display_order": 1
  }
},
{
  "pk": 102,
  "model": "rules.paragraph",
  "fields": {
    "is_in_use": true,
    "rule": [
      14,
      247
    ],
    "text_motiv": "<p><strong>Merci d&rsquo;indiquer, pour les conseils &eacute;lus, les motifs de votre demande.</strong></p>\r\n",
    "text_derog": "<p>Vous souhaitez demander une d&eacute;rogation pour cet alin&eacute;a.</p>\r\n\r\n<p>Merci de reprendre le passage pour le modifier ou y substituer le texte de l&rsquo;alin&eacute;a que vous souhaitez voir valider pour votre formation. <em>N&rsquo;oubliez pas de d&eacute;tailler, le cas &eacute;ch&eacute;ant, les enseignements auxquels s&rsquo;appliquent votre alin&eacute;a, et les conditions et les crit&egrave;res d&rsquo;application, ou tout autre &eacute;l&eacute;ment pertinent.</em></p>\r\n",
    "text_standard": "<p>La moyenne g&eacute;n&eacute;rale au dipl&ocirc;me&nbsp; est la moyenne des notes des quatre semestres, sans pond&eacute;ration des semestres.</p>\r\n",
    "code_year": 2015,
    "is_interaction": true,
    "display_order": 1
  }
},
{
  "pk": 103,
  "model": "rules.paragraph",
  "fields": {
    "is_in_use": true,
    "rule": [
      63,
      287
    ],
    "text_motiv": "",
    "text_derog": "",
    "text_standard": "<p>La moyenne g&eacute;n&eacute;rale obtenue en DEUST est la moyenne de l&rsquo;ensemble des notes obtenues, pond&eacute;r&eacute;es par les coefficients.</p>\r\n",
    "code_year": 2015,
    "is_interaction": false,
    "display_order": 1
  }
},
{
  "pk": 104,
  "model": "rules.paragraph",
  "fields": {
    "is_in_use": true,
    "rule": [
      64,
      249
    ],
    "text_motiv": "",
    "text_derog": "",
    "text_standard": "<p>L&rsquo;ann&eacute;e universitaire de PACES est sanctionn&eacute;e par un concours.</p>\r\n\r\n<p>La validation de l&rsquo;ensemble des unit&eacute;s d&rsquo;enseignements permet l&rsquo;acquisition de 60 ECTS.</p>\r\n",
    "code_year": 2015,
    "is_interaction": false,
    "display_order": 1
  }
},
{
  "pk": 105,
  "model": "rules.paragraph",
  "fields": {
    "is_in_use": true,
    "rule": [
      64,
      249
    ],
    "text_motiv": "",
    "text_derog": "",
    "text_standard": "<p>Pour &ecirc;tre admis &agrave; poursuivre des &eacute;tudes m&eacute;dicales, odontologiques, pharmaceutiques ou de sage-femme au-del&agrave; de la premi&egrave;re ann&eacute;e des &eacute;tudes de sant&eacute;, les candidats doivent figurer en rang utile (num&eacute;rus clausus) sur la liste des classements correspondant &agrave; la fili&egrave;re de sant&eacute; choisie. Lorsque dans la limite des numerus clausus fix&eacute;s se trouvent des &eacute;tudiants de nationalit&eacute; &eacute;trang&egrave;re, une majoration&nbsp; &eacute;gale au nombre d&rsquo;&eacute;tudiants &eacute;trangers class&eacute;s en rang utile peut &ecirc;tre effectu&eacute;e sans exc&eacute;der 8% du contingentement propre &agrave; chacune des fili&egrave;res.</p>\r\n",
    "code_year": 2015,
    "is_interaction": false,
    "display_order": 2
  }
},
{
  "pk": 106,
  "model": "rules.paragraph",
  "fields": {
    "is_in_use": true,
    "rule": [
      64,
      249
    ],
    "text_motiv": "",
    "text_derog": "",
    "text_standard": "<p>Le classement se fera sur la base des notes obtenues au tronc commun ainsi qu&rsquo;&agrave; l&rsquo;UE sp&eacute;cifique, chaque UE &eacute;tant affect&eacute;e d&rsquo;un coefficient de pond&eacute;ration propre &agrave; chaque fili&egrave;re.</p>\r\n",
    "code_year": 2015,
    "is_interaction": false,
    "display_order": 3
  }
},
{
  "pk": 107,
  "model": "rules.paragraph",
  "fields": {
    "is_in_use": true,
    "rule": [
      65,
      250
    ],
    "text_motiv": "",
    "text_derog": "",
    "text_standard": "<p>Le dipl&ocirc;me est d&eacute;livr&eacute; aux &eacute;tudiants qui ont acquis les quatre semestres de la fili&egrave;re apr&egrave;s la PACES, par l&rsquo;obtention de 180 ECTS et les stages aff&eacute;rents. Ce dipl&ocirc;me conf&egrave;re le grade de licence.</p>\r\n",
    "code_year": 2015,
    "is_interaction": false,
    "display_order": 1
  }
},
{
  "pk": 108,
  "model": "rules.paragraph",
  "fields": {
    "is_in_use": true,
    "rule": [
      66,
      251
    ],
    "text_motiv": "",
    "text_derog": "",
    "text_standard": "<p><em>Le dipl&ocirc;me est d&eacute;livr&eacute; aux &eacute;tudiants qui ont acquis&nbsp;:</em></p>\r\n\r\n<ul>\r\n\t<li><em>en sciences pharmaceutiques&nbsp;: les quatre semestres par l&rsquo;obtention de 120 ECTS, les stages aff&eacute;rents et le certificat de synth&egrave;se pharmaceutique</em></li>\r\n\t<li><em>en sciences m&eacute;dicales&nbsp;: les six semestres par l&rsquo;obtention de 120 ECTS, les stages aff&eacute;rents et le certificat de comp&eacute;tence clinique</em></li>\r\n\t<li><em>en sciences odontologiques&nbsp;: les quatre semestres par l&rsquo;obtention de 120 ECTS, les stages aff&eacute;rents et le certificat de synth&egrave;se clinique et th&eacute;rapeutiques</em></li>\r\n</ul>\r\n\r\n<p><em>Ce dipl&ocirc;me conf&egrave;re le grade de master.</em></p>\r\n",
    "code_year": 2015,
    "is_interaction": false,
    "display_order": 1
  }
},
{
  "pk": 109,
  "model": "rules.paragraph",
  "fields": {
    "is_in_use": true,
    "rule": [
      67,
      252
    ],
    "text_motiv": "",
    "text_derog": "",
    "text_standard": "<p>Le dipl&ocirc;me d&rsquo;Etat de Docteur est d&eacute;livr&eacute; aux &eacute;tudiants ayant valid&eacute; les trois cycles d&rsquo;&eacute;tudes et soutenu avec succ&egrave;s leur th&egrave;se.</p>\r\n",
    "code_year": 2015,
    "is_interaction": false,
    "display_order": 1
  }
},
{
  "pk": 110,
  "model": "rules.paragraph",
  "fields": {
    "is_in_use": true,
    "rule": [
      67,
      252
    ],
    "text_motiv": "",
    "text_derog": "",
    "text_standard": "<p>Le jury de th&egrave;se peut refuser la th&egrave;se et demander des modifications.</p>\r\n\r\n<p>Il peut l&rsquo;admettre avec l&rsquo;une des mentions suivantes&nbsp;: passable, assez bien, bien ou tr&egrave;s bien.</p>\r\n",
    "code_year": 2015,
    "is_interaction": false,
    "display_order": 2
  }
},
{
  "pk": 111,
  "model": "rules.paragraph",
  "fields": {
    "is_in_use": true,
    "rule": [
      15,
      254
    ],
    "text_motiv": "",
    "text_derog": "",
    "text_standard": "<p>En cas de dispense de semestre, la moyenne g&eacute;n&eacute;rale au dipl&ocirc;me est la moyenne des notes des seuls semestres effectu&eacute;s &agrave; l&rsquo;Universit&eacute; de Strasbourg.</p>\r\n",
    "code_year": 2015,
    "is_interaction": false,
    "display_order": 1
  }
},
{
  "pk": 112,
  "model": "rules.paragraph",
  "fields": {
    "is_in_use": true,
    "rule": [
      15,
      254
    ],
    "text_motiv": "",
    "text_derog": "",
    "text_standard": "<p style=\"margin-left:1.7pt\">Les &eacute;tudes accomplies &agrave; l&rsquo;&eacute;tranger, selon un contrat p&eacute;dagogique mis en &oelig;uvre dans le cadre d&rsquo;&eacute;changes internationaux conventionn&eacute;s, sont consid&eacute;r&eacute;es comme des &eacute;tudes accomplies &agrave; l&rsquo;Universit&eacute; de Strasbourg. Les modalit&eacute;s d&rsquo;&eacute;valuation de l&rsquo;&eacute;tudiant en mobilit&eacute; sont pr&eacute;cis&eacute;es dans son contrat p&eacute;dagogique.</p>\r\n",
    "code_year": 2015,
    "is_interaction": false,
    "display_order": 2
  }
},
{
  "pk": 113,
  "model": "rules.paragraph",
  "fields": {
    "is_in_use": true,
    "rule": [
      15,
      254
    ],
    "text_motiv": "",
    "text_derog": "",
    "text_standard": "<p>En cas de r&eacute;orientation, la moyenne g&eacute;n&eacute;rale obtenue au dipl&ocirc;me est la moyenne des notes des seuls semestres effectu&eacute;s dans le dipl&ocirc;me terminal.</p>\r\n",
    "code_year": 2015,
    "is_interaction": false,
    "display_order": 3
  }
},
{
  "pk": 114,
  "model": "rules.paragraph",
  "fields": {
    "is_in_use": true,
    "rule": [
      15,
      254
    ],
    "text_motiv": "",
    "text_derog": "",
    "text_standard": "<p>L&rsquo;attribution d&rsquo;une mention (assez bien&nbsp;: 12/20&nbsp;; bien&nbsp;: 14/20&nbsp;; tr&egrave;s bien&nbsp;: 16/20) est calcul&eacute;e sur la moyenne g&eacute;n&eacute;rale obtenue au dipl&ocirc;me. Des points de jury peuvent &ecirc;tre accord&eacute;s pour l&rsquo;attribution d&rsquo;une mention.</p>\r\n",
    "code_year": 2015,
    "is_interaction": false,
    "display_order": 4
  }
},
{
  "pk": 115,
  "model": "rules.paragraph",
  "fields": {
    "is_in_use": true,
    "rule": [
      16,
      255
    ],
    "text_motiv": "",
    "text_derog": "",
    "text_standard": "<p style=\"margin-left:1.7pt\">La r&eacute;ussite au dipl&ocirc;me interm&eacute;diaire de DEUG repose sur la r&eacute;ussite aux quatre premiers semestres de Licence. Toutefois, la compensation op&egrave;re, sans note &eacute;liminatoire, entre les semestres 1 et 2 et entre les semestres 3 et 4.</p>\r\n\r\n<p>La moyenne g&eacute;n&eacute;rale obtenue au DEUG est la moyenne des quatre premiers semestres de Licence, sans pond&eacute;ration des semestres.</p>\r\n",
    "code_year": 2015,
    "is_interaction": false,
    "display_order": 1
  }
},
{
  "pk": 116,
  "model": "rules.paragraph",
  "fields": {
    "is_in_use": true,
    "rule": [
      16,
      255
    ],
    "text_motiv": "",
    "text_derog": "",
    "text_standard": "<p>En cas de dispense de semestre, la moyenne obtenue au DEUG est la moyenne des notes des seuls semestres effectu&eacute;s &agrave; l&rsquo;Universit&eacute; de Strasbourg.</p>\r\n",
    "code_year": 2015,
    "is_interaction": false,
    "display_order": 2
  }
},
{
  "pk": 117,
  "model": "rules.paragraph",
  "fields": {
    "is_in_use": true,
    "rule": [
      17,
      256
    ],
    "text_motiv": "<p>Merci d&rsquo;indiquer, pour les conseils &eacute;lus, les motifs de votre demande.</p>\r\n",
    "text_derog": "<p>Vous souhaitez demander une d&eacute;rogation pour cet alin&eacute;a.</p>\r\n\r\n<p>Merci de reprendre le passage pour le modifier ou y substituer le texte de l&rsquo;alin&eacute;a que vous souhaitez voir valider pour votre formation. <em>N&rsquo;oubliez pas de d&eacute;tailler, le cas &eacute;ch&eacute;ant, les enseignements auxquels s&rsquo;appliquent votre alin&eacute;a, et les conditions et les crit&egrave;res d&rsquo;application, ou tout autre &eacute;l&eacute;ment pertinent.</em></p>\r\n",
    "text_standard": "<p>La r&eacute;ussite au dipl&ocirc;me interm&eacute;diaire de Ma&icirc;trise repose sur la r&eacute;ussite &agrave; chacun des deux premiers semestres du Master. Les semestres ne se compensent pas entre eux.</p>\r\n",
    "code_year": 2015,
    "is_interaction": true,
    "display_order": 1
  }
},
{
  "pk": 118,
  "model": "rules.paragraph",
  "fields": {
    "is_in_use": true,
    "rule": [
      17,
      256
    ],
    "text_motiv": "",
    "text_derog": "",
    "text_standard": "<p>La note de Ma&icirc;trise est la moyenne des notes des deux premiers semestres du Master, sans pond&eacute;ration des semestres.</p>\r\n",
    "code_year": 2015,
    "is_interaction": false,
    "display_order": 2
  }
},
{
  "pk": 119,
  "model": "rules.paragraph",
  "fields": {
    "is_in_use": true,
    "rule": [
      18,
      257
    ],
    "text_motiv": "<p>Merci d&rsquo;indiquer, pour les conseils &eacute;lus, les motifs de votre demande.</p>\r\n",
    "text_derog": "<p>Vous souhaitez demander une d&eacute;rogation pour cet alin&eacute;a.</p>\r\n\r\n<p>Merci de reprendre le passage pour le modifier ou y substituer le texte de l&rsquo;alin&eacute;a que vous souhaitez voir valider pour votre formation. <em>N&rsquo;oubliez pas de d&eacute;tailler, le cas &eacute;ch&eacute;ant, les enseignements auxquels s&rsquo;appliquent votre alin&eacute;a, et les conditions et les crit&egrave;res d&rsquo;application, ou tout autre &eacute;l&eacute;ment <strong>pertinent.</strong></em></p>\r\n",
    "text_standard": "<p>Les notes sup&eacute;rieures ou &eacute;gales &agrave; 10/20 obtenues &agrave; des &eacute;preuves dans des UE non acquises ne sont pas conserv&eacute;es d&rsquo;une ann&eacute;e &agrave; l&rsquo;autre.</p>\r\n",
    "code_year": 2015,
    "is_interaction": true,
    "display_order": 1
  }
},
{
  "pk": 120,
  "model": "rules.paragraph",
  "fields": {
    "is_in_use": true,
    "rule": [
      68,
      258
    ],
    "text_motiv": "",
    "text_derog": "",
    "text_standard": "<p>Les U.E. ne peuvent se valider ind&eacute;pendamment, l&#39;admission finale portant sur la</p>\r\n\r\n<p>somme des notes obtenues aux diff&eacute;rents examens. Leurs notes ne peuvent &ecirc;tre report&eacute;es ni conserv&eacute;es en cas de r&eacute;-inscription en PACES.</p>\r\n",
    "code_year": 2015,
    "is_interaction": false,
    "display_order": 1
  }
},
{
  "pk": 121,
  "model": "rules.paragraph",
  "fields": {
    "is_in_use": true,
    "rule": [
      19,
      259
    ],
    "text_motiv": "",
    "text_derog": "",
    "text_standard": "<p>Une UE dont la note est sup&eacute;rieure ou &eacute;gale &agrave; 10/20 est valid&eacute;e.</p>\r\n",
    "code_year": 2015,
    "is_interaction": false,
    "display_order": 1
  }
},
{
  "pk": 122,
  "model": "rules.paragraph",
  "fields": {
    "is_in_use": true,
    "rule": [
      19,
      259
    ],
    "text_motiv": "",
    "text_derog": "",
    "text_standard": "<p style=\"margin-left:1.7pt\">L&rsquo;acquisition d&rsquo;une UE emporte celle des cr&eacute;dits europ&eacute;ens correspondants.</p>\r\n\r\n<p>Les &eacute;l&eacute;ments constitutifs d&rsquo;une UE ne sont pas affect&eacute;s individuellement de cr&eacute;dits europ&eacute;ens.</p>\r\n",
    "code_year": 2015,
    "is_interaction": false,
    "display_order": 2
  }
},
{
  "pk": 123,
  "model": "rules.paragraph",
  "fields": {
    "is_in_use": true,
    "rule": [
      19,
      259
    ],
    "text_motiv": "<p><strong>Merci d&rsquo;indiquer, pour les conseils &eacute;lus, les motifs de votre demande.</strong></p>\r\n",
    "text_derog": "<p>Vous souhaitez demander une d&eacute;rogation pour cet alin&eacute;a.</p>\r\n\r\n<p>Merci de reprendre le passage pour le modifier ou y substituer le texte de l&rsquo;alin&eacute;a que vous souhaitez voir valider pour votre formation. <em>N&rsquo;oubliez pas de d&eacute;tailler, le cas &eacute;ch&eacute;ant, les enseignements auxquels s&rsquo;appliquent votre alin&eacute;a, et les conditions et les crit&egrave;res d&rsquo;application, ou tout autre &eacute;l&eacute;ment <strong>pertinent.</strong></em></p>\r\n",
    "text_standard": "<p>Une UE acquise ne peut plus &ecirc;tre repr&eacute;sent&eacute;e &agrave; un examen, quel que soit le parcours d&rsquo;&eacute;tudes o&ugrave; elle est inscrite.</p>\r\n",
    "code_year": 2015,
    "is_interaction": true,
    "display_order": 3
  }
},
{
  "pk": 124,
  "model": "rules.paragraph",
  "fields": {
    "is_in_use": true,
    "rule": [
      19,
      259
    ],
    "text_motiv": "",
    "text_derog": "",
    "text_standard": "<p>Une UE non acquise appartenant &agrave; un semestre valid&eacute; ne peut pas &ecirc;tre repr&eacute;sent&eacute;e &agrave; un examen en vue d&rsquo;am&eacute;liorer la note de ce semestre. Elle peut toutefois &ecirc;tre repr&eacute;sent&eacute;e &agrave; un examen si elle est inscrite dans un autre dipl&ocirc;me (mention ou sp&eacute;cialit&eacute;).</p>\r\n",
    "code_year": 2015,
    "is_interaction": false,
    "display_order": 4
  }
},
{
  "pk": 125,
  "model": "rules.paragraph",
  "fields": {
    "is_in_use": true,
    "rule": [
      19,
      259
    ],
    "text_motiv": "",
    "text_derog": "",
    "text_standard": "<p>En cas de redoublement ou de modification de l&rsquo;offre de formation, les UE acquises au titre d&rsquo;une ann&eacute;e universitaire ant&eacute;rieure et ne figurant plus au programme du dipl&ocirc;me font l&rsquo;objet de mesures transitoires. Les mesures transitoires pr&eacute;servent le nombre de cr&eacute;dits europ&eacute;ens acquis par l&rsquo;&eacute;tudiant.</p>\r\n",
    "code_year": 2015,
    "is_interaction": false,
    "display_order": 5
  }
},
{
  "pk": 126,
  "model": "rules.paragraph",
  "fields": {
    "is_in_use": true,
    "rule": [
      69,
      260
    ],
    "text_motiv": "",
    "text_derog": "",
    "text_standard": "<p>Lorsque la licence professionnelle n&#39;a pas &eacute;t&eacute; obtenue, les unit&eacute;s d&#39;enseignement dans lesquelles la moyenne de 10 a &eacute;t&eacute; obtenue sont capitalisables. Par ailleurs, l&#39;&eacute;tudiant peut conserver, &agrave; sa demande, le b&eacute;n&eacute;fice des unit&eacute;s d&#39;enseignement pour lesquelles il a obtenu une note &eacute;gale ou sup&eacute;rieure &agrave; 8 sur 20.&nbsp;</p>\r\n",
    "code_year": 2015,
    "is_interaction": false,
    "display_order": 1
  }
},
{
  "pk": 127,
  "model": "rules.paragraph",
  "fields": {
    "is_in_use": true,
    "rule": [
      70,
      261
    ],
    "text_motiv": "",
    "text_derog": "",
    "text_standard": "<p style=\"margin-left:1.7pt\">L&rsquo;acquisition d&rsquo;une UE emporte celle des cr&eacute;dits europ&eacute;ens correspondants.</p>\r\n\r\n<p>Les &eacute;l&eacute;ments constitutifs d&rsquo;une UE ne sont pas affect&eacute;s individuellement de cr&eacute;dits europ&eacute;ens.</p>\r\n",
    "code_year": 2015,
    "is_interaction": false,
    "display_order": 1
  }
},
{
  "pk": 128,
  "model": "rules.paragraph",
  "fields": {
    "is_in_use": true,
    "rule": [
      70,
      261
    ],
    "text_motiv": "",
    "text_derog": "",
    "text_standard": "<p>Une UE acquise peut &ecirc;tre repr&eacute;sent&eacute;e &agrave; un examen, dans le cas de redoublement d&rsquo;un semestre, notamment pour am&eacute;liorer les conditions de r&eacute;ussite de sa formation. La compensation prend en compte le r&eacute;sultat le plus favorable pour l&rsquo;&eacute;tudiant.</p>\r\n",
    "code_year": 2015,
    "is_interaction": false,
    "display_order": 2
  }
},
{
  "pk": 129,
  "model": "rules.paragraph",
  "fields": {
    "is_in_use": true,
    "rule": [
      70,
      261
    ],
    "text_motiv": "",
    "text_derog": "",
    "text_standard": "<p>Une UE non acquise appartenant &agrave; un semestre valid&eacute; ne peut pas &ecirc;tre repr&eacute;sent&eacute;e &agrave; un examen en vue d&rsquo;am&eacute;liorer la note de ce semestre. Elle peut toutefois &ecirc;tre repr&eacute;sent&eacute;e &agrave; un examen si elle est inscrite dans un autre dipl&ocirc;me (mention ou sp&eacute;cialit&eacute;).</p>\r\n",
    "code_year": 2015,
    "is_interaction": false,
    "display_order": 3
  }
},
{
  "pk": 130,
  "model": "rules.paragraph",
  "fields": {
    "is_in_use": true,
    "rule": [
      70,
      261
    ],
    "text_motiv": "",
    "text_derog": "",
    "text_standard": "<p>En cas de redoublement ou de modification de l&rsquo;offre de formation, les UE acquises au titre d&rsquo;une ann&eacute;e universitaire ant&eacute;rieure et ne figurant plus au programme du dipl&ocirc;me font l&rsquo;objet de mesures transitoires. Les mesures transitoires pr&eacute;servent le nombre de cr&eacute;dits europ&eacute;ens acquis par l&rsquo;&eacute;tudiant.</p>\r\n",
    "code_year": 2015,
    "is_interaction": false,
    "display_order": 4
  }
},
{
  "pk": 131,
  "model": "rules.paragraph",
  "fields": {
    "is_in_use": true,
    "rule": [
      20,
      263
    ],
    "text_motiv": "",
    "text_derog": "",
    "text_standard": "<p>Deux sessions d&rsquo;examens sont organis&eacute;es pour chaque semestre durant l&rsquo;ann&eacute;e universitaire. La session de rattrapage concerne les &eacute;tudiants d&eacute;faillants ou ajourn&eacute;s apr&egrave;s la tenue du jury.</p>\r\n",
    "code_year": 2015,
    "is_interaction": false,
    "display_order": 1
  }
},
{
  "pk": 132,
  "model": "rules.paragraph",
  "fields": {
    "is_in_use": true,
    "rule": [
      20,
      263
    ],
    "text_motiv": "",
    "text_derog": "",
    "text_standard": "<p>Les modalit&eacute;s d&rsquo;&eacute;valuation des &eacute;tudiants peuvent &ecirc;tre pr&eacute;vues sous la forme d&rsquo;un contr&ocirc;le continu. Dans ce cas, il peut constituer int&eacute;gralement la session principale d&rsquo;examens et contribuer &agrave; la session de rattrapage sous la forme d&rsquo;un report de notes de TD et/ou de TP.</p>\r\n",
    "code_year": 2015,
    "is_interaction": false,
    "display_order": 2
  }
},
{
  "pk": 133,
  "model": "rules.paragraph",
  "fields": {
    "is_in_use": true,
    "rule": [
      20,
      263
    ],
    "text_motiv": "",
    "text_derog": "",
    "text_standard": "<p>Une session de rattrapage intervient dans un d&eacute;lai qui ne peut &ecirc;tre inf&eacute;rieur &agrave; deux semaines apr&egrave;s la publication des r&eacute;sultats semestriels.</p>\r\n",
    "code_year": 2015,
    "is_interaction": false,
    "display_order": 3
  }
},
{
  "pk": 134,
  "model": "rules.paragraph",
  "fields": {
    "is_in_use": true,
    "rule": [
      71,
      264
    ],
    "text_motiv": "",
    "text_derog": "",
    "text_standard": "<p>S&#39;agissant d&#39;un concours, il n&#39;y a pas de session de rattrapage pour les absent(e)s</p>\r\n\r\n<p>[excus&eacute;(e)s ou non] aux &eacute;preuves &eacute;crites anonymes de janvier ou de juin.</p>\r\n",
    "code_year": 2015,
    "is_interaction": false,
    "display_order": 1
  }
},
{
  "pk": 135,
  "model": "rules.paragraph",
  "fields": {
    "is_in_use": true,
    "rule": [
      72,
      267
    ],
    "text_motiv": "<p><strong>Merci d&rsquo;indiquer, pour les conseils &eacute;lus, les motifs de votre demande.</strong></p>\r\n",
    "text_derog": "<p>Vous souhaitez demander une d&eacute;rogation pour cet alin&eacute;a.</p>\r\n\r\n<p>Merci de reprendre le passage pour le modifier ou y substituer le texte de l&rsquo;alin&eacute;a que vous souhaitez voir valider pour votre formation. <em>N&rsquo;oubliez pas de d&eacute;tailler, le cas &eacute;ch&eacute;ant, les enseignements auxquels s&rsquo;appliquent votre alin&eacute;a, et les conditions et les crit&egrave;res d&rsquo;application, ou tout autre &eacute;l&eacute;ment pertinent.</em></p>\r\n",
    "text_standard": "<p>La session de rattrapage comporte des &eacute;preuves terminales en m&ecirc;me nombre et de m&ecirc;me nature que la premi&egrave;re.</p>\r\n",
    "code_year": 2015,
    "is_interaction": true,
    "display_order": 1
  }
},
{
  "pk": 136,
  "model": "rules.paragraph",
  "fields": {
    "is_in_use": true,
    "rule": [
      21,
      265
    ],
    "text_motiv": "<p>Merci d&rsquo;indiquer, pour les conseils &eacute;lus, les motifs de votre demande.</p>\r\n",
    "text_derog": "<p>Vous souhaitez demander une d&eacute;rogation pour cet alin&eacute;a.</p>\r\n\r\n<p>Merci de reprendre le passage pour le modifier ou y substituer le texte de l&rsquo;alin&eacute;a que vous souhaitez voir valider pour votre formation. <em>N&rsquo;oubliez pas de d&eacute;tailler, le cas &eacute;ch&eacute;ant, les enseignements auxquels s&rsquo;appliquent votre alin&eacute;a, et les conditions et les crit&egrave;res d&rsquo;application, ou tout autre &eacute;l&eacute;ment pertinent.</em></p>\r\n",
    "text_standard": "<p>Une session de rattrapage peut &ecirc;tre organis&eacute;e.</p>\r\n",
    "code_year": 2015,
    "is_interaction": true,
    "display_order": 1
  }
},
{
  "pk": 137,
  "model": "rules.paragraph",
  "fields": {
    "is_in_use": true,
    "rule": [
      21,
      265
    ],
    "text_motiv": "",
    "text_derog": "",
    "text_standard": "<p>La session de rattrapage concerne les &eacute;tudiants d&eacute;faillants ou ajourn&eacute;s apr&egrave;s la tenue du jury.</p>\r\n",
    "code_year": 2015,
    "is_interaction": false,
    "display_order": 2
  }
},
{
  "pk": 138,
  "model": "rules.paragraph",
  "fields": {
    "is_in_use": true,
    "rule": [
      21,
      265
    ],
    "text_motiv": "",
    "text_derog": "",
    "text_standard": "<p>Une session de rattrapage intervient dans un d&eacute;lai qui ne peut &ecirc;tre inf&eacute;rieur &agrave; deux semaines apr&egrave;s la publication des r&eacute;sultats semestriels.</p>\r\n",
    "code_year": 2015,
    "is_interaction": false,
    "display_order": 3
  }
},
{
  "pk": 139,
  "model": "rules.paragraph",
  "fields": {
    "is_in_use": true,
    "rule": [
      73,
      266
    ],
    "text_motiv": "",
    "text_derog": "",
    "text_standard": "<p>L&rsquo;appr&eacute;ciation des r&eacute;sultats du contr&ocirc;le des connaissances donne lieu &agrave; deux sessions &agrave; un semestre au plus d&rsquo;intervalle (une session d&rsquo;examen par semestre).</p>\r\n",
    "code_year": 2015,
    "is_interaction": false,
    "display_order": 1
  }
},
{
  "pk": 140,
  "model": "rules.paragraph",
  "fields": {
    "is_in_use": true,
    "rule": [
      73,
      266
    ],
    "text_motiv": "<p><strong>Merci d&rsquo;indiquer, pour les conseils &eacute;lus, les motifs de votre demande.</strong></p>\r\n",
    "text_derog": "<p>Vous souhaitez demander une d&eacute;rogation pour cet alin&eacute;a.</p>\r\n\r\n<p>Merci de reprendre le passage pour le modifier ou y substituer le texte de l&rsquo;alin&eacute;a que vous souhaitez voir valider pour votre formation. <em>N&rsquo;oubliez pas de d&eacute;tailler, le cas &eacute;ch&eacute;ant, les enseignements auxquels s&rsquo;appliquent votre alin&eacute;a, et les conditions et les crit&egrave;res d&rsquo;application, ou tout autre &eacute;l&eacute;ment pertinent.</em></p>\r\n",
    "text_standard": "<p>Une session de rattrapage peut &ecirc;tre organis&eacute;e. La session de rattrapage concerne les &eacute;tudiants d&eacute;faillants ou ajourn&eacute;s apr&egrave;s la tenue du jury.</p>\r\n",
    "code_year": 2015,
    "is_interaction": true,
    "display_order": 2
  }
},
{
  "pk": 141,
  "model": "rules.paragraph",
  "fields": {
    "is_in_use": true,
    "rule": [
      74,
      268
    ],
    "text_motiv": "<p><strong>Merci d&rsquo;indiquer, pour les conseils &eacute;lus, les motifs de votre demande.</strong></p>\r\n",
    "text_derog": "<p>Vous souhaitez demander une d&eacute;rogation pour cet alin&eacute;a.</p>\r\n\r\n<p>Merci de reprendre le passage pour le modifier ou y substituer le texte de l&rsquo;alin&eacute;a que vous souhaitez voir valider pour votre formation. <em>N&rsquo;oubliez pas de d&eacute;tailler, le cas &eacute;ch&eacute;ant, les enseignements auxquels s&rsquo;appliquent votre alin&eacute;a, et les conditions et les crit&egrave;res d&rsquo;application, ou tout autre &eacute;l&eacute;ment pertinent.</em></p>\r\n",
    "text_standard": "<p>Lorsqu&rsquo;est organis&eacute;e une session de rattrapage, elle comporte des &eacute;preuves terminales en m&ecirc;me nombre et de m&ecirc;me nature que la premi&egrave;re.</p>\r\n",
    "code_year": 2015,
    "is_interaction": true,
    "display_order": 1
  }
},
{
  "pk": 142,
  "model": "rules.paragraph",
  "fields": {
    "is_in_use": true,
    "rule": [
      22,
      269
    ],
    "text_motiv": "",
    "text_derog": "",
    "text_standard": "<p style=\"margin-left:1.7pt\">L&rsquo;&eacute;valuation continue int&eacute;grale consiste en une pluralit&eacute; d&rsquo;&eacute;valuations diversifi&eacute;es, r&eacute;parties r&eacute;guli&egrave;rement sur l&rsquo;ensemble des&nbsp; semaines du semestre et pour l&rsquo;ensemble des enseignements dont l&rsquo;objectif est de renforcer la dimension formative des &eacute;valuations et de conf&eacute;rer aux retours sur les &eacute;valuations un r&ocirc;le important dans la progression des &eacute;tudiants.</p>\r\n\r\n<p>Elle doit permettre &agrave; l&rsquo;&eacute;quipe p&eacute;dagogique d&rsquo;attester que l&rsquo;&eacute;tudiant ma&icirc;trise les connaissances et comp&eacute;tences vis&eacute;es dans une UE. Elle n&rsquo;a pas n&eacute;cessairement pour objectif d&rsquo;&eacute;valuer tous les contenus p&eacute;dagogiques d&rsquo;une UE.</p>\r\n",
    "code_year": 2015,
    "is_interaction": false,
    "display_order": 1
  }
},
{
  "pk": 143,
  "model": "rules.paragraph",
  "fields": {
    "is_in_use": true,
    "rule": [
      23,
      270
    ],
    "text_motiv": "",
    "text_derog": "",
    "text_standard": "<p>L&rsquo;organisation temporelle de toutes les &eacute;valuations (avec et sans convocation) est &eacute;tablie de fa&ccedil;on concert&eacute;e dans l&rsquo;&eacute;quipe p&eacute;dagogique de la formation. Le responsable du parcours ou de la sp&eacute;cialit&eacute; concern&eacute;e, ou le directeur des &eacute;tudes (ou appellation &eacute;quivalente) si cette fonction est pr&eacute;vue par la composante porteuse de la formation, est le responsable de ce calendrier. Il a donc autorit&eacute; au sein de l&rsquo;&eacute;quipe p&eacute;dagogique pour garantir la meilleure coordonnation possible entre les &eacute;valuations. L&rsquo;organisation pratique est coordonn&eacute;e par l&rsquo;&eacute;quipe p&eacute;dagogique et la scolarit&eacute; de la composante et la DALI.</p>\r\n",
    "code_year": 2015,
    "is_interaction": false,
    "display_order": 1
  }
},
{
  "pk": 144,
  "model": "rules.paragraph",
  "fields": {
    "is_in_use": true,
    "rule": [
      23,
      270
    ],
    "text_motiv": "",
    "text_derog": "",
    "text_standard": "<p>La r&eacute;partition r&eacute;guli&egrave;re des &eacute;valuations peut &ecirc;tre garantie par le recours syst&eacute;matique &agrave; des cr&eacute;neaux hebdomadaires identifi&eacute;s dans l&rsquo;emploi du temps.</p>\r\n",
    "code_year": 2015,
    "is_interaction": false,
    "display_order": 2
  }
},
{
  "pk": 145,
  "model": "rules.paragraph",
  "fields": {
    "is_in_use": true,
    "rule": [
      23,
      270
    ],
    "text_motiv": "",
    "text_derog": "",
    "text_standard": "<p>Le planning des &eacute;valuations avec convocation (qui doivent &ecirc;tre identifi&eacute;es comme telles dans les modalit&eacute;s d&rsquo;&eacute;valuation de chaque formation sera publi&eacute; au cours des deux premi&egrave;res semaines du semestre. Si des modifications doivent &ecirc;tre apport&eacute;es au planning des &eacute;valuations en cours de semestre pour des raisons imp&eacute;rieuses, elles devront &ecirc;tre communiqu&eacute;es obligatoirement 15 jours avant l&rsquo;&eacute;valuation.</p>\r\n",
    "code_year": 2015,
    "is_interaction": false,
    "display_order": 3
  }
},
{
  "pk": 146,
  "model": "rules.paragraph",
  "fields": {
    "is_in_use": true,
    "rule": [
      23,
      270
    ],
    "text_motiv": "",
    "text_derog": "",
    "text_standard": "<p style=\"margin-left:1.7pt\">Des &eacute;valuations peuvent &eacute;galement &ecirc;tre r&eacute;alis&eacute;es sans convocation dans les cr&eacute;neaux d&rsquo;enseignement de l&rsquo;emploi du temps (&eacute;valuations en TD et TP, par exemple). Pour ces derni&egrave;res, des am&eacute;nagements ou des d&eacute;rogations sont accord&eacute;s au profit des &eacute;tudiants &agrave; profil sp&eacute;cifique (&eacute;tudiants salari&eacute;s, sportifs ou musiciens de haut niveau, en situation de handicap, etc.)</p>\r\n",
    "code_year": 2015,
    "is_interaction": false,
    "display_order": 4
  }
},
{
  "pk": 147,
  "model": "rules.paragraph",
  "fields": {
    "is_in_use": true,
    "rule": [
      24,
      271
    ],
    "text_motiv": "",
    "text_derog": "",
    "text_standard": "<p style=\"margin-left:1.7pt\">L&rsquo;&eacute;l&eacute;ment de base de l&rsquo;&eacute;valuation et de la compensation est l&rsquo;UE.</p>\r\n\r\n<p>Le nombre global de notes est &agrave; appr&eacute;cier en fonction du nombre d&rsquo;ECTS et/ou du nombre d&rsquo;enseignements qui composent l&rsquo;UE, ainsi que de la nature et de la dur&eacute;e des &eacute;preuves.</p>\r\n",
    "code_year": 2015,
    "is_interaction": false,
    "display_order": 1
  }
},
{
  "pk": 148,
  "model": "rules.paragraph",
  "fields": {
    "is_in_use": true,
    "rule": [
      24,
      271
    ],
    "text_motiv": "<p>Merci d&rsquo;indiquer, pour les conseils &eacute;lus, les motifs de votre demande.</p>\r\n",
    "text_derog": "<p>Vous souhaitez demander une d&eacute;rogation pour cet alin&eacute;a.</p>\r\n\r\n<p>Merci de reprendre le passage pour le modifier ou y substituer le texte de l&rsquo;alin&eacute;a que vous souhaitez voir valider pour votre formation. <em>N&rsquo;oubliez pas de d&eacute;tailler, le cas &eacute;ch&eacute;ant, les enseignements auxquels s&rsquo;appliquent votre alin&eacute;a, et les conditions et les crit&egrave;res d&rsquo;application, ou tout autre &eacute;l&eacute;ment pertinent.</em></p>\r\n",
    "text_standard": "<p>Aucune note ne peut contribuer pour plus de 50% de la moyenne de l&rsquo;UE.</p>\r\n",
    "code_year": 2015,
    "is_interaction": true,
    "display_order": 2
  }
},
{
  "pk": 149,
  "model": "rules.paragraph",
  "fields": {
    "is_in_use": true,
    "rule": [
      24,
      271
    ],
    "text_motiv": "<p>Merci d&rsquo;indiquer, pour les conseils &eacute;lus, les motifs de votre demande.</p>\r\n",
    "text_derog": "<p>Vous souhaitez demander une d&eacute;rogation pour cet alin&eacute;a.</p>\r\n\r\n<p>Merci de reprendre le passage pour le modifier ou y substituer le texte de l&rsquo;alin&eacute;a que vous souhaitez voir valider pour votre formation. <em>N&rsquo;oubliez pas de d&eacute;tailler, le cas &eacute;ch&eacute;ant, les enseignements auxquels s&rsquo;appliquent votre alin&eacute;a, et les conditions et les crit&egrave;res d&rsquo;application, ou tout autre &eacute;l&eacute;ment pertinent.</em></p>\r\n",
    "text_standard": "<p style=\"margin-left:1.7pt\">Un minimum de trois notes est fortement encourag&eacute; pour permettre une v&eacute;ritable progression de l&rsquo;&eacute;tudiant et des rem&eacute;diations entre les &eacute;valuations. <strong>Ce minimum est exig&eacute; pour des UE de plus de 3 ECTS.</strong></p>\r\n",
    "code_year": 2015,
    "is_interaction": true,
    "display_order": 3
  }
},
{
  "pk": 150,
  "model": "rules.paragraph",
  "fields": {
    "is_in_use": true,
    "rule": [
      25,
      272
    ],
    "text_motiv": "",
    "text_derog": "",
    "text_standard": "<p>Chaque &eacute;preuve doit &ecirc;tre corrig&eacute;e dans un d&eacute;lai raisonnable, et en tout &eacute;tat de cause avant l&rsquo;&eacute;valuation suivante. Elle fait l&rsquo;objet d&rsquo;une correction selon des modalit&eacute;s laiss&eacute;es &agrave; l&rsquo;appr&eacute;ciation des enseignants. Le corrig&eacute; renforce la dimension formative de l&rsquo;UE. En particulier, il est remis en perspective par rapport aux attendus (connaissances et comp&eacute;tence) de l&rsquo;enseignement.</p>\r\n",
    "code_year": 2015,
    "is_interaction": false,
    "display_order": 1
  }
},
{
  "pk": 151,
  "model": "rules.paragraph",
  "fields": {
    "is_in_use": true,
    "rule": [
      26,
      273
    ],
    "text_motiv": "",
    "text_derog": "",
    "text_standard": "<p><u>En cas d&rsquo;absence &agrave; une &eacute;preuve avec convocation,</u> l&rsquo;&eacute;tudiant doit imp&eacute;rativement pr&eacute;senter une justification au service de scolarit&eacute; dans un d&eacute;lai de rigueur de sept jours ouvr&eacute;s, sauf cas de force majeure. Seule un certificat original est recevable.</p>\r\n",
    "code_year": 2015,
    "is_interaction": false,
    "display_order": 1
  }
},
{
  "pk": 152,
  "model": "rules.paragraph",
  "fields": {
    "is_in_use": true,
    "rule": [
      26,
      273
    ],
    "text_motiv": "<p>Merci d&rsquo;indiquer, pour les conseils &eacute;lus, les motifs de votre demande.</p>\r\n",
    "text_derog": "<p>Vous souhaitez demander une d&eacute;rogation pour cet alin&eacute;a.</p>\r\n\r\n<p>Merci de reprendre le passage pour le modifier ou y substituer le texte de l&rsquo;alin&eacute;a que vous souhaitez voir valider pour votre formation. <em>N&rsquo;oubliez pas de d&eacute;tailler, le cas &eacute;ch&eacute;ant, les enseignements auxquels s&rsquo;appliquent votre alin&eacute;a, et les conditions et les crit&egrave;res d&rsquo;application, ou tout autre &eacute;l&eacute;ment pertinent.</em></p>\r\n",
    "text_standard": "<p>A d&eacute;faut de justification recevable, l&rsquo;&eacute;tudiant est d&eacute;clar&eacute; d&eacute;faillant quels que soient les r&eacute;sultats obtenus par ailleurs. Il devra donc repasser tous les &eacute;l&eacute;ments non valid&eacute;s lors de la session de rattrapage.</p>\r\n",
    "code_year": 2015,
    "is_interaction": true,
    "display_order": 2
  }
},
{
  "pk": 153,
  "model": "rules.paragraph",
  "fields": {
    "is_in_use": true,
    "rule": [
      26,
      273
    ],
    "text_motiv": "<p>[Pas de motivation n&eacute;cessaire] Saisie minimale&nbsp;= /</p>\r\n",
    "text_derog": "<p>Vous souhaitez ajouter des motifs de justifications d&rsquo;absence en examen &agrave; la liste propos&eacute;e par les r&egrave;gles g&eacute;n&eacute;rales des MECC. Merci de les ajouter &agrave; la suite du texte reproduit ci-dessous, en adoptant une r&eacute;daction pr&eacute;cise quant aux circonstances et crit&egrave;res d&rsquo;absence que vous estimez excusables.</p>\r\n",
    "text_standard": "<p>Toutefois, une &eacute;preuve de remplacement peut &ecirc;tre accord&eacute;e par le Pr&eacute;sident du jury ou le responsable de la formation, au cas par cas, en particulier dans les circonstances suivantes&nbsp;:</p>\r\n\r\n<ul>\r\n\t<li>Une convocation &agrave; un concours de recrutement de la fonction publique&nbsp;; la convocation doit &ecirc;tre d&eacute;pos&eacute;e au moins trois jours avant les &eacute;preuves aupr&egrave;s du service de scolarit&eacute;.</li>\r\n\t<li>Un emp&ecirc;chement subit et grave, ind&eacute;pendant de la volont&eacute; de l&rsquo;&eacute;tudiant et attest&eacute; apr&egrave;s du service de scolarit&eacute; par un justificatif original dans un d&eacute;lai n&rsquo;exc&eacute;dant pas sept jours ouvr&eacute;s apr&egrave;s les &eacute;preuves concern&eacute;s. Un accident, une maladie obligeant &agrave; un arr&ecirc;t, une hospitalisation, le d&eacute;c&egrave;s d&rsquo;un proche constituent des cas recevables dans cette circonstance.</li>\r\n</ul>\r\n\r\n<p>La pr&eacute;sence &agrave; ces &eacute;preuves est obligatoire sauf pour les cas de dispense.</p>\r\n",
    "code_year": 2015,
    "is_interaction": true,
    "display_order": 3
  }
},
{
  "pk": 154,
  "model": "rules.paragraph",
  "fields": {
    "is_in_use": true,
    "rule": [
      26,
      273
    ],
    "text_motiv": "",
    "text_derog": "",
    "text_standard": "<p>Des dispositions particuli&egrave;res peuvent &ecirc;tre appliqu&eacute;es aux &eacute;tudiants &agrave; profil sp&eacute;cifique.</p>\r\n",
    "code_year": 2015,
    "is_interaction": false,
    "display_order": 4
  }
},
{
  "pk": 155,
  "model": "rules.paragraph",
  "fields": {
    "is_in_use": true,
    "rule": [
      27,
      274
    ],
    "text_motiv": "<p>Merci d&rsquo;indiquer, pour les conseils &eacute;lus, les motifs de votre demande.</p>\r\n",
    "text_derog": "<p>Vous souhaitez demander une d&eacute;rogation pour cet alin&eacute;a.</p>\r\n\r\n<p>Merci de reprendre le passage pour le modifier ou y substituer le texte de l&rsquo;alin&eacute;a que vous souhaitez voir valider pour votre formation. <em>N&rsquo;oubliez pas de d&eacute;tailler, le cas &eacute;ch&eacute;ant, les enseignements auxquels s&rsquo;appliquent votre alin&eacute;a, et les conditions et les crit&egrave;res d&rsquo;application, ou tout autre &eacute;l&eacute;ment pertinent.</em></p>\r\n",
    "text_standard": "<p style=\"margin-left:1.85pt\">La pr&eacute;sence aux &eacute;preuves n&rsquo;ayant pas donn&eacute; lieu &agrave; convocation est obligatoire, sauf dans les cas de dispense.</p>\r\n\r\n<p>En cas d&rsquo;absence &agrave; une &eacute;preuve sans convocation, l&rsquo;&eacute;tudiant doit imp&eacute;rativement pr&eacute;senter une justification au service de scolarit&eacute; dans un d&eacute;lai de rigueur de sept jours ouvr&eacute;s, sauf en cas de force majeure. Seul un certificat original est recevable.</p>\r\n",
    "code_year": 2015,
    "is_interaction": true,
    "display_order": 1
  }
},
{
  "pk": 156,
  "model": "rules.paragraph",
  "fields": {
    "is_in_use": true,
    "rule": [
      27,
      274
    ],
    "text_motiv": "<p>[Pas de motivation n&eacute;cessaire] Saisie minimale&nbsp;= /</p>\r\n",
    "text_derog": "<p>Vous souhaitez ajouter des motifs de justifications d&rsquo;absence en examen &agrave; la liste propos&eacute;e par les r&egrave;gles g&eacute;n&eacute;rales des MECC. Merci de les ajouter &agrave; la suite du texte reproduit ci-dessous, en adoptant une r&eacute;daction pr&eacute;cise quant aux circonstances et crit&egrave;res d&rsquo;absence que vous estimez excusables.</p>\r\n",
    "text_standard": "<p style=\"margin-left:1.85pt\">Sont consid&eacute;r&eacute;es comme des justifications recevables&nbsp;:</p>\r\n\r\n<ul>\r\n\t<li>Une convocation &agrave; un concours de recrutement de la fonction publique&nbsp;; la convocation doit &ecirc;tre d&eacute;pos&eacute;e au moins trois jours avant les &eacute;preuves aupr&egrave;s du service de scolarit&eacute;.</li>\r\n\t<li>Un emp&ecirc;chement subit et grave, ind&eacute;pendant de la volont&eacute; de l&rsquo;&eacute;tudiant et attest&eacute; aupr&egrave;s du service de scolarit&eacute; par un justificatif original, dans un d&eacute;lai n&rsquo;exc&eacute;dant pas sept jours ouvr&eacute;s apr&egrave;s les &eacute;preuves concern&eacute;es. Un accident, une maladie obligeant &agrave; un arr&ecirc;t, une hospitalisation, le d&eacute;c&egrave;s d&rsquo;un proche constituent des cas recevables dans cette circonstance.</li>\r\n</ul>\r\n",
    "code_year": 2015,
    "is_interaction": true,
    "display_order": 2
  }
},
{
  "pk": 157,
  "model": "rules.paragraph",
  "fields": {
    "is_in_use": true,
    "rule": [
      27,
      274
    ],
    "text_motiv": "<p>Merci d&rsquo;indiquer, pour les conseils &eacute;lus, les motifs de votre demande.</p>\r\n",
    "text_derog": "<p>Vous souhaitez demander une d&eacute;rogation pour cet alin&eacute;a.</p>\r\n\r\n<p>Merci de reprendre le passage pour le modifier ou y substituer le texte de l&rsquo;alin&eacute;a que vous souhaitez voir valider pour votre formation. <em>N&rsquo;oubliez pas de d&eacute;tailler, le cas &eacute;ch&eacute;ant, les enseignements auxquels s&rsquo;appliquent votre alin&eacute;a, et les conditions et les crit&egrave;res d&rsquo;application, ou tout autre &eacute;l&eacute;ment pertinent.</em></p>\r\n",
    "text_standard": "<p><em>En cas d&rsquo;absence injustifi&eacute;e, l&rsquo;&eacute;tudiant est sanctionn&eacute; par la note z&eacute;ro &agrave; cette &eacute;preuve.</em></p>\r\n",
    "code_year": 2015,
    "is_interaction": true,
    "display_order": 3
  }
},
{
  "pk": 158,
  "model": "rules.paragraph",
  "fields": {
    "is_in_use": true,
    "rule": [
      27,
      274
    ],
    "text_motiv": "",
    "text_derog": "",
    "text_standard": "<p style=\"margin-left:1.85pt\">Une dispense totale ou partielle de pr&eacute;sence aux &eacute;preuves sans convocation peut &ecirc;tre accord&eacute;e dans les conditions suivantes.</p>\r\n\r\n<ul>\r\n\t<li>Les &eacute;tudiants relevant d&rsquo;un profil sp&eacute;cifique peuvent b&eacute;n&eacute;ficier d&rsquo;une dispense totale de pr&eacute;sence aux &eacute;preuves sans convocation. Ils doivent en faire la demande aupr&egrave;s de leur service de scolarit&eacute; avant la fin du premier mois des enseignements ou dans les quinze jours suivant leur accession &agrave; ce profil sp&eacute;cifique.</li>\r\n\t<li>Une dispense partielle de pr&eacute;sence aux &eacute;preuves sans convocation peut &ecirc;tre accord&eacute;e pour des raisons jug&eacute;es recevables. L&rsquo;&eacute;tudiant doit en faire la demande et produite les justificatifs aupr&egrave;s de son service de scolarit&eacute; avant l&rsquo;&eacute;preuve ou, en cas d&rsquo;&eacute;v&eacute;nement impr&eacute;vu, au plus tard sept jours apr&egrave;s l&rsquo;&eacute;preuve. Une &eacute;preuve de remplacement peut lui &ecirc;tre propos&eacute;e par l&rsquo;enseignant responsable de l&rsquo;&eacute;preuve initiale, qui en d&eacute;finit les modalit&eacute;s&nbsp;; elles peuvent &ecirc;tre diff&eacute;rentes de celles de l&rsquo;&eacute;preuve initiale. A d&eacute;faut, il n&rsquo;est pas tenu compte de la note manquante.</li>\r\n</ul>\r\n",
    "code_year": 2015,
    "is_interaction": false,
    "display_order": 4
  }
},
{
  "pk": 159,
  "model": "rules.paragraph",
  "fields": {
    "is_in_use": true,
    "rule": [
      28,
      275
    ],
    "text_motiv": "",
    "text_derog": "",
    "text_standard": "<p>Par d&eacute;finition, dans un r&eacute;gime d&rsquo;&eacute;valuation continue int&eacute;grale dont l&rsquo;objectif est de favoriser la r&eacute;ussite et les apprentissages des &eacute;tudiants par des &eacute;preuves formatives, multiples et diversifi&eacute;es, la session de rattrapage est avant tout destin&eacute;e aux &eacute;tudiants emp&ecirc;ch&eacute;s de composer au cours du semestre.</p>\r\n",
    "code_year": 2015,
    "is_interaction": false,
    "display_order": 1
  }
},
{
  "pk": 160,
  "model": "rules.paragraph",
  "fields": {
    "is_in_use": true,
    "rule": [
      28,
      275
    ],
    "text_motiv": "<p>Merci d&rsquo;indiquer, pour les conseils &eacute;lus, les motifs de votre demande.</p>\r\n",
    "text_derog": "<p>Vous souhaitez demander une d&eacute;rogation pour cet alin&eacute;a.</p>\r\n\r\n<p>Merci de reprendre le passage pour le modifier ou y substituer le texte de l&rsquo;alin&eacute;a que vous souhaitez voir valider pour votre formation. <em>N&rsquo;oubliez pas de d&eacute;tailler, le cas &eacute;ch&eacute;ant, les enseignements auxquels s&rsquo;appliquent votre alin&eacute;a, et les conditions et les crit&egrave;res d&rsquo;application, ou tout autre &eacute;l&eacute;ment pertinent.</em></p>\r\n",
    "text_standard": "<p>Elle comportera une &eacute;preuve unique par UE.</p>\r\n",
    "code_year": 2015,
    "is_interaction": true,
    "display_order": 2
  }
},
{
  "pk": 161,
  "model": "rules.paragraph",
  "fields": {
    "is_in_use": true,
    "rule": [
      29,
      276
    ],
    "text_motiv": "<p>Merci d&rsquo;indiquer, pour les conseils &eacute;lus, les motifs de votre demande.</p>\r\n",
    "text_derog": "<p>Vous souhaitez demander une d&eacute;rogation pour cet alin&eacute;a.</p>\r\n\r\n<p>Merci de reprendre le passage pour le modifier ou y substituer le texte de l&rsquo;alin&eacute;a que vous souhaitez voir valider pour votre formation. <em>N&rsquo;oubliez pas de d&eacute;tailler, le cas &eacute;ch&eacute;ant, les enseignements auxquels s&rsquo;appliquent votre alin&eacute;a, et les conditions et les crit&egrave;res d&rsquo;application, ou tout autre &eacute;l&eacute;ment pertinent.</em></p>\r\n",
    "text_standard": "<p>Les candidats ne peuvent acc&eacute;der &agrave; la salle d&rsquo;examen au-del&agrave; de la premi&egrave;re heure de l&rsquo;&eacute;preuve, ou au-del&agrave; de la moiti&eacute; de la dur&eacute;e de l&rsquo;&eacute;preuve lorsque celle-ci est inf&eacute;rieure ou &eacute;gale &agrave; une heure. Aucun &eacute;tudiant n&#39;est autoris&eacute; &agrave; quitter la salle d&#39;examen avant que la moiti&eacute; de la dur&eacute;e de l&rsquo;&eacute;preuve ne soit &eacute;coul&eacute;e, ni 10 minutes avant la fin de l&rsquo;&eacute;preuve.</p>\r\n\r\n<p>Les candidats retardataires ne b&eacute;n&eacute;ficient d&rsquo;aucune dur&eacute;e suppl&eacute;mentaire.</p>\r\n",
    "code_year": 2015,
    "is_interaction": true,
    "display_order": 1
  }
},
{
  "pk": 162,
  "model": "rules.paragraph",
  "fields": {
    "is_in_use": true,
    "rule": [
      29,
      276
    ],
    "text_motiv": "<p>Merci d&rsquo;indiquer, pour les conseils &eacute;lus, les motifs de votre demande.</p>\r\n",
    "text_derog": "<p>Vous souhaitez demander une d&eacute;rogation pour cet alin&eacute;a.</p>\r\n\r\n<p>Merci de reprendre le passage pour le modifier ou y substituer le texte de l&rsquo;alin&eacute;a que vous souhaitez voir valider pour votre formation. <em>N&rsquo;oubliez pas de d&eacute;tailler, le cas &eacute;ch&eacute;ant, les enseignements auxquels s&rsquo;appliquent votre alin&eacute;a, et les conditions et les crit&egrave;res d&rsquo;application, ou tout autre &eacute;l&eacute;ment pertinent.</em></p>\r\n",
    "text_standard": "<p>En cas d&rsquo;absence &agrave; une &eacute;preuve de contr&ocirc;le terminal, l&rsquo;&eacute;tudiant est d&eacute;clar&eacute; d&eacute;faillant quels que soient les r&eacute;sultats obtenus par ailleurs.</p>\r\n",
    "code_year": 2015,
    "is_interaction": true,
    "display_order": 2
  }
},
{
  "pk": 163,
  "model": "rules.paragraph",
  "fields": {
    "is_in_use": true,
    "rule": [
      29,
      276
    ],
    "text_motiv": "",
    "text_derog": "",
    "text_standard": "<p style=\"margin-left:1.85pt\">Toutefois, une &eacute;preuve de remplacement peut &ecirc;tre accord&eacute;e par le Pr&eacute;sident du jury, au cas par cas, en particulier dans les circonstances suivantes&nbsp;:</p>\r\n\r\n<ul>\r\n\t<li>Convocation &agrave; un concours de recrutement de la fonction publique&nbsp;; la convocation doit &ecirc;tre d&eacute;pos&eacute;e au moins trois jours avant les &eacute;preuves aupr&egrave;s de leur service de scolarit&eacute;.</li>\r\n\t<li>Emp&ecirc;chement subit et grave, ind&eacute;pendant de la volont&eacute; de l&rsquo;&eacute;tudiant, et attest&eacute; par un justificatif original pr&eacute;sent&eacute; au service de scolarit&eacute;, dans un d&eacute;lai de rigueur de sept jours ouvr&eacute;s, sauf en cas de force majeure. Un accident, une maladie obligeant &agrave; un arr&ecirc;t, une hospitalisation, le d&eacute;c&egrave;s d&rsquo;un proche constituent des cas recevables dans cette circonstance.</li>\r\n</ul>\r\n\r\n<p>Des dispositions particuli&egrave;res peuvent &ecirc;tre appliqu&eacute;es aux &eacute;tudiants &agrave; profil sp&eacute;cifique.</p>\r\n",
    "code_year": 2015,
    "is_interaction": false,
    "display_order": 3
  }
},
{
  "pk": 164,
  "model": "rules.paragraph",
  "fields": {
    "is_in_use": true,
    "rule": [
      75,
      277
    ],
    "text_motiv": "",
    "text_derog": "",
    "text_standard": "<p>En cas d&#39;absence sans excuse valable &agrave; l&#39;une des &eacute;preuves &eacute;crites d&#39;un examen, l&#39;&eacute;tudiant ne peut plus participer au classement final de la fili&egrave;re. Il sera de ce fait ajourn&eacute; &agrave; l&#39;issue du 1 er semestre ou de l&#39;ann&eacute;e.</p>\r\n\r\n<p>En cas d&#39;absence non excus&eacute;e &agrave; l&#39;une des parties des &eacute;preuves d&#39;une m&ecirc;me unit&eacute;</p>\r\n\r\n<p>d&#39;enseignement, c&#39;est la mention &laquo;absent&raquo; qui appara&icirc;tra dans le proc&egrave;s-verbal final. La note 0 ne peut &ecirc;tre attribu&eacute;e en cas d&#39;absence.</p>\r\n",
    "code_year": 2015,
    "is_interaction": false,
    "display_order": 1
  }
},
{
  "pk": 165,
  "model": "rules.paragraph",
  "fields": {
    "is_in_use": true,
    "rule": [
      75,
      277
    ],
    "text_motiv": "",
    "text_derog": "",
    "text_standard": "<p>Tout &eacute;tudiant n&#39;ayant pas r&eacute;pondu &agrave; l&#39;appel de son nom avant le d&eacute;but des</p>\r\n\r\n<p>examens est d&eacute;clar&eacute; absent &agrave; chacune des &eacute;preuves correspondantes.</p>\r\n\r\n<p>Le d&eacute;but de l&#39;&eacute;preuve est d&eacute;termin&eacute; par l&#39;autorisation d&#39;ouverture de la pochette</p>\r\n\r\n<p>contenant les sujets donn&eacute;s par le responsable de salle. Apr&egrave;s l&#39;ouverture de cette pochette plus aucun &eacute;tudiant ne peut &ecirc;tre autoris&eacute; &agrave; composer quels que soient le motif ou la dur&eacute;e de son retard.</p>\r\n",
    "code_year": 2015,
    "is_interaction": false,
    "display_order": 2
  }
},
{
  "pk": 166,
  "model": "rules.paragraph",
  "fields": {
    "is_in_use": true,
    "rule": [
      75,
      277
    ],
    "text_motiv": "",
    "text_derog": "",
    "text_standard": "<p>Si l&#39;emp&ecirc;chement &agrave; une ou plusieurs &eacute;preuves d&#39;examen est motiv&eacute; notamment par</p>\r\n\r\n<p>une raison de sant&eacute;, le candidat doit adresser au Pr&eacute;sident du jury, dans un d&eacute;lai de 8 jours un certificat d&eacute;livr&eacute; par un m&eacute;decin asserment&eacute; ou, s&#39;il y a eu hospitalisation, par le Chef du service hospitalier.</p>\r\n\r\n<p>En cas d&#39;absence valablement excus&eacute;e, reconnue par le Pr&eacute;sident du jury pour les examens des sessions de janvier et/ou de juin, l&#39;&eacute;tudiant(e) continue &agrave; participer aux &eacute;preuves de classement - avec la mention A.E. [absent(e) excus&eacute;(e)] - par les notes obtenues aux &eacute;preuves pr&eacute;sent&eacute;es. Le total porte, comme pour tous les &eacute;tudiants, sur le m&ecirc;me nombre des points de chaque concours.</p>\r\n\r\n<p>Les &eacute;tudiant(e)s class&eacute;(e)s en rang utile avec la mention A. E. &agrave; l&#39;une ou l&#39;autre &eacute;preuve</p>\r\n\r\n<p>sont d&eacute;clar&eacute;(e)s admis(es) au concours, sauf dans le cas d&rsquo;une absence aux &eacute;preuves sanctionnant&nbsp; l&rsquo;UE 8 sp&eacute;cifique.</p>\r\n",
    "code_year": 2015,
    "is_interaction": false,
    "display_order": 3
  }
},
{
  "pk": 167,
  "model": "rules.paragraph",
  "fields": {
    "is_in_use": true,
    "rule": [
      75,
      277
    ],
    "text_motiv": "",
    "text_derog": "",
    "text_standard": "<p>Toute absence aux &eacute;preuves sanctionnant les U.E.8 sp&eacute;cifiques interdit le classement dans la fili&egrave;re concern&eacute;e, sans incidence sur le classement des autres fili&egrave;res, sauf si l&#39;examen porte sur un &eacute;l&eacute;ment p&eacute;dagogique mutualis&eacute;.</p>\r\n",
    "code_year": 2015,
    "is_interaction": false,
    "display_order": 4
  }
},
{
  "pk": 168,
  "model": "rules.paragraph",
  "fields": {
    "is_in_use": true,
    "rule": [
      30,
      278
    ],
    "text_motiv": "<p>Merci d&rsquo;indiquer, pour les conseils &eacute;lus, les motifs de votre demande.</p>\r\n",
    "text_derog": "<p>Vous souhaitez demander une d&eacute;rogation pour cet alin&eacute;a.</p>\r\n\r\n<p>Merci de reprendre le passage pour le modifier ou y substituer le texte de l&rsquo;alin&eacute;a que vous souhaitez voir valider pour votre formation. <em>N&rsquo;oubliez pas de d&eacute;tailler, le cas &eacute;ch&eacute;ant, les enseignements auxquels s&rsquo;appliquent votre alin&eacute;a, et les conditions et les crit&egrave;res d&rsquo;application, ou tout autre &eacute;l&eacute;ment pertinent.</em></p>\r\n",
    "text_standard": "<p style=\"margin-left:1.85pt\">La pr&eacute;sence aux &eacute;preuves de contr&ocirc;le continu est obligatoire, sauf dans les cas de dispense. <strong>En cas d&rsquo;absence injustifi&eacute;e &agrave; une &eacute;preuve de contr&ocirc;le continu, l&rsquo;&eacute;tudiant est sanctionn&eacute; par un z&eacute;ro &agrave; cette &eacute;preuve. </strong></p>\r\n",
    "code_year": 2015,
    "is_interaction": true,
    "display_order": 1
  }
},
{
  "pk": 169,
  "model": "rules.paragraph",
  "fields": {
    "is_in_use": true,
    "rule": [
      30,
      278
    ],
    "text_motiv": "<p>Merci d&rsquo;indiquer, pour les conseils &eacute;lus, les motifs de votre demande.</p>\r\n",
    "text_derog": "<p>Vous souhaitez demander une d&eacute;rogation pour cet alin&eacute;a.</p>\r\n\r\n<p>Merci de reprendre le passage pour le modifier ou y substituer le texte de l&rsquo;alin&eacute;a que vous souhaitez voir valider pour votre formation. <em>N&rsquo;oubliez pas de d&eacute;tailler, le cas &eacute;ch&eacute;ant, les enseignements auxquels s&rsquo;appliquent votre alin&eacute;a, et les conditions et les crit&egrave;res d&rsquo;application, ou tout autre &eacute;l&eacute;ment pertinent.</em></p>\r\n",
    "text_standard": "<p>Lorsque la session principale ne comporte que des &eacute;preuves de contr&ocirc;le continu et que l&rsquo;&eacute;tudiant est absent &agrave; toutes ces &eacute;preuves, sans justification, il est d&eacute;clar&eacute; d&eacute;faillant quels que soient les r&eacute;sultats obtenus par ailleurs.</p>\r\n",
    "code_year": 2015,
    "is_interaction": true,
    "display_order": 2
  }
},
{
  "pk": 170,
  "model": "rules.paragraph",
  "fields": {
    "is_in_use": true,
    "rule": [
      30,
      278
    ],
    "text_motiv": "",
    "text_derog": "",
    "text_standard": "<p style=\"margin-left:1.85pt\">Une dispense totale ou partielle de contr&ocirc;le continu peut &ecirc;tre accord&eacute;e dans les conditions suivantes.</p>\r\n\r\n<ul>\r\n\t<li>Les &eacute;tudiants relevant d&rsquo;un profil sp&eacute;cifique attest&eacute; peuvent b&eacute;n&eacute;ficier d&rsquo;une dispense totale de contr&ocirc;le continu. Ils doivent en faire la demande aupr&egrave;s de leur service de scolarit&eacute; avant la fin du premier mois des enseignements ou dans les quinze jours suivants leur accession &agrave; ce profil sp&eacute;cifique. Lorsque la session principale ne comporte que des &eacute;preuves de contr&ocirc;le continu, une &eacute;preuve de substitution doit &ecirc;tre pr&eacute;vue dans le r&egrave;glement des examens.</li>\r\n\t<li>Une dispense partielle de contr&ocirc;le continu peut &ecirc;tre accord&eacute;e pour des raisons jug&eacute;es recevables. L&rsquo;&eacute;tudiant doit en faire la demande et produire les justificatifs originaux aupr&egrave;s de son service de scolarit&eacute; avant l&rsquo;&eacute;preuve ou, en cas d&rsquo;&eacute;v&eacute;nement impr&eacute;vu, au plus tard dans un d&eacute;lai de rigueur de sept jours ouvr&eacute;s, sauf en cas de force majeure.</li>\r\n</ul>\r\n\r\n<p>Une &eacute;preuve de remplacement peut lui &ecirc;tre propos&eacute;e. A d&eacute;faut, il n&rsquo;est pas tenu compte de la note manquante.</p>\r\n",
    "code_year": 2015,
    "is_interaction": false,
    "display_order": 3
  }
},
{
  "pk": 171,
  "model": "rules.paragraph",
  "fields": {
    "is_in_use": true,
    "rule": [
      31,
      279
    ],
    "text_motiv": "",
    "text_derog": "",
    "text_standard": "<p>Lorsque l&rsquo;&eacute;valuation comporte un contr&ocirc;le continu et une &eacute;preuve terminale, l&rsquo;organisation du contr&ocirc;le continu doit intervenir au moins quinze jours avant la fin du semestre. Ce d&eacute;lai de quinze jours ne s&rsquo;impose pas &agrave; un enseignement &eacute;valu&eacute; uniquement gr&acirc;ce &agrave; un contr&ocirc;le continu, ou aux travaux dirig&eacute;s ou aux travaux pratiques.</p>\r\n",
    "code_year": 2015,
    "is_interaction": false,
    "display_order": 1
  }
},
{
  "pk": 172,
  "model": "rules.paragraph",
  "fields": {
    "is_in_use": true,
    "rule": [
      31,
      279
    ],
    "text_motiv": "",
    "text_derog": "",
    "text_standard": "<p>Des &eacute;preuves terminales anticip&eacute;es peuvent &ecirc;tre organis&eacute;es si l&rsquo;enseignement s&rsquo;ach&egrave;ve avant la fin du semestre.</p>\r\n",
    "code_year": 2015,
    "is_interaction": false,
    "display_order": 2
  }
},
{
  "pk": 173,
  "model": "rules.paragraph",
  "fields": {
    "is_in_use": true,
    "rule": [
      32,
      280
    ],
    "text_motiv": "",
    "text_derog": "",
    "text_standard": "<p>Les &eacute;preuves &eacute;crites terminales sont anonymes.</p>\r\n",
    "code_year": 2015,
    "is_interaction": false,
    "display_order": 1
  }
},
{
  "pk": 174,
  "model": "rules.paragraph",
  "fields": {
    "is_in_use": true,
    "rule": [
      33,
      281
    ],
    "text_motiv": "<p>Merci d&rsquo;indiquer, pour les conseils &eacute;lus, les motifs de votre demande.</p>\r\n",
    "text_derog": "<p>Vous souhaitez demander une d&eacute;rogation pour cet alin&eacute;a.</p>\r\n\r\n<p>Merci de reprendre le passage pour le modifier ou y substituer le texte de l&rsquo;alin&eacute;a que vous souhaitez voir valider pour votre formation. <em>N&rsquo;oubliez pas de d&eacute;tailler, le cas &eacute;ch&eacute;ant, les enseignements auxquels s&rsquo;appliquent votre alin&eacute;a, et les conditions et les crit&egrave;res d&rsquo;application, ou tout autre &eacute;l&eacute;ment pertinent.</em></p>\r\n",
    "text_standard": "<p>Les notes sup&eacute;rieures ou &eacute;gales &agrave; 10/20 des &eacute;preuves d&rsquo;une UE non valid&eacute;e sont report&eacute;es de la session principale &agrave; la session de rattrapage, sans possibilit&eacute; de renonciation.</p>\r\n",
    "code_year": 2015,
    "is_interaction": true,
    "display_order": 1
  }
},
{
  "pk": 175,
  "model": "rules.paragraph",
  "fields": {
    "is_in_use": true,
    "rule": [
      76,
      282
    ],
    "text_motiv": "<p>Merci d&rsquo;indiquer, pour les conseils &eacute;lus, les motifs de votre demande.</p>\r\n",
    "text_derog": "<p>Vous souhaitez demander une d&eacute;rogation pour cet alin&eacute;a.</p>\r\n\r\n<p>Merci de reprendre le passage pour le modifier ou y substituer le texte de l&rsquo;alin&eacute;a que vous souhaitez voir valider pour votre formation. <em>N&rsquo;oubliez pas de d&eacute;tailler, le cas &eacute;ch&eacute;ant, les enseignements auxquels s&rsquo;appliquent votre alin&eacute;a, et les conditions et les crit&egrave;res d&rsquo;application, ou tout autre &eacute;l&eacute;ment pertinent.</em></p>\r\n",
    "text_standard": "<p>En cas d&rsquo;ajournement ou d&eacute;faillance &agrave; la session principale, l&rsquo;&eacute;tudiant conserve pour la session de rattrapage, les notes des UE valid&eacute;es lors de la session principale.</p>\r\n\r\n<p>Dans les 7 jours qui suivent la mise &agrave; disposition du relev&eacute; de notes, l&rsquo;&eacute;tudiant peut y renoncer par demande &eacute;crite au service de scolarit&eacute;. Dans ce cas, <em>seule la note obtenue &agrave; la session de rattrapage sera retenue et consid&eacute;r&eacute;e comme d&eacute;finitive.</em></p>\r\n",
    "code_year": 2015,
    "is_interaction": true,
    "display_order": 1
  }
},
{
  "pk": 176,
  "model": "rules.paragraph",
  "fields": {
    "is_in_use": true,
    "rule": [
      76,
      282
    ],
    "text_motiv": "<p>Merci d&rsquo;indiquer, pour les conseils &eacute;lus, les motifs de votre demande.</p>\r\n",
    "text_derog": "<p>Vous souhaitez demander une d&eacute;rogation pour cet alin&eacute;a.</p>\r\n\r\n<p>Merci de reprendre le passage pour le modifier ou y substituer le texte de l&rsquo;alin&eacute;a que vous souhaitez voir valider pour votre formation. <em>N&rsquo;oubliez pas de d&eacute;tailler, le cas &eacute;ch&eacute;ant, les enseignements auxquels s&rsquo;appliquent votre alin&eacute;a, et les conditions et les crit&egrave;res d&rsquo;application, ou tout autre &eacute;l&eacute;ment pertinent.</em></p>\r\n",
    "text_standard": "<p>Les notes sup&eacute;rieures ou &eacute;gales &agrave; 10/20 des &eacute;preuves d&rsquo;une UE non valid&eacute;e sont report&eacute;es de la session principale &agrave; la session de rattrapage, sans possibilit&eacute; de renonciation.</p>\r\n",
    "code_year": 2015,
    "is_interaction": true,
    "display_order": 2
  }
},
{
  "pk": 177,
  "model": "rules.paragraph",
  "fields": {
    "is_in_use": true,
    "rule": [
      79,
      284
    ],
    "text_motiv": "<p>La saisie de motifs n&rsquo;est pas obligatoire. Si vous le souhaitez, vous pouvez apporter ici toutes les informations utiles &agrave; la compr&eacute;hension de vos r&egrave;gles additionnelles <u>par les conseils &eacute;lus</u>. (saisie minimale = /)</p>\r\n",
    "text_derog": "<p>Parmi les r&egrave;gles pr&eacute;c&eacute;demment &eacute;num&eacute;r&eacute;es, vous n&rsquo;avez pas trouv&eacute; une th&eacute;matique permettant d&rsquo;exposer une r&egrave;gle d&rsquo;&eacute;valuation des &eacute;tudiants qui vous para&icirc;t n&eacute;cessaire. Cette r&egrave;gle additionnelle vous permet de l&rsquo;exposer en d&eacute;tail ici. Ce texte, par sa nature, sera susceptible de faire l&rsquo;objet d&rsquo;&eacute;changes sp&eacute;cifiques lors du processus de validation des MECC.</p>\r\n",
    "text_standard": "<p>N&eacute;ant</p>\r\n",
    "code_year": 2015,
    "is_interaction": true,
    "display_order": 1
  }
},
{
  "pk": 180,
  "model": "rules.paragraph",
  "fields": {
    "is_in_use": true,
    "rule": [],
    "text_motiv": "",
    "text_derog": "",
    "text_standard": "<p>ceci est l&#39;alin&eacute;a 1 de la,r&egrave;gle de Nathalie</p>\r\n\r\n<p style=\"text-align: center;\"><em><strong>j&#39;essaie le centrage, le gras et l&#39;italique</strong></em></p>\r\n",
    "code_year": 2015,
    "is_interaction": false,
    "display_order": 1
  }
},
{
  "pk": 181,
  "model": "rules.paragraph",
  "fields": {
    "is_in_use": true,
    "rule": [],
    "text_motiv": "<p>saisir ici les motivations</p>\r\n",
    "text_derog": "<p>veuillez saisir l&#39;alin&eacute;a d&eacute;rogatoire</p>\r\n",
    "text_standard": "<ul>\r\n\t<li>Ceci est l&#39;autre alin&eacute;a de la r&egrave;gle de nathalie</li>\r\n</ul>\r\n",
    "code_year": 2015,
    "is_interaction": true,
    "display_order": 2
  }
},
{
  "pk": 182,
  "model": "rules.paragraph",
  "fields": {
    "is_in_use": true,
    "rule": [],
    "text_motiv": "",
    "text_derog": "",
    "text_standard": "<p>alinea 1 de nathalie</p>\r\n",
    "code_year": 2015,
    "is_interaction": false,
    "display_order": 1
  }
},
{
  "pk": 184,
  "model": "rules.paragraph",
  "fields": {
    "is_in_use": true,
    "rule": [
      104,
      209
    ],
    "text_motiv": "<p>Dans le cas des dipl&ocirc;mes d&rsquo;universit&eacute;, la saisie de motifs n&rsquo;est pas obligatoire. Si vous le souhaitez, vous pouvez apporter ici toutes les informations utiles &agrave; la compr&eacute;hension de votre r&egrave;gle <u>par les conseils &eacute;lus</u>. (saisie minimale = /)</p>\r\n",
    "text_derog": "<p>Merci de pr&eacute;ciser les pr&eacute;-requis de la formation, les conditions de s&eacute;lection et le d&eacute;roulement du processus de s&eacute;lection et l&rsquo;instance de s&eacute;lection.</p>\r\n",
    "text_standard": "<p>La formation est accessible sur examen d&rsquo;un dossier comprenant un CV, une lettre de motivation et la copie des dipl&ocirc;mes obtenus.</p>\r\n",
    "code_year": 2015,
    "is_interaction": true,
    "display_order": 1
  }
},
{
  "pk": 185,
  "model": "rules.paragraph",
  "fields": {
    "is_in_use": true,
    "rule": [
      104,
      209
    ],
    "text_motiv": "<p>Dans le cas des dipl&ocirc;mes d&rsquo;universit&eacute;, la saisie de motifs n&rsquo;est pas obligatoire. Si vous le souhaitez, vous pouvez apporter ici toutes les informations utiles &agrave; la compr&eacute;hension de votre r&egrave;gle <u>par les conseils &eacute;lus</u>. (saisie minimale = /)</p>\r\n",
    "text_derog": "<p>Si la formation comprend plusieurs ann&eacute;es de formation, merci de pr&eacute;ciser &agrave; quelles conditions l&rsquo;&eacute;tudiant est autoris&eacute; &agrave; progresser en ann&eacute;e sup&eacute;rieure, notamment avec des &eacute;l&eacute;ments en dette de l&rsquo;ann&eacute;e pr&eacute;c&eacute;dente.</p>\r\n",
    "text_standard": "<p>La formation ne comporte qu&rsquo;une seule ann&eacute;e d&rsquo;&eacute;tudes.</p>\r\n",
    "code_year": 2015,
    "is_interaction": true,
    "display_order": 2
  }
},
{
  "pk": 186,
  "model": "rules.paragraph",
  "fields": {
    "is_in_use": true,
    "rule": [
      104,
      209
    ],
    "text_motiv": "<p>Dans le cas des dipl&ocirc;mes d&rsquo;universit&eacute;, la saisie de motifs n&rsquo;est pas obligatoire. Si vous le souhaitez, vous pouvez apporter ici toutes les informations utiles &agrave; la compr&eacute;hension de votre r&egrave;gle <u>par les conseils &eacute;lus</u>. (saisie minimale = /)</p>\r\n",
    "text_derog": "<p>Merci de pr&eacute;ciser les conditions de redoublement si elles diff&egrave;rent de la r&egrave;gle standard.</p>\r\n",
    "text_standard": "<p>Le redoublement n&rsquo;est pas autoris&eacute;.</p>\r\n\r\n<p>Exceptionnellement, une inscription suppl&eacute;mentaire peut &ecirc;tre accord&eacute;e par le responsable de la formation.</p>\r\n",
    "code_year": 2015,
    "is_interaction": true,
    "display_order": 3
  }
},
{
  "pk": 187,
  "model": "rules.paragraph",
  "fields": {
    "is_in_use": true,
    "rule": [
      105,
      219
    ],
    "text_motiv": "<p>Dans le cas des dipl&ocirc;mes d&rsquo;universit&eacute;, la saisie de motifs n&rsquo;est pas obligatoire. Si vous le souhaitez, vous pouvez apporter ici toutes les informations utiles &agrave; la compr&eacute;hension de votre r&egrave;gle par les conseils &eacute;lus. (saisie minimale = /)</p>\r\n",
    "text_derog": "<p>Merci de pr&eacute;ciser les modalit&eacute;s de pr&eacute;sence obligatoire ou facultative aux enseignements et les enseignements concern&eacute;s.<em> </em></p>\r\n",
    "text_standard": "<p>N&eacute;ant</p>\r\n",
    "code_year": 2015,
    "is_interaction": true,
    "display_order": 1
  }
},
{
  "pk": 188,
  "model": "rules.paragraph",
  "fields": {
    "is_in_use": true,
    "rule": [
      106,
      220
    ],
    "text_motiv": "<p>Dans le cas des dipl&ocirc;mes d&rsquo;universit&eacute;, la saisie de motifs n&rsquo;est pas obligatoire. Si vous le souhaitez, vous pouvez apporter ici toutes les informations utiles &agrave; la compr&eacute;hension de votre r&egrave;gle <u>par les conseils &eacute;lus</u>. (saisie minimale = /)</p>\r\n",
    "text_derog": "<p>Merci de pr&eacute;ciser si l&rsquo;acquisition du DU permet de valider tout ou partie des &eacute;l&eacute;ments constitutifs d&rsquo;un dipl&ocirc;me de l&rsquo;Universit&eacute; de Strasbourg, ou d&rsquo;un autre &eacute;tablissement ; si l&rsquo;obtention de tout ou partie d&rsquo;un autre dipl&ocirc;me permet de valider tout ou partie du DU</p>\r\n",
    "text_standard": "<p>N&eacute;ant</p>\r\n",
    "code_year": 2015,
    "is_interaction": true,
    "display_order": 1
  }
},
{
  "pk": 189,
  "model": "rules.paragraph",
  "fields": {
    "is_in_use": true,
    "rule": [
      107,
      227
    ],
    "text_motiv": "<p>Dans le cas des dipl&ocirc;mes d&rsquo;universit&eacute;, la saisie de motifs n&rsquo;est pas obligatoire. Si vous le souhaitez, vous pouvez apporter ici toutes les informations utiles &agrave; la compr&eacute;hension de votre r&egrave;gle <u>par les conseils &eacute;lus</u>. (saisie minimale = /)</p>\r\n",
    "text_derog": "<p>Merci de pr&eacute;ciser, si la formation demande la r&eacute;alisation d&rsquo;un m&eacute;moire final, ce qu&rsquo;il est attendu de l&rsquo;&eacute;tudiant en termes de fond et de forme du m&eacute;moire, si le m&eacute;moire doit &ecirc;tre soutenu, la composition et le r&ocirc;le du jury qui l&rsquo;appr&eacute;ciera.</p>\r\n",
    "text_standard": "<p>N&eacute;ant</p>\r\n",
    "code_year": 2015,
    "is_interaction": true,
    "display_order": 0
  }
},
{
  "pk": 190,
  "model": "rules.paragraph",
  "fields": {
    "is_in_use": true,
    "rule": [
      108,
      237
    ],
    "text_motiv": "<p>Dans le cas des dipl&ocirc;mes d&rsquo;universit&eacute;, la saisie de motifs n&rsquo;est pas obligatoire. Si vous le souhaitez, vous pouvez apporter ici toutes les informations utiles &agrave; la compr&eacute;hension de votre r&egrave;gle <u>par les conseils &eacute;lus</u>. (saisie minimale = /)</p>\r\n",
    "text_derog": "<p>Merci de pr&eacute;ciser si les notes des ann&eacute;es de la formation se compensent entre elles, si les notes des semestres d&rsquo;une m&ecirc;me ann&eacute;e se compensent entre elles, si les notes des UE se compensent entre elles, si les notes des mati&egrave;res/ modules se compensent entre elles</p>\r\n",
    "text_standard": "<p>N&eacute;ant</p>\r\n",
    "code_year": 2015,
    "is_interaction": true,
    "display_order": 0
  }
},
{
  "pk": 191,
  "model": "rules.paragraph",
  "fields": {
    "is_in_use": true,
    "rule": [
      109,
      253
    ],
    "text_motiv": "<p>Merci d&rsquo;indiquer, pour les conseils &eacute;lus, les motifs de votre demande.</p>\r\n",
    "text_derog": "<p>Merci de pr&eacute;ciser la r&egrave;gle de calcul de la note finale de la formation si elle diff&egrave;re de la r&egrave;gle standard.</p>\r\n",
    "text_standard": "<p>La moyenne g&eacute;n&eacute;rale obtenue est la moyenne de l&rsquo;ensemble des notes obtenues aux UE, pond&eacute;r&eacute;es par les coefficients.</p>\r\n",
    "code_year": 2015,
    "is_interaction": true,
    "display_order": 0
  }
},
{
  "pk": 192,
  "model": "rules.paragraph",
  "fields": {
    "is_in_use": true,
    "rule": [
      110,
      262
    ],
    "text_motiv": "<p>Merci d&rsquo;indiquer, pour les conseils &eacute;lus, les motifs de votre demande.</p>\r\n",
    "text_derog": "<p>Merci de pr&eacute;ciser le seuil de validation de l&rsquo;UE, la possibilit&eacute; ou non de capitaliser les enseignements valid&eacute;s et le seuil de capitalisation s&rsquo;il est diff&eacute;rent du seuil de validation de l&rsquo;UE</p>\r\n",
    "text_standard": "<p>Une UE dont la note est sup&eacute;rieure ou &eacute;gale &agrave; 10/20 est valid&eacute;e.</p>\r\n",
    "code_year": 2015,
    "is_interaction": true,
    "display_order": 0
  }
},
{
  "pk": 193,
  "model": "rules.paragraph",
  "fields": {
    "is_in_use": true,
    "rule": [
      111,
      283
    ],
    "text_motiv": "<p>Merci d&rsquo;indiquer, pour les conseils &eacute;lus, les motifs de votre demande.</p>\r\n",
    "text_derog": "<p>Vous souhaitez demander une d&eacute;rogation pour cet alin&eacute;a.</p>\r\n\r\n<p>Merci de reprendre le passage pour le modifier ou y substituer le texte de l&rsquo;alin&eacute;a que vous souhaitez voir valider pour votre formation. <em>N&rsquo;oubliez pas de d&eacute;tailler, le cas &eacute;ch&eacute;ant, les enseignements auxquels s&rsquo;appliquent votre alin&eacute;a, et les conditions et les crit&egrave;res d&rsquo;application, ou tout autre &eacute;l&eacute;ment pertinent.</em></p>\r\n",
    "text_standard": "<p>Lorsqu&rsquo;est organis&eacute;e une session de rattrapage, les notes sup&eacute;rieures ou &eacute;gales &agrave; 10/20 des &eacute;preuves d&rsquo;une UE non valid&eacute;e sont report&eacute;es de la session principale &agrave; la session de rattrapage, sans possibilit&eacute; de renonciation.</p>\r\n",
    "code_year": 2015,
    "is_interaction": true,
    "display_order": 1
  }
},
{
  "pk": 194,
  "model": "rules.paragraph",
  "fields": {
    "is_in_use": true,
    "rule": [],
    "text_motiv": "",
    "text_derog": "",
    "text_standard": "<p>simplement dans le champ texte de l&#39;alin&eacute;a, <u>ce que vous voulez</u></p>\r\n",
    "code_year": 2015,
    "is_interaction": false,
    "display_order": 0
  }
},
{
  "pk": 195,
  "model": "rules.paragraph",
  "fields": {
    "is_in_use": true,
    "rule": [],
    "text_motiv": "",
    "text_derog": "",
    "text_standard": "<ul>\r\n\t<li>Lorem ipsum dolor sit amet, consectetur adipiscing elit. Sed sapien nulla, vestibulum accumsan sapien id, consectetur placerat est.</li>\r\n\t<li>Aenean molestie tellus ut ligula fermentum porttitor. Pellentesque sit amet metus non arcu convallis venenatis eu a libero.</li>\r\n\t<li>Cras at est egestas, tempor ante eget, ullamcorper lorem. Aliquam nec metus sagittis, ornare purus sit amet, imperdiet lorem. Morbi congue, libero sed imperdiet sagittis, nisi augue laoreet leo, non lobortis libero purus quis enim. Suspendisse ante magna, hendrerit non eros sit amet, malesuada vehicula nulla. Praesent id urna sit amet diam varius porttitor. Vestibulum suscipit placerat ultricies. Nulla id tristique quam, eu eleifend orci. Vestibulum ullamcorper felis nec purus porttitor, in sagittis est ullamcorper.</li>\r\n</ul>\r\n",
    "code_year": 2015,
    "is_interaction": false,
    "display_order": 2
  }
},
{
  "pk": 198,
  "model": "rules.paragraph",
  "fields": {
    "is_in_use": true,
    "rule": [],
    "text_motiv": "",
    "text_derog": "",
    "text_standard": "<p>la validation <strong>blablabla....</strong></p>\r\n\r\n<ol>\r\n\t<li>blibli</li>\r\n\t<li>bloblo</li>\r\n</ol>\r\n",
    "code_year": 2015,
    "is_interaction": false,
    "display_order": 0
  }
},
{
  "pk": 199,
  "model": "rules.paragraph",
  "fields": {
    "is_in_use": true,
    "rule": [],
    "text_motiv": "<p>vous devez <em>blabla</em></p>\r\n",
    "text_derog": "<p><u>blabla</u></p>\r\n",
    "text_standard": "<p>et puis il faut....</p>\r\n",
    "code_year": 2015,
    "is_interaction": true,
    "display_order": 0
  }
},
{
  "pk": 200,
  "model": "rules.paragraph",
  "fields": {
    "is_in_use": true,
    "rule": [],
    "text_motiv": "<p>Remplacer par .......</p>\r\n",
    "text_derog": "<p>En cas de d&eacute;rog .......</p>\r\n",
    "text_standard": "<p style=\"text-align:center\"><u><em><strong>Bla bla bla 2</strong></em></u></p>\r\n\r\n<ul>\r\n\t<li>...</li>\r\n\t<li>...</li>\r\n\t<li>...</li>\r\n</ul>\r\n",
    "code_year": 2015,
    "is_interaction": true,
    "display_order": 2
  }
},
{
  "pk": 203,
  "model": "rules.paragraph",
  "fields": {
    "is_in_use": true,
    "rule": [],
    "text_motiv": "<p>Merci de pr&eacute;ciser les motifs de votre demande de modification.</p>\r\n",
    "text_derog": "<p>Merci de remplacer tout ou partie de l&#39;alin&eacute;a avec votre propre r&egrave;gle.</p>\r\n",
    "text_standard": "<p><u>Et puis ensuite, mais peut-&ecirc;tre avant, il faut etc....</u></p>\r\n\r\n<p>&nbsp;- en premier lieu, c&#39;est dingue</p>\r\n\r\n<p>&nbsp;- en deuxi&egrave;me lieu, &ccedil;a fonctionne!</p>\r\n",
    "code_year": 2015,
    "is_interaction": true,
    "display_order": 0
  }
},
{
  "pk": 204,
  "model": "rules.paragraph",
  "fields": {
    "is_in_use": true,
    "rule": [
      288
    ],
    "text_motiv": "",
    "text_derog": "",
    "text_standard": "<p>hjhjjkh</p>\r\n",
    "code_year": 2015,
    "is_interaction": false,
    "display_order": 0
  }
},
{
  "pk": 1,
  "model": "training.training",
  "fields": {
    "institutes": [
      26,
      28
    ],
    "label": "Master 1 Chimie et biologie",
    "degree_type": 7,
    "ref_si_scol": "",
    "MECC_tab": true,
    "MECC_type": "E",
    "date_visa_des": null,
    "resp_formations": [
      61
    ],
    "progress_rule": "E",
    "session_type": "2",
    "date_val_cfvu": null,
    "is_used": true,
    "date_val_cmp": null,
    "date_res_des": null,
    "n_train": 1,
    "ref_cpa_rof": "",
    "supply_cmp": "CHM",
    "code_year": 2015,
    "progress_table": "E"
  }
},
{
  "pk": 2,
  "model": "training.training",
  "fields": {
    "institutes": [
      28
    ],
    "label": "Master 2 Chimie et biologie",
    "degree_type": 7,
    "ref_si_scol": "",
    "MECC_tab": true,
    "MECC_type": "E",
    "date_visa_des": null,
    "resp_formations": [
      62
    ],
    "progress_rule": "E",
    "session_type": "2",
    "date_val_cfvu": null,
    "is_used": true,
    "date_val_cmp": null,
    "date_res_des": null,
    "n_train": 2,
    "ref_cpa_rof": "",
    "supply_cmp": "CHM",
    "code_year": 2015,
    "progress_table": "E"
  }
},
{
  "pk": 3,
  "model": "training.training",
  "fields": {
    "institutes": [
      1,
      5
    ],
    "label": "L1 Musique",
    "degree_type": 5,
    "ref_si_scol": "",
    "MECC_tab": true,
    "MECC_type": "E",
    "date_visa_des": null,
    "resp_formations": [
      192
    ],
    "progress_rule": "E",
    "session_type": "2",
    "date_val_cfvu": null,
    "is_used": true,
    "date_val_cmp": null,
    "date_res_des": null,
    "n_train": 3,
    "ref_cpa_rof": "",
    "supply_cmp": "ART",
    "code_year": 2015,
    "progress_table": "E"
  }
},
{
  "pk": 4,
  "model": "training.training",
  "fields": {
    "institutes": [
      26,
      27,
      28
    ],
    "label": "Master 1 Chimie et biologie",
    "degree_type": 7,
    "ref_si_scol": "",
    "MECC_tab": true,
    "MECC_type": "E",
    "date_visa_des": null,
    "resp_formations": [
      61
    ],
    "progress_rule": "A",
    "session_type": "2",
    "date_val_cfvu": null,
    "is_used": true,
    "date_val_cmp": null,
    "date_res_des": null,
    "n_train": 1,
    "ref_cpa_rof": "",
    "supply_cmp": "CHM",
    "code_year": 2016,
    "progress_table": "A"
  }
},
{
  "pk": 5,
  "model": "training.training",
  "fields": {
    "institutes": [
      28
    ],
    "label": "Master 2 Chimie et biologie",
    "degree_type": 7,
    "ref_si_scol": "",
    "MECC_tab": true,
    "MECC_type": "E",
    "date_visa_des": null,
    "resp_formations": [
      62
    ],
    "progress_rule": "A",
    "session_type": "2",
    "date_val_cfvu": null,
    "is_used": true,
    "date_val_cmp": null,
    "date_res_des": null,
    "n_train": 2,
    "ref_cpa_rof": "",
    "supply_cmp": "CHM",
    "code_year": 2016,
    "progress_table": "A"
  }
},
{
  "pk": 6,
  "model": "training.training",
  "fields": {
    "institutes": [
      19,
      28
    ],
    "label": "L1 Maria Chinetti",
    "degree_type": 5,
    "ref_si_scol": "",
    "MECC_tab": true,
    "MECC_type": "C",
    "date_visa_des": null,
    "resp_formations": [
      34,
      204
    ],
    "progress_rule": "E",
    "session_type": "2",
    "date_val_cfvu": null,
    "is_used": true,
    "date_val_cmp": null,
    "date_res_des": null,
    "n_train": 6,
    "ref_cpa_rof": "",
    "supply_cmp": "CHM",
    "code_year": 2015,
    "progress_table": "E"
  }
},
{
  "pk": 7,
  "model": "training.training",
  "fields": {
    "institutes": [
      28
    ],
    "label": "L3 Chimie Kath",
    "degree_type": 5,
    "ref_si_scol": "",
    "MECC_tab": true,
    "MECC_type": "E",
    "date_visa_des": null,
    "resp_formations": [
      34
    ],
    "progress_rule": "E",
    "session_type": "2",
    "date_val_cfvu": null,
    "is_used": true,
    "date_val_cmp": null,
    "date_res_des": null,
    "n_train": 7,
    "ref_cpa_rof": "",
    "supply_cmp": "CHM",
    "code_year": 2015,
    "progress_table": "E"
  }
},
{
  "pk": 8,
  "model": "training.training",
  "fields": {
    "institutes": [
      28
    ],
    "label": "LP Nath O",
    "degree_type": 6,
    "ref_si_scol": "",
    "MECC_tab": true,
    "MECC_type": "C",
    "date_visa_des": null,
    "resp_formations": [
      205
    ],
    "progress_rule": "E",
    "session_type": "1",
    "date_val_cfvu": null,
    "is_used": true,
    "date_val_cmp": null,
    "date_res_des": null,
    "n_train": 8,
    "ref_cpa_rof": "",
    "supply_cmp": "CHM",
    "code_year": 2015,
    "progress_table": "E"
  }
},
{
  "pk": 9,
  "model": "training.training",
  "fields": {
    "institutes": [
      28
    ],
    "label": "Chimie de synth\u00e8se (EGU)",
    "degree_type": 6,
    "ref_si_scol": "",
    "MECC_tab": true,
    "MECC_type": "C",
    "date_visa_des": null,
    "resp_formations": [
      206
    ],
    "progress_rule": "E",
    "session_type": "1",
    "date_val_cfvu": null,
    "is_used": true,
    "date_val_cmp": null,
    "date_res_des": null,
    "n_train": 9,
    "ref_cpa_rof": "",
    "supply_cmp": "CHM",
    "code_year": 2015,
    "progress_table": "E"
  }
},
{
  "pk": 10,
  "model": "training.training",
  "fields": {
    "institutes": [
      28
    ],
    "label": "Sciences analytiques Bertrand",
    "degree_type": 7,
    "ref_si_scol": "",
    "MECC_tab": true,
    "MECC_type": "C",
    "date_visa_des": null,
    "resp_formations": [
      207
    ],
    "progress_rule": "E",
    "session_type": "2",
    "date_val_cfvu": null,
    "is_used": true,
    "date_val_cmp": null,
    "date_res_des": null,
    "n_train": -1,
    "ref_cpa_rof": "",
    "supply_cmp": "CHM",
    "code_year": 2015,
    "progress_table": "E"
  }
},
{
  "pk": 11,
  "model": "training.training",
  "fields": {
    "institutes": [
      28
    ],
    "label": "Chimie de synth\u00e8se (EGU)",
    "degree_type": 6,
    "ref_si_scol": "",
    "MECC_tab": true,
    "MECC_type": "C",
    "date_visa_des": null,
    "resp_formations": [
      206
    ],
    "progress_rule": "E",
    "session_type": "1",
    "date_val_cfvu": null,
    "is_used": true,
    "date_val_cmp": null,
    "date_res_des": null,
    "n_train": 9,
    "ref_cpa_rof": "",
    "supply_cmp": "CHM",
    "code_year": 2016,
    "progress_table": "E"
  }
},
{
  "pk": 12,
  "model": "training.training",
  "fields": {
    "institutes": [
      19,
      28
    ],
    "label": "L1 Maria Chinetti",
    "degree_type": 5,
    "ref_si_scol": "",
    "MECC_tab": true,
    "MECC_type": "C",
    "date_visa_des": null,
    "resp_formations": [
      34,
      204
    ],
    "progress_rule": "E",
    "session_type": "2",
    "date_val_cfvu": null,
    "is_used": true,
    "date_val_cmp": null,
    "date_res_des": null,
    "n_train": 6,
    "ref_cpa_rof": "",
    "supply_cmp": "CHM",
    "code_year": 2016,
    "progress_table": "E"
  }
},
{
  "pk": 13,
  "model": "training.training",
  "fields": {
    "institutes": [
      28
    ],
    "label": "L3 Chimie Kath",
    "degree_type": 5,
    "ref_si_scol": "",
    "MECC_tab": true,
    "MECC_type": "E",
    "date_visa_des": null,
    "resp_formations": [
      34
    ],
    "progress_rule": "E",
    "session_type": "2",
    "date_val_cfvu": null,
    "is_used": true,
    "date_val_cmp": null,
    "date_res_des": null,
    "n_train": 7,
    "ref_cpa_rof": "",
    "supply_cmp": "CHM",
    "code_year": 2016,
    "progress_table": "E"
  }
},
{
  "pk": 14,
  "model": "training.training",
  "fields": {
    "institutes": [
      28
    ],
    "label": "LP Nath O",
    "degree_type": 6,
    "ref_si_scol": "",
    "MECC_tab": true,
    "MECC_type": "C",
    "date_visa_des": null,
    "resp_formations": [
      205
    ],
    "progress_rule": "E",
    "session_type": "1",
    "date_val_cfvu": null,
    "is_used": true,
    "date_val_cmp": null,
    "date_res_des": null,
    "n_train": 8,
    "ref_cpa_rof": "",
    "supply_cmp": "CHM",
    "code_year": 2016,
    "progress_table": "E"
  }
},
{
  "pk": 1,
  "model": "training.specificparagraph",
  "fields": {
    "training": 1,
    "paragraph_gen_id": 14,
    "text_motiv": "<p>TEST de saisie de motifs pour cette d&eacute;rogation</p>\r\n",
    "type_paragraph": "",
    "text_specific_paragraph": "<p><strong>L&rsquo;&eacute;tudiant n&rsquo;ayant pas valid&eacute; sa premi&egrave;re ann&eacute;e de master p...&nbsp; C&#39;EST LA REGLE DEROGATOIRE !!!</strong></p>\r\n",
    "code_year": 2015,
    "rule_gen_id": 2
  }
},
{
  "pk": 23,
  "model": "training.specificparagraph",
  "fields": {
    "training": 6,
    "paragraph_gen_id": 65,
    "text_motiv": "<p>Parce qu&#39;on est sp&eacute;cial. Et qu&#39;on a un Prix Nobel.</p>\r\n",
    "type_paragraph": "",
    "text_specific_paragraph": "<p>La formation adh&egrave;re <strong>presque&nbsp;</strong>&agrave; toute la politique des stages de l&#39;&eacute;tablissement. On veut ne pas payer les stagiaires: on fait des projets tuteur&eacute;s, mais pas <em><strong>tout &agrave; fait</strong></em> des stages.</p>\r\n",
    "code_year": 2015,
    "rule_gen_id": 78
  }
},
{
  "pk": 25,
  "model": "training.specificparagraph",
  "fields": {
    "training": 7,
    "paragraph_gen_id": 119,
    "text_motiv": "<p>Excellence de la formation</p>\r\n",
    "type_paragraph": "",
    "text_specific_paragraph": "<p>Les notes sup&eacute;rieures ou &eacute;gales &agrave; <u><strong>15/20</strong></u> obtenues &agrave; des &eacute;preuves dans des UE non acquises ne sont pas conserv&eacute;es d&rsquo;une ann&eacute;e &agrave; l&rsquo;autre.</p>\r\n",
    "code_year": 2015,
    "rule_gen_id": 18
  }
},
{
  "pk": 27,
  "model": "training.specificparagraph",
  "fields": {
    "training": 10,
    "paragraph_gen_id": 141,
    "text_motiv": "<p>comme &ccedil;a</p>\r\n",
    "type_paragraph": "",
    "text_specific_paragraph": "<p>Tant pis pas de rattrapage !</p>\r\n",
    "code_year": 2015,
    "rule_gen_id": 74
  }
},
{
  "pk": 29,
  "model": "training.specificparagraph",
  "fields": {
    "training": 8,
    "paragraph_gen_id": 65,
    "text_motiv": "<p>On est les + forts donc on fait ce qu&#39;on veut !</p>\r\n",
    "type_paragraph": "",
    "text_specific_paragraph": "<p>La formation n&#39;adh&egrave;re pas &agrave; la politique des stages de l&#39;&eacute;tablissement, parce que c&#39;est JP qui l&#39;a &eacute;crite :-)</p>\r\n",
    "code_year": 2015,
    "rule_gen_id": 78
  }
},
{
  "pk": 35,
  "model": "training.specificparagraph",
  "fields": {
    "training": 9,
    "paragraph_gen_id": 65,
    "text_motiv": "<p>PARCE QUE</p>\r\n",
    "type_paragraph": "",
    "text_specific_paragraph": "<p>Les &eacute;tudiants ne sont pas pay&eacute;s.</p>\r\n",
    "code_year": 2015,
    "rule_gen_id": 78
  }
},
{
  "pk": 44,
  "model": "training.specificparagraph",
  "fields": {
    "training": 12,
    "paragraph_gen_id": 65,
    "text_motiv": "<p>Parce qu&#39;on est sp&eacute;cial. Et qu&#39;on a un Prix Nobel.</p>\r\n",
    "type_paragraph": "",
    "text_specific_paragraph": "<p>La formation adh&egrave;re <strong>presque&nbsp;</strong>&agrave; toute la politique des stages de l&#39;&eacute;tablissement. On veut ne pas payer les stagiaires: on fait des projets tuteur&eacute;s, mais pas <em><strong>tout &agrave; fait</strong></em> des stages.</p>\r\n",
    "code_year": 2016,
    "rule_gen_id": 225
  }
},
{
  "pk": 47,
  "model": "training.specificparagraph",
  "fields": {
    "training": 11,
    "paragraph_gen_id": 65,
    "text_motiv": "<p>PARCE QUE</p>\r\n",
    "type_paragraph": "",
    "text_specific_paragraph": "<p>Les &eacute;tudiants ne sont pas pay&eacute;s.</p>\r\n",
    "code_year": 2016,
    "rule_gen_id": 225
  }
},
{
  "pk": 49,
  "model": "training.specificparagraph",
  "fields": {
    "training": 14,
    "paragraph_gen_id": 65,
    "text_motiv": "<p>On est les + forts donc on fait ce qu&#39;on veut !</p>\r\n",
    "type_paragraph": "",
    "text_specific_paragraph": "<p>La formation n&#39;adh&egrave;re pas &agrave; la politique des stages de l&#39;&eacute;tablissement, parce que c&#39;est JP qui l&#39;a &eacute;crite :-)</p>\r\n",
    "code_year": 2016,
    "rule_gen_id": 225
  }
},
{
  "pk": 60,
  "model": "training.specificparagraph",
  "fields": {
    "training": 4,
    "paragraph_gen_id": 57,
    "text_motiv": "<p>///</p>\r\n",
    "type_paragraph": "",
    "text_specific_paragraph": "<p>ICI le texte explicatif de ces notations pour cette formation !!!</p>\r\n",
    "code_year": 2016,
    "rule_gen_id": 48
  }
},
{
  "pk": 74,
  "model": "training.specificparagraph",
  "fields": {
    "training": 4,
    "paragraph_gen_id": 14,
    "text_motiv": "<p>TEST de saisie de motifs pour cette d&eacute;rogation</p>\r\n",
    "type_paragraph": "",
    "text_specific_paragraph": "<p><strong>L&rsquo;&eacute;tudiant n&rsquo;ayant pas valid&eacute; sa premi&egrave;re ann&eacute;e de master p...&nbsp; C&#39;EST LA REGLE DEROGATOIRE !!!</strong></p>\r\n",
    "code_year": 2016,
    "rule_gen_id": 2
  }
},
{
  "pk": 75,
  "model": "training.specificparagraph",
  "fields": {
    "training": 13,
    "paragraph_gen_id": 119,
    "text_motiv": "<p>Excellence de la formation</p>\r\n",
    "type_paragraph": "",
    "text_specific_paragraph": "<p>Les notes sup&eacute;rieures ou &eacute;gales &agrave; <u><strong>15/20</strong></u> obtenues &agrave; des &eacute;preuves dans des UE non acquises ne sont pas conserv&eacute;es d&rsquo;une ann&eacute;e &agrave; l&rsquo;autre.</p>\r\n",
    "code_year": 2016,
    "rule_gen_id": 18
  }
},
{
  "pk": 7,
  "model": "training.additionalparagraph",
  "fields": {
    "training": 1,
    "code_year": 2015,
    "text_additional_paragraph": "<p>CECI EST UN ESSAI D&#39;ALINEA ADDITIONNEL ! NATH</p>\r\n",
    "rule_gen_id": 3
  }
},
{
  "pk": 29,
  "model": "training.additionalparagraph",
  "fields": {
    "training": 8,
    "code_year": 2015,
    "text_additional_paragraph": "<p>c&#39;est &agrave; cause du CROUS !</p>\r\n",
    "rule_gen_id": 5
  }
},
{
  "pk": 31,
  "model": "training.additionalparagraph",
  "fields": {
    "training": 7,
    "code_year": 2015,
    "text_additional_paragraph": "<p>Pas de pr&eacute;sence obligatoire, faites la grass&#39; mat !</p>\r\n",
    "rule_gen_id": 5
  }
},
{
  "pk": 33,
  "model": "training.additionalparagraph",
  "fields": {
    "training": 6,
    "code_year": 2015,
    "text_additional_paragraph": "<p>Les &eacute;tudiants sont tenus d&#39;assister &agrave; <strong>toutes les s&eacute;ances de travaux dirig&eacute;s</strong>.&nbsp;</p>\r\n\r\n<p>L&#39;absence, le cas &eacute;ch&eacute;ant, doit &ecirc;tre justifi&eacute;e par un certificat m&eacute;dical ou autre document justificateur, dans les<u> cinq jours ouvr&eacute;s</u> suivant la p&eacute;riode d&#39;absence.</p>\r\n",
    "rule_gen_id": 5
  }
},
{
  "pk": 43,
  "model": "training.additionalparagraph",
  "fields": {
    "training": 9,
    "code_year": 2015,
    "text_additional_paragraph": "<p>Alin&eacute;a bidon</p>\r\n",
    "rule_gen_id": 5
  }
},
{
  "pk": 59,
  "model": "training.additionalparagraph",
  "fields": {
    "training": 9,
    "code_year": 2015,
    "text_additional_paragraph": "<p>Test</p>\r\n",
    "rule_gen_id": 78
  }
},
{
  "pk": 71,
  "model": "training.additionalparagraph",
  "fields": {
    "training": 12,
    "code_year": 2016,
    "text_additional_paragraph": "<p>Test</p>\r\n",
    "rule_gen_id": 225
  }
},
{
  "pk": 76,
  "model": "training.additionalparagraph",
  "fields": {
    "training": 4,
    "code_year": 2016,
    "text_additional_paragraph": "<p>CECI EST UN ESSAI D&#39;ALINEA ADDITIONNEL ! NATH 2016/2017</p>\r\n",
    "rule_gen_id": 3
  }
},
{
  "pk": 79,
  "model": "training.additionalparagraph",
  "fields": {
    "training": 4,
    "code_year": 2016,
    "text_additional_paragraph": "<p>Et un petit plus ....ADD</p>\r\n",
    "rule_gen_id": 48
  }
},
{
  "pk": 82,
  "model": "training.additionalparagraph",
  "fields": {
    "training": 5,
    "code_year": 2016,
    "text_additional_paragraph": "<p>ceci est un alinea additionnel IP</p>\r\n",
    "rule_gen_id": 4
  }
},
{
  "pk": 88,
  "model": "training.additionalparagraph",
  "fields": {
    "training": 13,
    "code_year": 2016,
    "text_additional_paragraph": "<p>A voir</p>\r\n",
    "rule_gen_id": 13
  }
},
{
  "pk": 101,
  "model": "training.additionalparagraph",
  "fields": {
    "training": 6,
    "code_year": 2015,
    "text_additional_paragraph": "<p>Les stages ne doivent pas d&eacute;passer 5 mois et 7 jours.</p>\r\n",
    "rule_gen_id": 78
  }
},
{
  "pk": 104,
  "model": "training.additionalparagraph",
  "fields": {
    "training": 7,
    "code_year": 2015,
    "text_additional_paragraph": "<p>Et &agrave; partir de 2/20 pour les gens sympas.</p>\r\n",
    "rule_gen_id": 18
  }
},
{
  "pk": 105,
  "model": "training.additionalparagraph",
  "fields": {
    "training": 13,
    "code_year": 2016,
    "text_additional_paragraph": "<p>Pas de pr&eacute;sence obligatoire, faites la grass&#39; mat !</p>\r\n",
    "rule_gen_id": 5
  }
},
{
  "pk": 106,
  "model": "training.additionalparagraph",
  "fields": {
    "training": 13,
    "code_year": 2016,
    "text_additional_paragraph": "<p>Et &agrave; partir de 2/20 pour les gens sympas.</p>\r\n",
    "rule_gen_id": 18
  }
},
{
  "pk": 1,
  "model": "auth.permission",
  "fields": {
    "content_type": 1,
    "codename": "add_permission",
    "name": "Can add permission"
  }
},
{
  "pk": 2,
  "model": "auth.permission",
  "fields": {
    "content_type": 1,
    "codename": "change_permission",
    "name": "Can change permission"
  }
},
{
  "pk": 3,
  "model": "auth.permission",
  "fields": {
    "content_type": 1,
    "codename": "delete_permission",
    "name": "Can delete permission"
  }
},
{
  "pk": 4,
  "model": "auth.permission",
  "fields": {
    "content_type": 2,
    "codename": "add_group",
    "name": "Can add group"
  }
},
{
  "pk": 5,
  "model": "auth.permission",
  "fields": {
    "content_type": 2,
    "codename": "change_group",
    "name": "Can change group"
  }
},
{
  "pk": 6,
  "model": "auth.permission",
  "fields": {
    "content_type": 2,
    "codename": "delete_group",
    "name": "Can delete group"
  }
},
{
  "pk": 7,
  "model": "auth.permission",
  "fields": {
    "content_type": 3,
    "codename": "add_user",
    "name": "Can add user"
  }
},
{
  "pk": 8,
  "model": "auth.permission",
  "fields": {
    "content_type": 3,
    "codename": "change_user",
    "name": "Can change user"
  }
},
{
  "pk": 9,
  "model": "auth.permission",
  "fields": {
    "content_type": 3,
    "codename": "delete_user",
    "name": "Can delete user"
  }
},
{
  "pk": 10,
  "model": "auth.permission",
  "fields": {
    "content_type": 4,
    "codename": "add_contenttype",
    "name": "Can add content type"
  }
},
{
  "pk": 11,
  "model": "auth.permission",
  "fields": {
    "content_type": 4,
    "codename": "change_contenttype",
    "name": "Can change content type"
  }
},
{
  "pk": 12,
  "model": "auth.permission",
  "fields": {
    "content_type": 4,
    "codename": "delete_contenttype",
    "name": "Can delete content type"
  }
},
{
  "pk": 13,
  "model": "auth.permission",
  "fields": {
    "content_type": 5,
    "codename": "add_session",
    "name": "Can add session"
  }
},
{
  "pk": 14,
  "model": "auth.permission",
  "fields": {
    "content_type": 5,
    "codename": "change_session",
    "name": "Can change session"
  }
},
{
  "pk": 15,
  "model": "auth.permission",
  "fields": {
    "content_type": 5,
    "codename": "delete_session",
    "name": "Can delete session"
  }
},
{
  "pk": 16,
  "model": "auth.permission",
  "fields": {
    "content_type": 6,
    "codename": "add_site",
    "name": "Can add site"
  }
},
{
  "pk": 17,
  "model": "auth.permission",
  "fields": {
    "content_type": 6,
    "codename": "change_site",
    "name": "Can change site"
  }
},
{
  "pk": 18,
  "model": "auth.permission",
  "fields": {
    "content_type": 6,
    "codename": "delete_site",
    "name": "Can delete site"
  }
},
{
  "pk": 19,
  "model": "auth.permission",
  "fields": {
    "content_type": 7,
    "codename": "add_logentry",
    "name": "Can add log entry"
  }
},
{
  "pk": 20,
  "model": "auth.permission",
  "fields": {
    "content_type": 7,
    "codename": "change_logentry",
    "name": "Can change log entry"
  }
},
{
  "pk": 21,
  "model": "auth.permission",
  "fields": {
    "content_type": 7,
    "codename": "delete_logentry",
    "name": "Can delete log entry"
  }
},
{
  "pk": 22,
  "model": "auth.permission",
  "fields": {
    "content_type": 8,
    "codename": "add_tgt",
    "name": "Can add tgt"
  }
},
{
  "pk": 23,
  "model": "auth.permission",
  "fields": {
    "content_type": 8,
    "codename": "change_tgt",
    "name": "Can change tgt"
  }
},
{
  "pk": 24,
  "model": "auth.permission",
  "fields": {
    "content_type": 8,
    "codename": "delete_tgt",
    "name": "Can delete tgt"
  }
},
{
  "pk": 25,
  "model": "auth.permission",
  "fields": {
    "content_type": 9,
    "codename": "add_pgtiou",
    "name": "Can add pgt iou"
  }
},
{
  "pk": 26,
  "model": "auth.permission",
  "fields": {
    "content_type": 9,
    "codename": "change_pgtiou",
    "name": "Can change pgt iou"
  }
},
{
  "pk": 27,
  "model": "auth.permission",
  "fields": {
    "content_type": 9,
    "codename": "delete_pgtiou",
    "name": "Can delete pgt iou"
  }
},
{
  "pk": 28,
  "model": "auth.permission",
  "fields": {
    "content_type": 10,
    "codename": "add_sessionserviceticket",
    "name": "Can add session service ticket"
  }
},
{
  "pk": 29,
  "model": "auth.permission",
  "fields": {
    "content_type": 10,
    "codename": "change_sessionserviceticket",
    "name": "Can change session service ticket"
  }
},
{
  "pk": 30,
  "model": "auth.permission",
  "fields": {
    "content_type": 10,
    "codename": "delete_sessionserviceticket",
    "name": "Can delete session service ticket"
  }
},
{
  "pk": 31,
  "model": "auth.permission",
  "fields": {
    "content_type": 11,
    "codename": "add_ecicommissionmember",
    "name": "Can add eci commission member"
  }
},
{
  "pk": 32,
  "model": "auth.permission",
  "fields": {
    "content_type": 11,
    "codename": "change_ecicommissionmember",
    "name": "Can change eci commission member"
  }
},
{
  "pk": 33,
  "model": "auth.permission",
  "fields": {
    "content_type": 11,
    "codename": "delete_ecicommissionmember",
    "name": "Can delete eci commission member"
  }
},
{
  "pk": 34,
  "model": "auth.permission",
  "fields": {
    "content_type": 11,
    "codename": "can_view_eci_commission_member",
    "name": "Peut voir les membres de la commission ECI"
  }
},
{
  "pk": 35,
  "model": "auth.permission",
  "fields": {
    "content_type": 12,
    "codename": "add_degreetype",
    "name": "Can add degree type"
  }
},
{
  "pk": 36,
  "model": "auth.permission",
  "fields": {
    "content_type": 12,
    "codename": "change_degreetype",
    "name": "Can change degree type"
  }
},
{
  "pk": 37,
  "model": "auth.permission",
  "fields": {
    "content_type": 12,
    "codename": "delete_degreetype",
    "name": "Can delete degree type"
  }
},
{
  "pk": 38,
  "model": "auth.permission",
  "fields": {
    "content_type": 12,
    "codename": "can_view_degree_type",
    "name": "Peut voir les types de dipl\u00f4me"
  }
},
{
  "pk": 39,
  "model": "auth.permission",
  "fields": {
    "content_type": 13,
    "codename": "add_degree",
    "name": "Can add degree"
  }
},
{
  "pk": 40,
  "model": "auth.permission",
  "fields": {
    "content_type": 13,
    "codename": "change_degree",
    "name": "Can change degree"
  }
},
{
  "pk": 41,
  "model": "auth.permission",
  "fields": {
    "content_type": 13,
    "codename": "delete_degree",
    "name": "Can delete degree"
  }
},
{
  "pk": 42,
  "model": "auth.permission",
  "fields": {
    "content_type": 14,
    "codename": "add_academicfield",
    "name": "Can add academic field"
  }
},
{
  "pk": 43,
  "model": "auth.permission",
  "fields": {
    "content_type": 14,
    "codename": "change_academicfield",
    "name": "Can change academic field"
  }
},
{
  "pk": 44,
  "model": "auth.permission",
  "fields": {
    "content_type": 14,
    "codename": "delete_academicfield",
    "name": "Can delete academic field"
  }
},
{
  "pk": 45,
  "model": "auth.permission",
  "fields": {
    "content_type": 15,
    "codename": "add_institute",
    "name": "Can add institute"
  }
},
{
  "pk": 46,
  "model": "auth.permission",
  "fields": {
    "content_type": 15,
    "codename": "change_institute",
    "name": "Can change institute"
  }
},
{
  "pk": 47,
  "model": "auth.permission",
  "fields": {
    "content_type": 15,
    "codename": "delete_institute",
    "name": "Can delete institute"
  }
},
{
  "pk": 48,
  "model": "auth.permission",
  "fields": {
    "content_type": 15,
    "codename": "can_view_institute",
    "name": "Peut voir les composantes"
  }
},
{
  "pk": 49,
  "model": "auth.permission",
  "fields": {
    "content_type": 16,
    "codename": "add_instituteyear",
    "name": "Can add institute year"
  }
},
{
  "pk": 50,
  "model": "auth.permission",
  "fields": {
    "content_type": 16,
    "codename": "change_instituteyear",
    "name": "Can change institute year"
  }
},
{
  "pk": 51,
  "model": "auth.permission",
  "fields": {
    "content_type": 16,
    "codename": "delete_instituteyear",
    "name": "Can delete institute year"
  }
},
{
  "pk": 52,
  "model": "auth.permission",
  "fields": {
    "content_type": 17,
    "codename": "add_universityyear",
    "name": "Can add university year"
  }
},
{
  "pk": 53,
  "model": "auth.permission",
  "fields": {
    "content_type": 17,
    "codename": "change_universityyear",
    "name": "Can change university year"
  }
},
{
  "pk": 54,
  "model": "auth.permission",
  "fields": {
    "content_type": 17,
    "codename": "delete_universityyear",
    "name": "Can delete university year"
  }
},
{
  "pk": 55,
  "model": "auth.permission",
  "fields": {
    "content_type": 18,
    "codename": "add_profile",
    "name": "Can add profile"
  }
},
{
  "pk": 56,
  "model": "auth.permission",
  "fields": {
    "content_type": 18,
    "codename": "change_profile",
    "name": "Can change profile"
  }
},
{
  "pk": 57,
  "model": "auth.permission",
  "fields": {
    "content_type": 18,
    "codename": "delete_profile",
    "name": "Can delete profile"
  }
},
{
  "pk": 58,
  "model": "auth.permission",
  "fields": {
    "content_type": 18,
    "codename": "DES1",
    "name": "Donne acc\u00e8s \u00e0 un large panel de fonctionnalit\u00e9"
  }
},
{
  "pk": 59,
  "model": "auth.permission",
  "fields": {
    "content_type": 18,
    "codename": "DES2",
    "name": "Donne acc\u00e8s \u00e0 un panel restreint"
  }
},
{
  "pk": 60,
  "model": "auth.permission",
  "fields": {
    "content_type": 18,
    "codename": "DES3",
    "name": "Peut usurper l'identit\u00e9 des utilisateurs"
  }
},
{
  "pk": 61,
  "model": "auth.permission",
  "fields": {
    "content_type": 19,
    "codename": "add_meccuser",
    "name": "Can add Utilisateur"
  }
},
{
  "pk": 62,
  "model": "auth.permission",
  "fields": {
    "content_type": 19,
    "codename": "change_meccuser",
    "name": "Can change Utilisateur"
  }
},
{
  "pk": 63,
  "model": "auth.permission",
  "fields": {
    "content_type": 19,
    "codename": "delete_meccuser",
    "name": "Can delete Utilisateur"
  }
},
{
  "pk": 64,
  "model": "auth.permission",
  "fields": {
    "content_type": 20,
    "codename": "add_rule",
    "name": "Can add rule"
  }
},
{
  "pk": 65,
  "model": "auth.permission",
  "fields": {
    "content_type": 20,
    "codename": "change_rule",
    "name": "Can change rule"
  }
},
{
  "pk": 66,
  "model": "auth.permission",
  "fields": {
    "content_type": 20,
    "codename": "delete_rule",
    "name": "Can delete rule"
  }
},
{
  "pk": 67,
  "model": "auth.permission",
  "fields": {
    "content_type": 21,
    "codename": "add_paragraph",
    "name": "Can add paragraph"
  }
},
{
  "pk": 68,
  "model": "auth.permission",
  "fields": {
    "content_type": 21,
    "codename": "change_paragraph",
    "name": "Can change paragraph"
  }
},
{
  "pk": 69,
  "model": "auth.permission",
  "fields": {
    "content_type": 21,
    "codename": "delete_paragraph",
    "name": "Can delete paragraph"
  }
},
{
  "pk": 70,
  "model": "auth.permission",
  "fields": {
    "content_type": 22,
    "codename": "add_training",
    "name": "Can add training"
  }
},
{
  "pk": 71,
  "model": "auth.permission",
  "fields": {
    "content_type": 22,
    "codename": "change_training",
    "name": "Can change training"
  }
},
{
  "pk": 72,
  "model": "auth.permission",
  "fields": {
    "content_type": 22,
    "codename": "delete_training",
    "name": "Can delete training"
  }
},
{
  "pk": 73,
  "model": "auth.permission",
  "fields": {
    "content_type": 23,
    "codename": "add_specificparagraph",
    "name": "Can add specific paragraph"
  }
},
{
  "pk": 74,
  "model": "auth.permission",
  "fields": {
    "content_type": 23,
    "codename": "change_specificparagraph",
    "name": "Can change specific paragraph"
  }
},
{
  "pk": 75,
  "model": "auth.permission",
  "fields": {
    "content_type": 23,
    "codename": "delete_specificparagraph",
    "name": "Can delete specific paragraph"
  }
},
{
  "pk": 76,
  "model": "auth.permission",
  "fields": {
    "content_type": 24,
    "codename": "add_additionalparagraph",
    "name": "Can add additional paragraph"
  }
},
{
  "pk": 77,
  "model": "auth.permission",
  "fields": {
    "content_type": 24,
    "codename": "change_additionalparagraph",
    "name": "Can change additional paragraph"
  }
},
{
  "pk": 78,
  "model": "auth.permission",
  "fields": {
    "content_type": 24,
    "codename": "delete_additionalparagraph",
    "name": "Can delete additional paragraph"
  }
},
{
  "pk": 79,
  "model": "auth.permission",
  "fields": {
    "content_type": 25,
    "codename": "add_structureobject",
    "name": "Can add structure object"
  }
},
{
  "pk": 80,
  "model": "auth.permission",
  "fields": {
    "content_type": 25,
    "codename": "change_structureobject",
    "name": "Can change structure object"
  }
},
{
  "pk": 81,
  "model": "auth.permission",
  "fields": {
    "content_type": 25,
    "codename": "delete_structureobject",
    "name": "Can delete structure object"
  }
},
{
  "pk": 82,
  "model": "auth.permission",
  "fields": {
    "content_type": 26,
    "codename": "add_objectslink",
    "name": "Can add objects link"
  }
},
{
  "pk": 83,
  "model": "auth.permission",
  "fields": {
    "content_type": 26,
    "codename": "change_objectslink",
    "name": "Can change objects link"
  }
},
{
  "pk": 84,
  "model": "auth.permission",
  "fields": {
    "content_type": 26,
    "codename": "delete_objectslink",
    "name": "Can delete objects link"
  }
},
{
  "pk": 85,
  "model": "auth.permission",
  "fields": {
    "content_type": 27,
    "codename": "add_exam",
    "name": "Can add exam"
  }
},
{
  "pk": 86,
  "model": "auth.permission",
  "fields": {
    "content_type": 27,
    "codename": "change_exam",
    "name": "Can change exam"
  }
},
{
  "pk": 87,
  "model": "auth.permission",
  "fields": {
    "content_type": 27,
    "codename": "delete_exam",
    "name": "Can delete exam"
  }
},
{
  "pk": 1,
  "model": "auth.group",
  "fields": {
    "permissions": [
      67
    ],
    "name": "DES1"
  }
},
{
  "pk": 2,
  "model": "auth.group",
  "fields": {
    "permissions": [
      68
    ],
    "name": "DES2"
  }
},
{
  "pk": 3,
  "model": "auth.group",
  "fields": {
    "permissions": [
      69
    ],
    "name": "DES3"
  }
},
{
  "pk": 4,
  "model": "auth.group",
  "fields": {
    "permissions": [
      70
    ],
    "name": "VP"
  }
},
{
  "pk": 1,
  "model": "auth.user",
  "fields": {
    "groups": [],
    "is_superuser": true,
    "date_joined": "2016-03-01T11:52:40.697Z",
    "username": "ibis.ismail",
    "last_name": "ISMAIL",
    "user_permissions": [],
    "last_login": "2017-02-28T13:57:41.138Z",
    "is_staff": true,
    "password": "",
    "is_active": true,
    "first_name": "Ibis",
    "email": "ibis.ismail@unistra.fr"
  }
},
{
  "pk": 4,
  "model": "auth.user",
  "fields": {
    "groups": [],
    "is_superuser": true,
    "date_joined": "2016-03-01T12:00:08.149Z",
    "username": "weible",
    "last_name": "WEIBLE",
    "user_permissions": [],
    "last_login": "2017-02-28T13:40:42.021Z",
    "is_staff": true,
    "password": "",
    "is_active": true,
    "first_name": "Nathalie",
    "email": "weible@unistra.fr"
  }
},
{
  "pk": 54,
  "model": "auth.user",
  "fields": {
    "groups": [],
    "is_superuser": false,
    "date_joined": "2016-09-12T10:00:57.617Z",
    "username": "brigitte.got",
    "last_name": "GOT",
    "user_permissions": [],
    "last_login": "2017-01-11T14:23:45.196Z",
    "is_staff": false,
    "password": "",
    "is_active": true,
    "first_name": "Brigitte",
    "email": "brigitte.got@unistra.fr"
  }
},
{
  "pk": 55,
  "model": "auth.user",
  "fields": {
    "groups": [],
    "is_superuser": false,
    "date_joined": "2016-09-12T10:00:58.296Z",
    "username": "planeix",
    "last_name": "PLANEIX",
    "user_permissions": [],
    "last_login": "2017-02-28T13:39:29.036Z",
    "is_staff": false,
    "password": "",
    "is_active": true,
    "first_name": "Jean-Marc",
    "email": "planeix@unistra.fr"
  }
},
{
  "pk": 59,
  "model": "auth.user",
  "fields": {
    "groups": [],
    "is_superuser": false,
    "date_joined": "2016-09-12T10:03:11.870Z",
    "username": "thierry.rosique",
    "last_name": "ROSIQUE",
    "user_permissions": [],
    "last_login": null,
    "is_staff": false,
    "password": "",
    "is_active": true,
    "first_name": "Thierry",
    "email": "thierry.rosique@unistra.fr"
  }
},
{
  "pk": 60,
  "model": "auth.user",
  "fields": {
    "groups": [
      3
    ],
    "is_superuser": false,
    "date_joined": "2016-09-12T10:04:55.928Z",
    "username": "DES3",
    "last_name": "",
    "user_permissions": [],
    "last_login": null,
    "is_staff": false,
    "password": "pbkdf2_sha256$20000$ccQTIStTM72i$oNOjP1HRAmf8snvRErqbz7S1b83hpxI2dMOHcPlpE3k=",
    "is_active": true,
    "first_name": "",
    "email": ""
  }
},
{
  "pk": 82,
  "model": "auth.user",
  "fields": {
    "groups": [
      2,
      3
    ],
    "is_superuser": false,
    "date_joined": "2016-09-12T15:36:00.686Z",
    "username": "k.bertrand",
    "last_name": "BERTRAND",
    "user_permissions": [],
    "last_login": "2017-01-11T10:51:53.433Z",
    "is_staff": false,
    "password": "pbkdf2_sha256$20000$s2qqLWtwK9AD$ThxBMuBaGFEc7YKc14EAeb9F/6E0e6stWRVZkf7m4Hw=",
    "is_active": true,
    "first_name": "Kathalyne",
    "email": "kathalyne.bertrand@unistra.fr"
  }
},
{
  "pk": 83,
  "model": "auth.user",
  "fields": {
    "groups": [],
    "is_superuser": false,
    "date_joined": "2016-09-12T15:44:10.041Z",
    "username": "vuilleumier",
    "last_name": "VUILLEUMIER",
    "user_permissions": [],
    "last_login": "2016-12-07T13:38:15.574Z",
    "is_staff": false,
    "password": "",
    "is_active": true,
    "first_name": "St\u00e9phane",
    "email": "vuilleumier@unistra.fr"
  }
},
{
  "pk": 84,
  "model": "auth.user",
  "fields": {
    "groups": [],
    "is_superuser": false,
    "date_joined": "2016-09-12T15:47:09.961Z",
    "username": "vberl",
    "last_name": "BERL BAUDER (BERL)",
    "user_permissions": [],
    "last_login": "2016-11-21T13:50:20.889Z",
    "is_staff": false,
    "password": "",
    "is_active": true,
    "first_name": "Valerie",
    "email": "vberl@unistra.fr"
  }
},
{
  "pk": 113,
  "model": "auth.user",
  "fields": {
    "groups": [],
    "is_superuser": false,
    "date_joined": "2016-09-16T10:12:23.746Z",
    "username": "plitzler",
    "last_name": "LITZLER",
    "user_permissions": [],
    "last_login": "2016-09-21T13:24:25.013Z",
    "is_staff": false,
    "password": "",
    "is_active": true,
    "first_name": "Pierre",
    "email": "plitzler@unistra.fr"
  }
},
{
  "pk": 122,
  "model": "auth.user",
  "fields": {
    "groups": [],
    "is_superuser": false,
    "date_joined": "2016-09-19T08:36:45.840Z",
    "username": "grout",
    "last_name": "GROUT",
    "user_permissions": [],
    "last_login": "2016-09-19T14:38:20.593Z",
    "is_staff": false,
    "password": "",
    "is_active": true,
    "first_name": "Nathalie",
    "email": "grout@unistra.fr"
  }
},
{
  "pk": 152,
  "model": "auth.user",
  "fields": {
    "groups": [],
    "is_superuser": false,
    "date_joined": "2016-09-20T08:29:05.415Z",
    "username": "marierose.durand",
    "last_name": "DURAND",
    "user_permissions": [],
    "last_login": null,
    "is_staff": false,
    "password": "!rgqSQnEKQzJ8MkV6YMuqfmDFwavbPo3eBLk6jKbz",
    "is_active": true,
    "first_name": "Marie-Rose",
    "email": "marierose.durand@unistra.fr"
  }
},
{
  "pk": 158,
  "model": "auth.user",
  "fields": {
    "groups": [],
    "is_superuser": false,
    "date_joined": "2016-09-22T12:14:32.109Z",
    "username": "v.fritsch",
    "last_name": "FRITSCH-NOIRARD(FRITSCH)",
    "user_permissions": [],
    "last_login": null,
    "is_staff": false,
    "password": "!LtVY89RNdtpBqxUt41HIWaGZqOFZhNMDXv9g2VA4",
    "is_active": true,
    "first_name": "Valerie",
    "email": "v.fritsch@unistra.fr"
  }
},
{
  "pk": 159,
  "model": "auth.user",
  "fields": {
    "groups": [],
    "is_superuser": false,
    "date_joined": "2016-09-22T12:14:53.104Z",
    "username": "gerb",
    "last_name": "ERB",
    "user_permissions": [],
    "last_login": null,
    "is_staff": false,
    "password": "!cGNoMo53zjpO6S7cxyvGrlrXWVasIInKfkwWuzra",
    "is_active": true,
    "first_name": "Gilles",
    "email": "gerb@unistra.fr"
  }
},
{
  "pk": 161,
  "model": "auth.user",
  "fields": {
    "groups": [],
    "is_superuser": false,
    "date_joined": "2016-09-22T12:17:11.575Z",
    "username": "agnes.vogt",
    "last_name": "VOGT",
    "user_permissions": [],
    "last_login": null,
    "is_staff": false,
    "password": "!hDA0aeTcbblEghdWzxW57BW7jhUyDB1UI7B5o2On",
    "is_active": true,
    "first_name": "Agnes",
    "email": "agnes.vogt@unistra.fr"
  }
},
{
  "pk": 162,
  "model": "auth.user",
  "fields": {
    "groups": [],
    "is_superuser": false,
    "date_joined": "2016-09-22T12:17:21.828Z",
    "username": "nathalie.rueff",
    "last_name": "RUEFF",
    "user_permissions": [],
    "last_login": null,
    "is_staff": false,
    "password": "!sWST6SwbvxUspbGEIEVUD6cHvgjcRMq5THLQnr0r",
    "is_active": true,
    "first_name": "Nathalie",
    "email": "nathalie.rueff@unistra.fr"
  }
},
{
  "pk": 167,
  "model": "auth.user",
  "fields": {
    "groups": [],
    "is_superuser": false,
    "date_joined": "2016-09-23T08:07:06.200Z",
    "username": "ygerber",
    "last_name": "GERBER",
    "user_permissions": [],
    "last_login": null,
    "is_staff": false,
    "password": "!T858uKrJ50jjr3lSMMz8wW7cNIsBK2JHVqv1oh0z",
    "is_active": true,
    "first_name": "Yohan",
    "email": "yohan.gerber@etu.unistra.fr"
  }
},
{
  "pk": 168,
  "model": "auth.user",
  "fields": {
    "groups": [],
    "is_superuser": false,
    "date_joined": "2016-09-23T08:07:45.681Z",
    "username": "chargui",
    "last_name": "CHARGUI",
    "user_permissions": [],
    "last_login": null,
    "is_staff": false,
    "password": "!FRHrna7tBGAgRLPj7SwVKBcV9lsbqex3zLCgnDi7",
    "is_active": true,
    "first_name": "Mohamed",
    "email": "chargui@unistra.fr"
  }
},
{
  "pk": 169,
  "model": "auth.user",
  "fields": {
    "groups": [
      4
    ],
    "is_superuser": false,
    "date_joined": "2016-09-23T08:08:24.870Z",
    "username": "gauer",
    "last_name": "GAUER",
    "user_permissions": [],
    "last_login": "2016-10-12T12:36:27.389Z",
    "is_staff": false,
    "password": "!zHtnRZgoXMCKSkg7GBi9Rus3mek78jOLhPWqiaqm",
    "is_active": true,
    "first_name": "Francois",
    "email": "gauer@inci-cnrs.unistra.fr"
  }
},
{
  "pk": 170,
  "model": "auth.user",
  "fields": {
    "groups": [],
    "is_superuser": false,
    "date_joined": "2016-09-23T08:20:32.126Z",
    "username": "m.laheurte",
    "last_name": "LAHEURTE",
    "user_permissions": [],
    "last_login": null,
    "is_staff": false,
    "password": "",
    "is_active": true,
    "first_name": "Micheline",
    "email": "micheline.laheurte@unistra.fr"
  }
},
{
  "pk": 171,
  "model": "auth.user",
  "fields": {
    "groups": [],
    "is_superuser": false,
    "date_joined": "2016-09-23T08:20:32.323Z",
    "username": "bgenton",
    "last_name": "GENTON",
    "user_permissions": [],
    "last_login": "2016-09-23T09:38:11.455Z",
    "is_staff": false,
    "password": "",
    "is_active": true,
    "first_name": "Bernard",
    "email": "bgenton@unistra.fr"
  }
},
{
  "pk": 173,
  "model": "auth.user",
  "fields": {
    "groups": [],
    "is_superuser": false,
    "date_joined": "2016-09-23T08:21:07.610Z",
    "username": "tgrass",
    "last_name": "GRASS",
    "user_permissions": [],
    "last_login": null,
    "is_staff": false,
    "password": "",
    "is_active": true,
    "first_name": "Thierry",
    "email": "tgrass@unistra.fr"
  }
},
{
  "pk": 174,
  "model": "auth.user",
  "fields": {
    "groups": [],
    "is_superuser": false,
    "date_joined": "2016-09-23T08:21:26.978Z",
    "username": "cjung",
    "last_name": "JUNG",
    "user_permissions": [],
    "last_login": null,
    "is_staff": false,
    "password": "",
    "is_active": true,
    "first_name": "Claudine",
    "email": "cjung@unistra.fr"
  }
},
{
  "pk": 175,
  "model": "auth.user",
  "fields": {
    "groups": [],
    "is_superuser": false,
    "date_joined": "2016-09-23T08:21:27.148Z",
    "username": "chapot",
    "last_name": "CHAPOT",
    "user_permissions": [],
    "last_login": "2016-09-23T09:17:50.695Z",
    "is_staff": false,
    "password": "",
    "is_active": true,
    "first_name": "Frederic",
    "email": "chapot@unistra.fr"
  }
},
{
  "pk": 176,
  "model": "auth.user",
  "fields": {
    "groups": [],
    "is_superuser": false,
    "date_joined": "2016-09-23T08:24:29.320Z",
    "username": "stephane.thomas",
    "last_name": "THOMAS",
    "user_permissions": [],
    "last_login": null,
    "is_staff": false,
    "password": "",
    "is_active": true,
    "first_name": "St\u00e9phane",
    "email": "stephane.thomas@ceipi.edu"
  }
},
{
  "pk": 177,
  "model": "auth.user",
  "fields": {
    "groups": [],
    "is_superuser": false,
    "date_joined": "2016-09-23T08:24:29.505Z",
    "username": "ch.geiger",
    "last_name": "GEIGER",
    "user_permissions": [],
    "last_login": null,
    "is_staff": false,
    "password": "",
    "is_active": true,
    "first_name": "Christophe",
    "email": "christophe.geiger@ceipi.edu"
  }
},
{
  "pk": 178,
  "model": "auth.user",
  "fields": {
    "groups": [],
    "is_superuser": false,
    "date_joined": "2016-09-23T08:25:07.731Z",
    "username": "gauthierboos",
    "last_name": "GAUTHIER-BOOS",
    "user_permissions": [],
    "last_login": null,
    "is_staff": false,
    "password": "",
    "is_active": true,
    "first_name": "Christine",
    "email": "christine.gauthier-boos@cuej.unistra.fr"
  }
},
{
  "pk": 179,
  "model": "auth.user",
  "fields": {
    "groups": [],
    "is_superuser": false,
    "date_joined": "2016-09-23T08:25:36.989Z",
    "username": "catherine.hmae",
    "last_name": "HMAE",
    "user_permissions": [],
    "last_login": null,
    "is_staff": false,
    "password": "",
    "is_active": true,
    "first_name": "Catherine",
    "email": "catherine.hmae@unistra.fr"
  }
},
{
  "pk": 180,
  "model": "auth.user",
  "fields": {
    "groups": [],
    "is_superuser": false,
    "date_joined": "2016-09-23T08:25:37.206Z",
    "username": "gabriel.eckert",
    "last_name": "ECKERT",
    "user_permissions": [],
    "last_login": null,
    "is_staff": false,
    "password": "",
    "is_active": true,
    "first_name": "Gabriel",
    "email": "gabriel.eckert@unistra.fr"
  }
},
{
  "pk": 181,
  "model": "auth.user",
  "fields": {
    "groups": [],
    "is_superuser": false,
    "date_joined": "2016-09-23T08:41:49.978Z",
    "username": "j.tufferyandrieu",
    "last_name": "TUFFERY-ANDRIEU",
    "user_permissions": [],
    "last_login": null,
    "is_staff": false,
    "password": "",
    "is_active": true,
    "first_name": "Jeanne-Marie",
    "email": "j.tufferyandrieu@unistra.fr"
  }
},
{
  "pk": 182,
  "model": "auth.user",
  "fields": {
    "groups": [],
    "is_superuser": false,
    "date_joined": "2016-09-23T09:04:20.414Z",
    "username": "alamuller",
    "last_name": "MULLER",
    "user_permissions": [],
    "last_login": "2016-11-22T10:57:04.991Z",
    "is_staff": false,
    "password": "",
    "is_active": true,
    "first_name": "Alain",
    "email": "alain.muller@unistra.fr"
  }
},
{
  "pk": 183,
  "model": "auth.user",
  "fields": {
    "groups": [],
    "is_superuser": false,
    "date_joined": "2016-09-23T09:04:20.642Z",
    "username": "gies",
    "last_name": "GIES",
    "user_permissions": [],
    "last_login": "2016-10-21T09:30:10.068Z",
    "is_staff": false,
    "password": "",
    "is_active": true,
    "first_name": "Jean-Pierre",
    "email": "gies@unistra.fr"
  }
},
{
  "pk": 186,
  "model": "auth.user",
  "fields": {
    "groups": [],
    "is_superuser": false,
    "date_joined": "2016-09-23T09:19:36.274Z",
    "username": "lbourel",
    "last_name": "BOUREL",
    "user_permissions": [],
    "last_login": null,
    "is_staff": false,
    "password": "!JKJ7ympnlIBk6RWv1m66cpzJl6iUNKowTxQedrcq",
    "is_active": true,
    "first_name": "Line",
    "email": "peggy.meyer@unistra.fr"
  }
},
{
  "pk": 188,
  "model": "auth.user",
  "fields": {
    "groups": [],
    "is_superuser": false,
    "date_joined": "2016-09-23T09:20:15.054Z",
    "username": "yves.lehmann",
    "last_name": "LEHMANN",
    "user_permissions": [],
    "last_login": null,
    "is_staff": false,
    "password": "!P9gewggMA3uUUs7WQTB3yXV5TnUFUeLhbQFYCIJ6",
    "is_active": true,
    "first_name": "Yves",
    "email": "yves.lehmann@unistra.fr"
  }
},
{
  "pk": 189,
  "model": "auth.user",
  "fields": {
    "groups": [],
    "is_superuser": false,
    "date_joined": "2016-09-23T09:20:49.573Z",
    "username": "jaffre",
    "last_name": "JAFFRE",
    "user_permissions": [],
    "last_login": null,
    "is_staff": false,
    "password": "!CiQlLXNTfN32iPhQljJLxAVtivfhnZjqvhJKIBZN",
    "is_active": true,
    "first_name": "Severine",
    "email": "jaffre@unistra.fr"
  }
},
{
  "pk": 190,
  "model": "auth.user",
  "fields": {
    "groups": [],
    "is_superuser": false,
    "date_joined": "2016-09-23T09:21:16.412Z",
    "username": "garnier",
    "last_name": "GARNIER",
    "user_permissions": [],
    "last_login": null,
    "is_staff": false,
    "password": "!ItxAUBfjxS3yMk9t7TidmTxCOZuiufXEJFE3Ta8t",
    "is_active": true,
    "first_name": "Aurore",
    "email": "garnier@unistra.fr"
  }
},
{
  "pk": 194,
  "model": "auth.user",
  "fields": {
    "groups": [],
    "is_superuser": false,
    "date_joined": "2016-09-23T09:25:54.020Z",
    "username": "rbaudin",
    "last_name": "BAUDIN",
    "user_permissions": [],
    "last_login": null,
    "is_staff": false,
    "password": "!OG0SY6qmqyzfpv5BGi0eJNKuoewgxEBTvPc2uZvL",
    "is_active": true,
    "first_name": "Rodolphe",
    "email": "rodolphebaudin@unistra.fr"
  }
},
{
  "pk": 198,
  "model": "auth.user",
  "fields": {
    "groups": [],
    "is_superuser": false,
    "date_joined": "2016-09-23T09:31:28.347Z",
    "username": "s.friedrich",
    "last_name": "FRIEDRICH",
    "user_permissions": [],
    "last_login": null,
    "is_staff": false,
    "password": "!zOxQlZrGEg7Egt2sEtrUGsj5jno2lmfvcO1w7fij",
    "is_active": true,
    "first_name": "Stephanie",
    "email": "s.friedrich@unistra.fr"
  }
},
{
  "pk": 199,
  "model": "auth.user",
  "fields": {
    "groups": [],
    "is_superuser": false,
    "date_joined": "2016-09-23T09:32:03.887Z",
    "username": "peggy.meyer",
    "last_name": "MEYER",
    "user_permissions": [],
    "last_login": null,
    "is_staff": false,
    "password": "!b9K88PDLiwwM0yJxYcXP5TOdYgF5wLk3HkPN1Voe",
    "is_active": true,
    "first_name": "Peggy",
    "email": "peggy.meyer@unistra.fr"
  }
},
{
  "pk": 201,
  "model": "auth.user",
  "fields": {
    "groups": [],
    "is_superuser": false,
    "date_joined": "2016-10-06T08:55:09.134Z",
    "username": "jeanine.birkel",
    "last_name": "BIRKEL",
    "user_permissions": [],
    "last_login": "2017-02-15T09:22:49.412Z",
    "is_staff": false,
    "password": "!R2ei9GWaVY2y3ahdxvfP8FfNeRMpgSvjAyVNPPJA",
    "is_active": true,
    "first_name": "Jeanine",
    "email": "jeanine.birkel@unistra.fr"
  }
},
{
  "pk": 207,
  "model": "auth.user",
  "fields": {
    "groups": [
      1,
      3
    ],
    "is_superuser": false,
    "date_joined": "2016-10-10T10:35:11.806Z",
    "username": "chinetti",
    "last_name": "CHINETTI",
    "user_permissions": [],
    "last_login": "2017-02-07T17:40:28.357Z",
    "is_staff": false,
    "password": "pbkdf2_sha256$20000$sSQL9psITMss$HHc1RGeeibRSB2qEcpuhaTrmLGF/RNqTwiP3aZN0/eo=",
    "is_active": true,
    "first_name": "Marie-Alexandra",
    "email": "chinetti@unistra.fr"
  }
},
{
  "pk": 214,
  "model": "auth.user",
  "fields": {
    "groups": [],
    "is_superuser": false,
    "date_joined": "2016-10-10T15:25:52.497Z",
    "username": "iismail",
    "last_name": "ISMAIL",
    "user_permissions": [],
    "last_login": null,
    "is_staff": false,
    "password": "",
    "is_active": true,
    "first_name": "Imad",
    "email": "iismail@unistra.fr"
  }
},
{
  "pk": 217,
  "model": "auth.user",
  "fields": {
    "groups": [],
    "is_superuser": false,
    "date_joined": "2016-10-21T09:15:30.055Z",
    "username": "rschurhammer",
    "last_name": "SCHURHAMMER",
    "user_permissions": [],
    "last_login": null,
    "is_staff": false,
    "password": "!mEVPUGSH2cOxPHTZhsxUcQpm46a2ONnrTHK93BDW",
    "is_active": true,
    "first_name": "Rachel",
    "email": "rschurhammer@unistra.fr"
  }
},
{
  "pk": 220,
  "model": "auth.user",
  "fields": {
    "groups": [],
    "is_superuser": true,
    "date_joined": "2016-11-15T09:08:17.862Z",
    "username": "baguet",
    "last_name": "",
    "user_permissions": [],
    "last_login": "2017-01-11T13:23:17.149Z",
    "is_staff": true,
    "password": "!UFXxyPhGAy7bnCIO8kwZJxX6MWpBMgSCsGSRBRe0",
    "is_active": true,
    "first_name": "",
    "email": ""
  }
},
{
  "pk": 221,
  "model": "auth.user",
  "fields": {
    "groups": [
      3
    ],
    "is_superuser": false,
    "date_joined": "2016-11-18T13:00:39.196Z",
    "username": "b.pinard",
    "last_name": "PINARD",
    "user_permissions": [],
    "last_login": "2016-12-12T09:04:00.127Z",
    "is_staff": false,
    "password": "!WrztaPO3svrQURENyHJszuEIl3i7GhNmgqzJn0go",
    "is_active": true,
    "first_name": "Bertrand",
    "email": "b.pinard@unistra.fr"
  }
},
{
  "pk": 223,
  "model": "auth.user",
  "fields": {
    "groups": [
      3
    ],
    "is_superuser": false,
    "date_joined": "2016-11-21T13:54:39.466Z",
    "username": "nathalie.ostre",
    "last_name": "",
    "user_permissions": [],
    "last_login": "2017-01-31T14:05:17.323Z",
    "is_staff": false,
    "password": "!VTH2GVEICjuySVWFxfm2gSLeoeupeapPG82yFjg0",
    "is_active": true,
    "first_name": "",
    "email": ""
  }
},
{
  "pk": 224,
  "model": "auth.user",
  "fields": {
    "groups": [],
    "is_superuser": false,
    "date_joined": "2016-11-22T08:53:00.016Z",
    "username": "test2",
    "last_name": "",
    "user_permissions": [],
    "last_login": null,
    "is_staff": false,
    "password": "pbkdf2_sha256$20000$qyFwuwvQaJFI$9D6CHqL5pexu7fc1gonQ7OMZo2haEGmW/NPwkR8TBI8=",
    "is_active": true,
    "first_name": "",
    "email": ""
  }
},
{
  "pk": 225,
  "model": "auth.user",
  "fields": {
    "groups": [
      2,
      3
    ],
    "is_superuser": false,
    "date_joined": "2016-11-22T12:07:13.392Z",
    "username": "eguidat",
    "last_name": "",
    "user_permissions": [],
    "last_login": "2016-12-15T10:16:24.536Z",
    "is_staff": false,
    "password": "pbkdf2_sha256$20000$CzzCHQJDMRF2$pC9MNe4eM2OI4mKyxxBh76yc+aK3kGF+i6XD241vzug=",
    "is_active": true,
    "first_name": "",
    "email": ""
  }
},
{
  "pk": 226,
  "model": "auth.user",
  "fields": {
    "groups": [],
    "is_superuser": false,
    "date_joined": "2016-12-12T08:22:01.474Z",
    "username": "sguillon",
    "last_name": "GUILLON",
    "user_permissions": [],
    "last_login": null,
    "is_staff": false,
    "password": "",
    "is_active": true,
    "first_name": "St\u00e9phane",
    "email": "sguillon@unistra.fr"
  }
},
{
  "pk": 227,
  "model": "auth.user",
  "fields": {
    "groups": [],
    "is_superuser": false,
    "date_joined": "2016-12-12T08:22:31.386Z",
    "username": "amaisse",
    "last_name": "MAISSE-FRANCOIS (MAISSE)",
    "user_permissions": [],
    "last_login": null,
    "is_staff": false,
    "password": "",
    "is_active": true,
    "first_name": "Aline",
    "email": "amaisse@unistra.fr"
  }
},
{
  "pk": 228,
  "model": "auth.user",
  "fields": {
    "groups": [],
    "is_superuser": false,
    "date_joined": "2016-12-12T08:24:04.638Z",
    "username": "bulach",
    "last_name": "BULACH",
    "user_permissions": [],
    "last_login": "2016-12-12T09:41:46.472Z",
    "is_staff": false,
    "password": "",
    "is_active": true,
    "first_name": "Veronique",
    "email": "bulach@unistra.fr"
  }
},
{
  "pk": 229,
  "model": "auth.user",
  "fields": {
    "groups": [],
    "is_superuser": false,
    "date_joined": "2016-12-12T08:27:39.331Z",
    "username": "bonnefont",
    "last_name": "BONNEFONT",
    "user_permissions": [],
    "last_login": null,
    "is_staff": false,
    "password": "",
    "is_active": true,
    "first_name": "Pierre-Antoine",
    "email": "bonnefont@unistra.fr"
  }
},
{
  "pk": 230,
  "model": "auth.user",
  "fields": {
    "groups": [],
    "is_superuser": false,
    "date_joined": "2016-12-12T13:54:27.160Z",
    "username": "sylvie.begin",
    "last_name": "BEGIN",
    "user_permissions": [],
    "last_login": "2017-01-13T09:31:12.804Z",
    "is_staff": false,
    "password": "",
    "is_active": true,
    "first_name": "Sylvie",
    "email": "sylvie.begin@ipcms.unistra.fr"
  }
},
{
  "pk": 1,
  "model": "admin.logentry",
  "fields": {
    "action_flag": 2,
    "object_id": "220",
    "object_repr": "baguet",
    "change_message": "Modifi\u00e9 is_superuser et is_staff.",
    "user": 1,
    "content_type": 3,
    "action_time": "2016-11-15T09:09:39.074Z"
  }
},
{
  "pk": 2,
  "model": "admin.logentry",
  "fields": {
    "action_flag": 2,
    "object_id": "221",
    "object_repr": "b.pinard",
    "change_message": "Modifi\u00e9 groups.",
    "user": 4,
    "content_type": 3,
    "action_time": "2016-11-18T13:01:04.523Z"
  }
},
{
  "pk": 3,
  "model": "admin.logentry",
  "fields": {
    "action_flag": 1,
    "object_id": "222",
    "object_repr": "ostre",
    "change_message": "",
    "user": 4,
    "content_type": 3,
    "action_time": "2016-11-18T13:04:08.139Z"
  }
},
{
  "pk": 4,
  "model": "admin.logentry",
  "fields": {
    "action_flag": 2,
    "object_id": "222",
    "object_repr": "ostre",
    "change_message": "Modifi\u00e9 last_name, first_name, email et groups.",
    "user": 4,
    "content_type": 3,
    "action_time": "2016-11-18T13:04:24.140Z"
  }
},
{
  "pk": 5,
  "model": "admin.logentry",
  "fields": {
    "action_flag": 3,
    "object_id": "222",
    "object_repr": "ostre",
    "change_message": "",
    "user": 4,
    "content_type": 3,
    "action_time": "2016-11-22T08:10:55.040Z"
  }
},
{
  "pk": 6,
  "model": "admin.logentry",
  "fields": {
    "action_flag": 2,
    "object_id": "223",
    "object_repr": "nathalie.ostre",
    "change_message": "Modifi\u00e9 groups.",
    "user": 4,
    "content_type": 3,
    "action_time": "2016-11-22T08:11:28.526Z"
  }
},
{
  "pk": 7,
  "model": "admin.logentry",
  "fields": {
    "action_flag": 1,
    "object_id": "224",
    "object_repr": "test2",
    "change_message": "",
    "user": 220,
    "content_type": 3,
    "action_time": "2016-11-22T08:53:00.133Z"
  }
},
{
  "pk": 8,
  "model": "admin.logentry",
  "fields": {
    "action_flag": 1,
    "object_id": "225",
    "object_repr": "eguidat",
    "change_message": "",
    "user": 4,
    "content_type": 3,
    "action_time": "2016-11-22T12:07:13.554Z"
  }
},
{
  "pk": 9,
  "model": "admin.logentry",
  "fields": {
    "action_flag": 2,
    "object_id": "225",
    "object_repr": "eguidat",
    "change_message": "Modifi\u00e9 groups.",
    "user": 4,
    "content_type": 3,
    "action_time": "2016-11-22T12:08:08.370Z"
  }
},
{
  "pk": 10,
  "model": "admin.logentry",
  "fields": {
    "action_flag": 2,
    "object_id": "225",
    "object_repr": "eguidat",
    "change_message": "Modifi\u00e9 groups.",
    "user": 4,
    "content_type": 3,
    "action_time": "2016-11-22T12:08:18.298Z"
  }
},
{
  "pk": 11,
  "model": "admin.logentry",
  "fields": {
    "action_flag": 2,
    "object_id": "225",
    "object_repr": "eguidat",
    "change_message": "Modifi\u00e9 groups.",
    "user": 4,
    "content_type": 3,
    "action_time": "2016-11-22T12:08:33.803Z"
  }
},
{
  "pk": 1,
  "model": "adm.meccuser",
  "fields": {
    "profile": [],
    "user": 1,
    "is_ref_app": false,
    "cmp": "",
    "status": ""
  }
},
{
  "pk": 4,
  "model": "adm.meccuser",
  "fields": {
    "profile": [],
    "user": 4,
    "is_ref_app": false,
    "cmp": "",
    "status": ""
  }
},
{
  "pk": 33,
  "model": "adm.meccuser",
  "fields": {
    "profile": [
      9
    ],
    "user": 54,
    "is_ref_app": false,
    "cmp": "CHM",
    "status": ""
  }
},
{
  "pk": 34,
  "model": "adm.meccuser",
  "fields": {
    "profile": [
      10,
      32,
      56
    ],
    "user": 55,
    "is_ref_app": false,
    "cmp": "CHM",
    "status": ""
  }
},
{
  "pk": 38,
  "model": "adm.meccuser",
  "fields": {
    "profile": [
      14
    ],
    "user": 59,
    "is_ref_app": false,
    "cmp": "GEO",
    "status": ""
  }
},
{
  "pk": 39,
  "model": "adm.meccuser",
  "fields": {
    "profile": [],
    "user": 60,
    "is_ref_app": false,
    "cmp": "",
    "status": ""
  }
},
{
  "pk": 60,
  "model": "adm.meccuser",
  "fields": {
    "profile": [],
    "user": 82,
    "is_ref_app": false,
    "cmp": "",
    "status": ""
  }
},
{
  "pk": 61,
  "model": "adm.meccuser",
  "fields": {
    "profile": [
      32
    ],
    "user": 83,
    "is_ref_app": false,
    "cmp": "VIE",
    "status": ""
  }
},
{
  "pk": 62,
  "model": "adm.meccuser",
  "fields": {
    "profile": [
      32
    ],
    "user": 84,
    "is_ref_app": false,
    "cmp": "CHM",
    "status": ""
  }
},
{
  "pk": 91,
  "model": "adm.meccuser",
  "fields": {
    "profile": [
      12
    ],
    "user": 113,
    "is_ref_app": false,
    "cmp": "ART",
    "status": ""
  }
},
{
  "pk": 100,
  "model": "adm.meccuser",
  "fields": {
    "profile": [
      39
    ],
    "user": 122,
    "is_ref_app": false,
    "cmp": "ART",
    "status": ""
  }
},
{
  "pk": 130,
  "model": "adm.meccuser",
  "fields": {
    "profile": [
      54
    ],
    "user": 152,
    "is_ref_app": false,
    "cmp": "VIE",
    "status": ""
  }
},
{
  "pk": 136,
  "model": "adm.meccuser",
  "fields": {
    "profile": [
      56
    ],
    "user": 158,
    "is_ref_app": false,
    "cmp": "",
    "status": ""
  }
},
{
  "pk": 137,
  "model": "adm.meccuser",
  "fields": {
    "profile": [
      56
    ],
    "user": 159,
    "is_ref_app": false,
    "cmp": "",
    "status": ""
  }
},
{
  "pk": 139,
  "model": "adm.meccuser",
  "fields": {
    "profile": [
      59
    ],
    "user": 161,
    "is_ref_app": false,
    "cmp": "CHM",
    "status": ""
  }
},
{
  "pk": 140,
  "model": "adm.meccuser",
  "fields": {
    "profile": [
      59
    ],
    "user": 162,
    "is_ref_app": false,
    "cmp": "CHM",
    "status": ""
  }
},
{
  "pk": 145,
  "model": "adm.meccuser",
  "fields": {
    "profile": [
      56
    ],
    "user": 167,
    "is_ref_app": false,
    "cmp": "",
    "status": ""
  }
},
{
  "pk": 146,
  "model": "adm.meccuser",
  "fields": {
    "profile": [
      56
    ],
    "user": 168,
    "is_ref_app": false,
    "cmp": "",
    "status": ""
  }
},
{
  "pk": 147,
  "model": "adm.meccuser",
  "fields": {
    "profile": [
      26,
      56
    ],
    "user": 169,
    "is_ref_app": false,
    "cmp": "VIE",
    "status": ""
  }
},
{
  "pk": 148,
  "model": "adm.meccuser",
  "fields": {
    "profile": [
      60
    ],
    "user": 170,
    "is_ref_app": false,
    "cmp": "LVI",
    "status": ""
  }
},
{
  "pk": 149,
  "model": "adm.meccuser",
  "fields": {
    "profile": [
      61
    ],
    "user": 171,
    "is_ref_app": false,
    "cmp": "LVI",
    "status": ""
  }
},
{
  "pk": 151,
  "model": "adm.meccuser",
  "fields": {
    "profile": [
      63
    ],
    "user": 173,
    "is_ref_app": false,
    "cmp": "LGA",
    "status": ""
  }
},
{
  "pk": 152,
  "model": "adm.meccuser",
  "fields": {
    "profile": [
      64
    ],
    "user": 174,
    "is_ref_app": false,
    "cmp": "LET",
    "status": ""
  }
},
{
  "pk": 153,
  "model": "adm.meccuser",
  "fields": {
    "profile": [
      65
    ],
    "user": 175,
    "is_ref_app": false,
    "cmp": "LET",
    "status": ""
  }
},
{
  "pk": 154,
  "model": "adm.meccuser",
  "fields": {
    "profile": [
      66
    ],
    "user": 176,
    "is_ref_app": false,
    "cmp": "CPI",
    "status": ""
  }
},
{
  "pk": 155,
  "model": "adm.meccuser",
  "fields": {
    "profile": [
      67
    ],
    "user": 177,
    "is_ref_app": false,
    "cmp": "CPI",
    "status": ""
  }
},
{
  "pk": 156,
  "model": "adm.meccuser",
  "fields": {
    "profile": [
      68
    ],
    "user": 178,
    "is_ref_app": false,
    "cmp": "CUJ",
    "status": ""
  }
},
{
  "pk": 157,
  "model": "adm.meccuser",
  "fields": {
    "profile": [
      69
    ],
    "user": 179,
    "is_ref_app": false,
    "cmp": "IEP",
    "status": ""
  }
},
{
  "pk": 158,
  "model": "adm.meccuser",
  "fields": {
    "profile": [
      70
    ],
    "user": 180,
    "is_ref_app": false,
    "cmp": "IEP",
    "status": ""
  }
},
{
  "pk": 159,
  "model": "adm.meccuser",
  "fields": {
    "profile": [
      71
    ],
    "user": 181,
    "is_ref_app": false,
    "cmp": "DRT",
    "status": ""
  }
},
{
  "pk": 160,
  "model": "adm.meccuser",
  "fields": {
    "profile": [
      72
    ],
    "user": 182,
    "is_ref_app": false,
    "cmp": "PHA",
    "status": ""
  }
},
{
  "pk": 161,
  "model": "adm.meccuser",
  "fields": {
    "profile": [
      73
    ],
    "user": 183,
    "is_ref_app": false,
    "cmp": "PHA",
    "status": ""
  }
},
{
  "pk": 164,
  "model": "adm.meccuser",
  "fields": {
    "profile": [
      76
    ],
    "user": 186,
    "is_ref_app": false,
    "cmp": "PHA",
    "status": ""
  }
},
{
  "pk": 166,
  "model": "adm.meccuser",
  "fields": {
    "profile": [
      78
    ],
    "user": 188,
    "is_ref_app": false,
    "cmp": "LET",
    "status": ""
  }
},
{
  "pk": 167,
  "model": "adm.meccuser",
  "fields": {
    "profile": [
      79
    ],
    "user": 189,
    "is_ref_app": false,
    "cmp": "LVI",
    "status": ""
  }
},
{
  "pk": 168,
  "model": "adm.meccuser",
  "fields": {
    "profile": [
      79
    ],
    "user": 190,
    "is_ref_app": false,
    "cmp": "LVI",
    "status": ""
  }
},
{
  "pk": 172,
  "model": "adm.meccuser",
  "fields": {
    "profile": [
      75
    ],
    "user": 194,
    "is_ref_app": false,
    "cmp": "LVI",
    "status": ""
  }
},
{
  "pk": 176,
  "model": "adm.meccuser",
  "fields": {
    "profile": [
      80
    ],
    "user": 198,
    "is_ref_app": true,
    "cmp": "PHA",
    "status": ""
  }
},
{
  "pk": 177,
  "model": "adm.meccuser",
  "fields": {
    "profile": [
      77
    ],
    "user": 199,
    "is_ref_app": false,
    "cmp": "PHA",
    "status": ""
  }
},
{
  "pk": 179,
  "model": "adm.meccuser",
  "fields": {
    "profile": [
      59
    ],
    "user": 201,
    "is_ref_app": false,
    "cmp": "CHM",
    "status": ""
  }
},
{
  "pk": 185,
  "model": "adm.meccuser",
  "fields": {
    "profile": [],
    "user": 207,
    "is_ref_app": false,
    "cmp": "",
    "status": ""
  }
},
{
  "pk": 192,
  "model": "adm.meccuser",
  "fields": {
    "profile": [
      82
    ],
    "user": 214,
    "is_ref_app": false,
    "cmp": "DIR",
    "status": ""
  }
},
{
  "pk": 195,
  "model": "adm.meccuser",
  "fields": {
    "profile": [
      56,
      81
    ],
    "user": 217,
    "is_ref_app": false,
    "cmp": "CHM",
    "status": ""
  }
},
{
  "pk": 198,
  "model": "adm.meccuser",
  "fields": {
    "profile": [],
    "user": 220,
    "is_ref_app": false,
    "cmp": "",
    "status": ""
  }
},
{
  "pk": 199,
  "model": "adm.meccuser",
  "fields": {
    "profile": [
      35
    ],
    "user": 221,
    "is_ref_app": true,
    "cmp": "CHM",
    "status": ""
  }
},
{
  "pk": 201,
  "model": "adm.meccuser",
  "fields": {
    "profile": [],
    "user": 223,
    "is_ref_app": false,
    "cmp": "",
    "status": ""
  }
},
{
  "pk": 202,
  "model": "adm.meccuser",
  "fields": {
    "profile": [],
    "user": 224,
    "is_ref_app": false,
    "cmp": "",
    "status": ""
  }
},
{
  "pk": 203,
  "model": "adm.meccuser",
  "fields": {
    "profile": [],
    "user": 225,
    "is_ref_app": false,
    "cmp": "",
    "status": ""
  }
},
{
  "pk": 204,
  "model": "adm.meccuser",
  "fields": {
    "profile": [
      32
    ],
    "user": 226,
    "is_ref_app": false,
    "cmp": "EDU",
    "status": ""
  }
},
{
  "pk": 205,
  "model": "adm.meccuser",
  "fields": {
    "profile": [
      32
    ],
    "user": 227,
    "is_ref_app": false,
    "cmp": "CHM",
    "status": ""
  }
},
{
  "pk": 206,
  "model": "adm.meccuser",
  "fields": {
    "profile": [
      32
    ],
    "user": 228,
    "is_ref_app": false,
    "cmp": "CHM",
    "status": ""
  }
},
{
  "pk": 207,
  "model": "adm.meccuser",
  "fields": {
    "profile": [
      32
    ],
    "user": 229,
    "is_ref_app": false,
    "cmp": "CHM",
    "status": ""
  }
},
{
  "pk": 208,
  "model": "adm.meccuser",
  "fields": {
    "profile": [
      85
    ],
    "user": 230,
    "is_ref_app": false,
    "cmp": "ECP",
    "status": ""
  }
}
]
