[
{
    "fields": {
        "app_label": "auth",
        "model": "permission"
    },
    "model": "contenttypes.contenttype",
    "pk": 1
},
{
    "fields": {
        "app_label": "auth",
        "model": "group"
    },
    "model": "contenttypes.contenttype",
    "pk": 2
},
{
    "fields": {
        "app_label": "auth",
        "model": "user"
    },
    "model": "contenttypes.contenttype",
    "pk": 3
},
{
    "fields": {
        "app_label": "contenttypes",
        "model": "contenttype"
    },
    "model": "contenttypes.contenttype",
    "pk": 4
},
{
    "fields": {
        "app_label": "sessions",
        "model": "session"
    },
    "model": "contenttypes.contenttype",
    "pk": 5
},
{
    "fields": {
        "app_label": "sites",
        "model": "site"
    },
    "model": "contenttypes.contenttype",
    "pk": 6
},
{
    "fields": {
        "app_label": "admin",
        "model": "logentry"
    },
    "model": "contenttypes.contenttype",
    "pk": 7
},
{
    "fields": {
        "app_label": "django_cas",
        "model": "tgt"
    },
    "model": "contenttypes.contenttype",
    "pk": 8
},
{
    "fields": {
        "app_label": "django_cas",
        "model": "pgtiou"
    },
    "model": "contenttypes.contenttype",
    "pk": 9
},
{
    "fields": {
        "app_label": "django_cas",
        "model": "sessionserviceticket"
    },
    "model": "contenttypes.contenttype",
    "pk": 10
},
{
    "fields": {
        "app_label": "commission",
        "model": "ecicommissionmember"
    },
    "model": "contenttypes.contenttype",
    "pk": 11
},
{
    "fields": {
        "app_label": "degree",
        "model": "degreetype"
    },
    "model": "contenttypes.contenttype",
    "pk": 12
},
{
    "fields": {
        "app_label": "degree",
        "model": "degree"
    },
    "model": "contenttypes.contenttype",
    "pk": 13
},
{
    "fields": {
        "app_label": "institute",
        "model": "academicfield"
    },
    "model": "contenttypes.contenttype",
    "pk": 14
},
{
    "fields": {
        "app_label": "institute",
        "model": "institute"
    },
    "model": "contenttypes.contenttype",
    "pk": 15
},
{
    "fields": {
        "app_label": "years",
        "model": "instituteyear"
    },
    "model": "contenttypes.contenttype",
    "pk": 16
},
{
    "fields": {
        "app_label": "years",
        "model": "universityyear"
    },
    "model": "contenttypes.contenttype",
    "pk": 17
},
{
    "fields": {
        "app_label": "adm",
        "model": "profile"
    },
    "model": "contenttypes.contenttype",
    "pk": 18
},
{
    "fields": {
        "app_label": "adm",
        "model": "meccuser"
    },
    "model": "contenttypes.contenttype",
    "pk": 19
},
{
    "fields": {
        "expire_date": "2016-04-01T14:20:48.261Z",
        "session_data": "ZjI0YTFjMDViN2E4MmRmNThjZDgwZmY1OTA3OWIzYzE2YjViZjVkNTp7Il9hdXRoX3VzZXJfaGFzaCI6ImI4ZjRkYjBiYTNmYjMxYzg1MTg3OGQ3NTZkNTdkY2VkZGM5MTM5ZjMiLCJfYXV0aF91c2VyX2JhY2tlbmQiOiJkamFuZ29fY2FzLmJhY2tlbmRzLkNBU0JhY2tlbmQiLCJfYXV0aF91c2VyX2lkIjoiMSJ9"
    },
    "model": "sessions.session",
    "pk": "av43z61glyc39at86f35o2pghvgrmxus"
},
{
    "fields": {
        "expire_date": "2016-04-01T14:32:34.190Z",
        "session_data": "MmViMmY3N2FhMTdlMjQzMjA3OTBjMGUyMTljYTlhMzMyOGVmZjZlMDp7ImN1cnJlbnRfeWVhciI6IkFublx1MDBlOWUgdW5pdmVyc2l0YWlyZSAyMDE1LzIwMTYiLCJjdXJyZW50X2NvZGVfeWVhciI6MjAxNSwiX2F1dGhfdXNlcl9iYWNrZW5kIjoiZGphbmdvX2Nhcy5iYWNrZW5kcy5DQVNCYWNrZW5kIiwiX2F1dGhfdXNlcl9pZCI6IjYiLCJyZWFsX3VzZXJuYW1lIjoiaWJpcy5pc21haWwiLCJfYXV0aF91c2VyX2hhc2giOiI3ZmZmODUxYWRkODJhN2M1NTY1Yjg0ZGNjMjU1MTMzN2JlODhjYzUxIiwiaXNfc3Bvb2ZlZF91c2VyIjp0cnVlfQ=="
    },
    "model": "sessions.session",
    "pk": "k8chjwnqa9ma3f7z5cyai7hplkaq8ys5"
},
{
    "fields": {
        "domain": "example.com",
        "name": "example.com"
    },
    "model": "sites.site",
    "pk": 1
},
{
    "fields": {
        "session_key": "cth6xua1eitgt8tgkz3x1aqpi64mlfpw"
    },
    "model": "django_cas.sessionserviceticket",
    "pk": "ST-47443-zordZaLAChMpbbudM62L-cas1"
},
{
    "fields": {
        "session_key": "av43z61glyc39at86f35o2pghvgrmxus"
    },
    "model": "django_cas.sessionserviceticket",
    "pk": "ST-47813-epg3sgnJGKUiOmWBGqvX-cas1"
},
{
    "fields": {
        "display_order": 1,
        "is_in_use": true,
        "ROF_code": "",
        "short_label": "DAEU",
        "long_label": "Dipl\u00f4me d'acc\u00e8s aux \u00e9tudes universitaires"
    },
    "model": "degree.degreetype",
    "pk": 1
},
{
    "fields": {
        "display_order": 2,
        "is_in_use": true,
        "ROF_code": "",
        "short_label": "Capacit\u00e9 (Droit)",
        "long_label": "Capacit\u00e9"
    },
    "model": "degree.degreetype",
    "pk": 2
},
{
    "fields": {
        "display_order": 3,
        "is_in_use": true,
        "ROF_code": "",
        "short_label": "DUT",
        "long_label": "Dipl\u00f4me Universitaire de Technologie"
    },
    "model": "degree.degreetype",
    "pk": 3
},
{
    "fields": {
        "display_order": 4,
        "is_in_use": true,
        "ROF_code": "",
        "short_label": "DEUST",
        "long_label": "Dipl\u00f4me d'Etudes Universitaires Scientifiques et Techniques"
    },
    "model": "degree.degreetype",
    "pk": 4
},
{
    "fields": {
        "display_order": 5,
        "is_in_use": true,
        "ROF_code": "",
        "short_label": "Licence",
        "long_label": "Licence"
    },
    "model": "degree.degreetype",
    "pk": 5
},
{
    "fields": {
        "display_order": 6,
        "is_in_use": true,
        "ROF_code": "",
        "short_label": "Licence professionnelle",
        "long_label": "Licence professionnelle"
    },
    "model": "degree.degreetype",
    "pk": 6
},
{
    "fields": {
        "display_order": 7,
        "is_in_use": true,
        "ROF_code": "",
        "short_label": "Master",
        "long_label": "Master"
    },
    "model": "degree.degreetype",
    "pk": 7
},
{
    "fields": {
        "display_order": 20,
        "is_in_use": true,
        "ROF_code": "",
        "short_label": "DU - Dipl\u00f4me d'Universit\u00e9",
        "long_label": "Dipl\u00f4me d'Universit\u00e9"
    },
    "model": "degree.degreetype",
    "pk": 8
},
{
    "fields": {
        "display_order": 30,
        "is_in_use": true,
        "ROF_code": "",
        "short_label": "ECOLE - Dipl\u00f4me d'ing\u00e9nieur",
        "long_label": "Dipl\u00f4me d'ing\u00e9nieur"
    },
    "model": "degree.degreetype",
    "pk": 9
},
{
    "fields": {
        "display_order": 31,
        "is_in_use": true,
        "ROF_code": "",
        "short_label": "ECOLE - Dipl\u00f4me IEP",
        "long_label": "Dipl\u00f4me de l'Institut d'Etudes Politiques"
    },
    "model": "degree.degreetype",
    "pk": 10
},
{
    "fields": {
        "display_order": 32,
        "is_in_use": true,
        "ROF_code": "",
        "short_label": "ECOLE - Dipl\u00f4me Grande Ecole",
        "long_label": "Dipl\u00f4me Grande Ecole"
    },
    "model": "degree.degreetype",
    "pk": 11
},
{
    "fields": {
        "display_order": 40,
        "is_in_use": true,
        "ROF_code": "",
        "short_label": "PREPA - Pr\u00e9paration Ecole Ing\u00e9nieur",
        "long_label": "Pr\u00e9paration Ecole d'ing\u00e9nieur"
    },
    "model": "degree.degreetype",
    "pk": 12
},
{
    "fields": {
        "display_order": 41,
        "is_in_use": true,
        "ROF_code": "",
        "short_label": "PREPA - Pr\u00e9paration aux concours ",
        "long_label": "Pr\u00e9paration aux concours"
    },
    "model": "degree.degreetype",
    "pk": 13
},
{
    "fields": {
        "display_order": 50,
        "is_in_use": true,
        "ROF_code": "",
        "short_label": "SANTE - PACES",
        "long_label": "Premi\u00e8re Ann\u00e9e Commune des Etudes de Sant\u00e9"
    },
    "model": "degree.degreetype",
    "pk": 14
},
{
    "fields": {
        "display_order": 51,
        "is_in_use": true,
        "ROF_code": "",
        "short_label": "SANTE - DFGS",
        "long_label": "Dipl\u00f4me de Formation G\u00e9n\u00e9rale en Sant\u00e9"
    },
    "model": "degree.degreetype",
    "pk": 15
},
{
    "fields": {
        "display_order": 52,
        "is_in_use": true,
        "ROF_code": "",
        "short_label": "SANTE - DFAS",
        "long_label": "Dipl\u00f4me de Formation Approfondie en Sant\u00e9"
    },
    "model": "degree.degreetype",
    "pk": 16
},
{
    "fields": {
        "display_order": 53,
        "is_in_use": true,
        "ROF_code": "",
        "short_label": "SANTE - Dipl\u00f4me d'Etat en Pharmacie",
        "long_label": "Dipl\u00f4me d'Etat de Docteur en Pharmacie"
    },
    "model": "degree.degreetype",
    "pk": 17
},
{
    "fields": {
        "display_order": 54,
        "is_in_use": true,
        "ROF_code": "",
        "short_label": "SANTE - Dipl\u00f4me d'Etat en Dentaire",
        "long_label": "Dipl\u00f4me d'Etat de Docteur en Dentaire"
    },
    "model": "degree.degreetype",
    "pk": 18
},
{
    "fields": {
        "display_order": 55,
        "is_in_use": true,
        "ROF_code": "",
        "short_label": "SANTE - Dipl\u00f4me d'Etat en M\u00e9decine",
        "long_label": "Dipl\u00f4me d'Etat de Docteur en M\u00e9decine"
    },
    "model": "degree.degreetype",
    "pk": 19
},
{
    "fields": {
        "display_order": 56,
        "is_in_use": true,
        "ROF_code": "",
        "short_label": "SANTE - DFMS",
        "long_label": "Dipl\u00f4me de Formation M\u00e9dicale Sp\u00e9cialis\u00e9e"
    },
    "model": "degree.degreetype",
    "pk": 20
},
{
    "fields": {
        "display_order": 57,
        "is_in_use": true,
        "ROF_code": "",
        "short_label": "SANTE - DFMSA",
        "long_label": "Dipl\u00f4me de  Formation M\u00e9dicale Sp\u00e9cialis\u00e9e Approfondie"
    },
    "model": "degree.degreetype",
    "pk": 21
},
{
    "fields": {
        "display_order": 58,
        "is_in_use": true,
        "ROF_code": "",
        "short_label": "SANTE - CECS (CECSMO)",
        "long_label": "Certificat d'\u00e9tudes cliniques sp\u00e9cialis\u00e9es"
    },
    "model": "degree.degreetype",
    "pk": 22
},
{
    "fields": {
        "display_order": 59,
        "is_in_use": true,
        "ROF_code": "",
        "short_label": "SANTE - Capacit\u00e9 Sant\u00e9",
        "long_label": "Capacit\u00e9"
    },
    "model": "degree.degreetype",
    "pk": 23
},
{
    "fields": {
        "display_order": 60,
        "is_in_use": true,
        "ROF_code": "",
        "short_label": "SANTE - CES dentaire",
        "long_label": "Certificat d'Etudes Sup\u00e9rieures dentaire"
    },
    "model": "degree.degreetype",
    "pk": 24
},
{
    "fields": {
        "display_order": 61,
        "is_in_use": true,
        "ROF_code": "",
        "short_label": "SANTE - CES m\u00e9decine",
        "long_label": "Certificat d'Etudes Sup\u00e9rieures m\u00e9decine"
    },
    "model": "degree.degreetype",
    "pk": 25
},
{
    "fields": {
        "name": "Arts, Lettres, Langues"
    },
    "model": "institute.academicfield",
    "pk": 1
},
{
    "fields": {
        "name": "Droit, \u00e9conomie, gestion et sciences politiques et sociales"
    },
    "model": "institute.academicfield",
    "pk": 2
},
{
    "fields": {
        "name": "Sant\u00e9"
    },
    "model": "institute.academicfield",
    "pk": 3
},
{
    "fields": {
        "name": "Sciences humaines et sociales"
    },
    "model": "institute.academicfield",
    "pk": 4
},
{
    "fields": {
        "name": "Sciences, Technologies"
    },
    "model": "institute.academicfield",
    "pk": 5
},
{
    "fields": {
        "dircomp": null,
        "scol_manager": [],
        "id_dircomp": "HERQUE Jean-Fran\u00e7ois",
        "id_rac": "AMIOT Flore",
        "is_on_duty": true,
        "label": "Facult\u00e9 des arts",
        "field": 1,
        "diretu": [
            3,
            7,
            8,
            9,
            10
        ],
        "code": "ART",
        "rac": null,
        "ROF_code": "m"
    },
    "model": "institute.institute",
    "pk": 1
},
{
    "fields": {
        "dircomp": null,
        "scol_manager": [],
        "id_dircomp": "",
        "id_rac": "",
        "is_on_duty": true,
        "label": "Facult\u00e9 des langues et des cultures \u00e9trang\u00e8res",
        "field": 1,
        "diretu": [],
        "code": "LVI",
        "rac": null,
        "ROF_code": null
    },
    "model": "institute.institute",
    "pk": 2
},
{
    "fields": {
        "dircomp": null,
        "scol_manager": [],
        "id_dircomp": "",
        "id_rac": "",
        "is_on_duty": true,
        "label": "Facult\u00e9 des langues et sciences humaines appliqu\u00e9es (LSHA)",
        "field": 1,
        "diretu": [],
        "code": "LGA",
        "rac": null,
        "ROF_code": null
    },
    "model": "institute.institute",
    "pk": 3
},
{
    "fields": {
        "dircomp": null,
        "scol_manager": [],
        "id_dircomp": "",
        "id_rac": "",
        "is_on_duty": true,
        "label": "Facult\u00e9 des lettres",
        "field": 1,
        "diretu": [],
        "code": "LET",
        "rac": null,
        "ROF_code": null
    },
    "model": "institute.institute",
    "pk": 4
},
{
    "fields": {
        "dircomp": null,
        "scol_manager": [],
        "id_dircomp": "",
        "id_rac": "",
        "is_on_duty": true,
        "label": "Centre d '\u00e9tudes internationales de la propri\u00e9t\u00e9 intellectuelle (CEIPI)",
        "field": 2,
        "diretu": [],
        "code": "CPI",
        "rac": null,
        "ROF_code": null
    },
    "model": "institute.institute",
    "pk": 5
},
{
    "fields": {
        "dircomp": null,
        "scol_manager": [],
        "id_dircomp": "",
        "id_rac": "",
        "is_on_duty": true,
        "label": "Centre universitaire d'enseignement du journalisme (CUEJ)",
        "field": 2,
        "diretu": [],
        "code": "CUJ",
        "rac": null,
        "ROF_code": null
    },
    "model": "institute.institute",
    "pk": 6
},
{
    "fields": {
        "dircomp": null,
        "scol_manager": [],
        "id_dircomp": "",
        "id_rac": "",
        "is_on_duty": true,
        "label": "Ecole de management Strasbourg (EM)",
        "field": 2,
        "diretu": [],
        "code": "EMS",
        "rac": null,
        "ROF_code": null
    },
    "model": "institute.institute",
    "pk": 7
},
{
    "fields": {
        "dircomp": null,
        "scol_manager": [],
        "id_dircomp": "",
        "id_rac": "",
        "is_on_duty": true,
        "label": "Facult\u00e9 de droit, de sciences politiques et de gestion",
        "field": 2,
        "diretu": [],
        "code": "DRT",
        "rac": null,
        "ROF_code": null
    },
    "model": "institute.institute",
    "pk": 8
},
{
    "fields": {
        "dircomp": null,
        "scol_manager": [],
        "id_dircomp": "",
        "id_rac": "",
        "is_on_duty": true,
        "label": "Facult\u00e9 de sciences \u00e9conomiques et de gestion (FSEG)",
        "field": 2,
        "diretu": [],
        "code": "SEG",
        "rac": null,
        "ROF_code": null
    },
    "model": "institute.institute",
    "pk": 9
},
{
    "fields": {
        "dircomp": null,
        "scol_manager": [],
        "id_dircomp": "",
        "id_rac": "",
        "is_on_duty": true,
        "label": "Institut de pr\u00e9paration \u00e0 l'administration g\u00e9n\u00e9rale (IPAG)",
        "field": 2,
        "diretu": [],
        "code": "PAG",
        "rac": null,
        "ROF_code": null
    },
    "model": "institute.institute",
    "pk": 10
},
{
    "fields": {
        "dircomp": null,
        "scol_manager": [],
        "id_dircomp": "",
        "id_rac": "",
        "is_on_duty": true,
        "label": "Institut d'\u00e9tudes politiques (IEP)",
        "field": 2,
        "diretu": [],
        "code": "IEP",
        "rac": null,
        "ROF_code": null
    },
    "model": "institute.institute",
    "pk": 11
},
{
    "fields": {
        "dircomp": null,
        "scol_manager": [],
        "id_dircomp": "",
        "id_rac": "",
        "is_on_duty": true,
        "label": "Facult\u00e9 de chirurgie dentaire",
        "field": 3,
        "diretu": [],
        "code": "ODO",
        "rac": null,
        "ROF_code": null
    },
    "model": "institute.institute",
    "pk": 12
},
{
    "fields": {
        "dircomp": null,
        "scol_manager": [],
        "id_dircomp": "",
        "id_rac": "",
        "is_on_duty": true,
        "label": "Facult\u00e9 de m\u00e9decine",
        "field": 3,
        "diretu": [],
        "code": "MED",
        "rac": null,
        "ROF_code": null
    },
    "model": "institute.institute",
    "pk": 13
},
{
    "fields": {
        "dircomp": null,
        "scol_manager": [],
        "id_dircomp": "",
        "id_rac": "",
        "is_on_duty": true,
        "label": "Facult\u00e9 de pharmacie",
        "field": 3,
        "diretu": [],
        "code": "PHA",
        "rac": null,
        "ROF_code": null
    },
    "model": "institute.institute",
    "pk": 14
},
{
    "fields": {
        "dircomp": null,
        "scol_manager": [],
        "id_dircomp": "",
        "id_rac": "",
        "is_on_duty": true,
        "label": "Ecole sup\u00e9rieure du professorat et de l'\u00e9ducation (ESPE)",
        "field": 4,
        "diretu": [],
        "code": "EPE",
        "rac": null,
        "ROF_code": null
    },
    "model": "institute.institute",
    "pk": 15
},
{
    "fields": {
        "dircomp": null,
        "scol_manager": [],
        "id_dircomp": "",
        "id_rac": "",
        "is_on_duty": true,
        "label": "Facult\u00e9 de g\u00e9ographie et d'am\u00e9nagement",
        "field": 4,
        "diretu": [],
        "code": "GEO",
        "rac": null,
        "ROF_code": null
    },
    "model": "institute.institute",
    "pk": 16
},
{
    "fields": {
        "dircomp": null,
        "scol_manager": [],
        "id_dircomp": "",
        "id_rac": "",
        "is_on_duty": true,
        "label": "Facult\u00e9 de philosophie",
        "field": 4,
        "diretu": [],
        "code": "PLI",
        "rac": null,
        "ROF_code": null
    },
    "model": "institute.institute",
    "pk": 17
},
{
    "fields": {
        "dircomp": null,
        "scol_manager": [],
        "id_dircomp": "",
        "id_rac": "",
        "is_on_duty": true,
        "label": "Facult\u00e9 de psychologie",
        "field": 4,
        "diretu": [],
        "code": "PSY",
        "rac": null,
        "ROF_code": null
    },
    "model": "institute.institute",
    "pk": 18
},
{
    "fields": {
        "dircomp": null,
        "scol_manager": [],
        "id_dircomp": "",
        "id_rac": "",
        "is_on_duty": true,
        "label": "Facult\u00e9 de sciences de l'\u00e9ducation",
        "field": 4,
        "diretu": [
            11,
            12,
            13,
            14
        ],
        "code": "EDU",
        "rac": null,
        "ROF_code": null
    },
    "model": "institute.institute",
    "pk": 19
},
{
    "fields": {
        "dircomp": null,
        "scol_manager": [],
        "id_dircomp": "",
        "id_rac": "",
        "is_on_duty": true,
        "label": "Facult\u00e9 de th\u00e9ologie catholique",
        "field": 4,
        "diretu": [],
        "code": "THC",
        "rac": null,
        "ROF_code": null
    },
    "model": "institute.institute",
    "pk": 20
},
{
    "fields": {
        "dircomp": null,
        "scol_manager": [],
        "id_dircomp": "",
        "id_rac": "",
        "is_on_duty": true,
        "label": "Facult\u00e9 de th\u00e9ologie protestante",
        "field": 4,
        "diretu": [],
        "code": "THP",
        "rac": null,
        "ROF_code": null
    },
    "model": "institute.institute",
    "pk": 21
},
{
    "fields": {
        "dircomp": null,
        "scol_manager": [],
        "id_dircomp": "",
        "id_rac": "",
        "is_on_duty": true,
        "label": "Facult\u00e9 des sciences du sport",
        "field": 4,
        "diretu": [],
        "code": "APS",
        "rac": null,
        "ROF_code": null
    },
    "model": "institute.institute",
    "pk": 22
},
{
    "fields": {
        "dircomp": null,
        "scol_manager": [],
        "id_dircomp": "",
        "id_rac": "",
        "is_on_duty": true,
        "label": "Facult\u00e9 des Sciences Historiques",
        "field": 4,
        "diretu": [],
        "code": "HIS",
        "rac": null,
        "ROF_code": null
    },
    "model": "institute.institute",
    "pk": 23
},
{
    "fields": {
        "dircomp": null,
        "scol_manager": [],
        "id_dircomp": "",
        "id_rac": "",
        "is_on_duty": true,
        "label": "Facult\u00e9 des sciences sociales",
        "field": 4,
        "diretu": [],
        "code": "SOC",
        "rac": null,
        "ROF_code": null
    },
    "model": "institute.institute",
    "pk": 24
},
{
    "fields": {
        "dircomp": null,
        "scol_manager": [],
        "id_dircomp": "",
        "id_rac": "",
        "is_on_duty": true,
        "label": "Ecole et observatoire des sciences de la Terre (EOST)",
        "field": 5,
        "diretu": [],
        "code": "EOT",
        "rac": null,
        "ROF_code": null
    },
    "model": "institute.institute",
    "pk": 25
},
{
    "fields": {
        "dircomp": null,
        "scol_manager": [],
        "id_dircomp": "",
        "id_rac": "",
        "is_on_duty": true,
        "label": "Ecole europ\u00e9enne de chimie, polym\u00e8res et mat\u00e9riaux (ECPM)",
        "field": 5,
        "diretu": [],
        "code": "ECP",
        "rac": null,
        "ROF_code": null
    },
    "model": "institute.institute",
    "pk": 26
},
{
    "fields": {
        "dircomp": null,
        "scol_manager": [],
        "id_dircomp": "",
        "id_rac": "",
        "is_on_duty": true,
        "label": "Ecole sup\u00e9rieure de biotechnologie de Strasbourg (ESBS)",
        "field": 5,
        "diretu": [],
        "code": "ESB",
        "rac": null,
        "ROF_code": null
    },
    "model": "institute.institute",
    "pk": 27
},
{
    "fields": {
        "dircomp": null,
        "scol_manager": [],
        "id_dircomp": "",
        "id_rac": "",
        "is_on_duty": true,
        "label": "Facult\u00e9 de chimie",
        "field": 5,
        "diretu": [],
        "code": "CHM",
        "rac": null,
        "ROF_code": null
    },
    "model": "institute.institute",
    "pk": 28
},
{
    "fields": {
        "dircomp": null,
        "scol_manager": [],
        "id_dircomp": "",
        "id_rac": "",
        "is_on_duty": true,
        "label": "Facult\u00e9 des sciences de la vie",
        "field": 5,
        "diretu": [],
        "code": "VIE",
        "rac": null,
        "ROF_code": null
    },
    "model": "institute.institute",
    "pk": 29
},
{
    "fields": {
        "dircomp": null,
        "scol_manager": [],
        "id_dircomp": "",
        "id_rac": "",
        "is_on_duty": true,
        "label": "Institut universitaire de technologie de Haguenau",
        "field": 5,
        "diretu": [],
        "code": "IHA",
        "rac": null,
        "ROF_code": null
    },
    "model": "institute.institute",
    "pk": 30
},
{
    "fields": {
        "dircomp": null,
        "scol_manager": [],
        "id_dircomp": "",
        "id_rac": "",
        "is_on_duty": true,
        "label": "Institut universitaire de technologie Louis Pasteur",
        "field": 5,
        "diretu": [],
        "code": "ISC",
        "rac": null,
        "ROF_code": null
    },
    "model": "institute.institute",
    "pk": 31
},
{
    "fields": {
        "dircomp": null,
        "scol_manager": [],
        "id_dircomp": "",
        "id_rac": "",
        "is_on_duty": true,
        "label": "Institut universitaire de technologie Robert Schuman",
        "field": 5,
        "diretu": [],
        "code": "ILL",
        "rac": null,
        "ROF_code": null
    },
    "model": "institute.institute",
    "pk": 32
},
{
    "fields": {
        "dircomp": null,
        "scol_manager": [],
        "id_dircomp": "",
        "id_rac": "",
        "is_on_duty": true,
        "label": "Observatoire astronomique de Strasbourg",
        "field": 5,
        "diretu": [],
        "code": "OBS",
        "rac": null,
        "ROF_code": null
    },
    "model": "institute.institute",
    "pk": 33
},
{
    "fields": {
        "dircomp": null,
        "scol_manager": [],
        "id_dircomp": "",
        "id_rac": "",
        "is_on_duty": true,
        "label": "T\u00e9l\u00e9com Physique Strasbourg",
        "field": 5,
        "diretu": [],
        "code": "ESP",
        "rac": null,
        "ROF_code": null
    },
    "model": "institute.institute",
    "pk": 34
},
{
    "fields": {
        "dircomp": null,
        "scol_manager": [],
        "id_dircomp": "",
        "id_rac": "",
        "is_on_duty": true,
        "label": "UFR de Math\u00e9matique et d'informatique",
        "field": 5,
        "diretu": [],
        "code": "MAI",
        "rac": null,
        "ROF_code": null
    },
    "model": "institute.institute",
    "pk": 35
},
{
    "fields": {
        "dircomp": null,
        "scol_manager": [],
        "id_dircomp": "",
        "id_rac": "",
        "is_on_duty": true,
        "label": "UFR physique et ing\u00e9nierie",
        "field": 5,
        "diretu": [],
        "code": "PHI",
        "rac": null,
        "ROF_code": null
    },
    "model": "institute.institute",
    "pk": 36
},
{
    "fields": {
        "date_expected_MECC": null,
        "code_year": 2015,
        "id_cmp": 1,
        "date_last_notif": null
    },
    "model": "years.instituteyear",
    "pk": 1
},
{
    "fields": {
        "date_expected_MECC": null,
        "code_year": 2015,
        "id_cmp": 2,
        "date_last_notif": null
    },
    "model": "years.instituteyear",
    "pk": 2
},
{
    "fields": {
        "date_expected_MECC": null,
        "code_year": 2015,
        "id_cmp": 3,
        "date_last_notif": null
    },
    "model": "years.instituteyear",
    "pk": 3
},
{
    "fields": {
        "date_expected_MECC": null,
        "code_year": 2015,
        "id_cmp": 4,
        "date_last_notif": null
    },
    "model": "years.instituteyear",
    "pk": 4
},
{
    "fields": {
        "date_expected_MECC": null,
        "code_year": 2015,
        "id_cmp": 5,
        "date_last_notif": null
    },
    "model": "years.instituteyear",
    "pk": 5
},
{
    "fields": {
        "date_expected_MECC": null,
        "code_year": 2015,
        "id_cmp": 6,
        "date_last_notif": null
    },
    "model": "years.instituteyear",
    "pk": 6
},
{
    "fields": {
        "date_expected_MECC": null,
        "code_year": 2015,
        "id_cmp": 7,
        "date_last_notif": null
    },
    "model": "years.instituteyear",
    "pk": 7
},
{
    "fields": {
        "date_expected_MECC": null,
        "code_year": 2015,
        "id_cmp": 8,
        "date_last_notif": null
    },
    "model": "years.instituteyear",
    "pk": 8
},
{
    "fields": {
        "date_expected_MECC": null,
        "code_year": 2015,
        "id_cmp": 9,
        "date_last_notif": null
    },
    "model": "years.instituteyear",
    "pk": 9
},
{
    "fields": {
        "date_expected_MECC": null,
        "code_year": 2015,
        "id_cmp": 10,
        "date_last_notif": null
    },
    "model": "years.instituteyear",
    "pk": 10
},
{
    "fields": {
        "date_expected_MECC": null,
        "code_year": 2015,
        "id_cmp": 11,
        "date_last_notif": null
    },
    "model": "years.instituteyear",
    "pk": 11
},
{
    "fields": {
        "date_expected_MECC": null,
        "code_year": 2015,
        "id_cmp": 12,
        "date_last_notif": null
    },
    "model": "years.instituteyear",
    "pk": 12
},
{
    "fields": {
        "date_expected_MECC": null,
        "code_year": 2015,
        "id_cmp": 13,
        "date_last_notif": null
    },
    "model": "years.instituteyear",
    "pk": 13
},
{
    "fields": {
        "date_expected_MECC": null,
        "code_year": 2015,
        "id_cmp": 14,
        "date_last_notif": null
    },
    "model": "years.instituteyear",
    "pk": 14
},
{
    "fields": {
        "date_expected_MECC": null,
        "code_year": 2015,
        "id_cmp": 15,
        "date_last_notif": null
    },
    "model": "years.instituteyear",
    "pk": 15
},
{
    "fields": {
        "date_expected_MECC": null,
        "code_year": 2015,
        "id_cmp": 16,
        "date_last_notif": null
    },
    "model": "years.instituteyear",
    "pk": 16
},
{
    "fields": {
        "date_expected_MECC": null,
        "code_year": 2015,
        "id_cmp": 17,
        "date_last_notif": null
    },
    "model": "years.instituteyear",
    "pk": 17
},
{
    "fields": {
        "date_expected_MECC": null,
        "code_year": 2015,
        "id_cmp": 18,
        "date_last_notif": null
    },
    "model": "years.instituteyear",
    "pk": 18
},
{
    "fields": {
        "date_expected_MECC": null,
        "code_year": 2015,
        "id_cmp": 19,
        "date_last_notif": null
    },
    "model": "years.instituteyear",
    "pk": 19
},
{
    "fields": {
        "date_expected_MECC": null,
        "code_year": 2015,
        "id_cmp": 20,
        "date_last_notif": null
    },
    "model": "years.instituteyear",
    "pk": 20
},
{
    "fields": {
        "date_expected_MECC": null,
        "code_year": 2015,
        "id_cmp": 21,
        "date_last_notif": null
    },
    "model": "years.instituteyear",
    "pk": 21
},
{
    "fields": {
        "date_expected_MECC": null,
        "code_year": 2015,
        "id_cmp": 22,
        "date_last_notif": null
    },
    "model": "years.instituteyear",
    "pk": 22
},
{
    "fields": {
        "date_expected_MECC": null,
        "code_year": 2015,
        "id_cmp": 23,
        "date_last_notif": null
    },
    "model": "years.instituteyear",
    "pk": 23
},
{
    "fields": {
        "date_expected_MECC": null,
        "code_year": 2015,
        "id_cmp": 24,
        "date_last_notif": null
    },
    "model": "years.instituteyear",
    "pk": 24
},
{
    "fields": {
        "date_expected_MECC": null,
        "code_year": 2015,
        "id_cmp": 25,
        "date_last_notif": null
    },
    "model": "years.instituteyear",
    "pk": 25
},
{
    "fields": {
        "date_expected_MECC": null,
        "code_year": 2015,
        "id_cmp": 26,
        "date_last_notif": null
    },
    "model": "years.instituteyear",
    "pk": 26
},
{
    "fields": {
        "date_expected_MECC": null,
        "code_year": 2015,
        "id_cmp": 27,
        "date_last_notif": null
    },
    "model": "years.instituteyear",
    "pk": 27
},
{
    "fields": {
        "date_expected_MECC": null,
        "code_year": 2015,
        "id_cmp": 28,
        "date_last_notif": null
    },
    "model": "years.instituteyear",
    "pk": 28
},
{
    "fields": {
        "date_expected_MECC": null,
        "code_year": 2015,
        "id_cmp": 29,
        "date_last_notif": null
    },
    "model": "years.instituteyear",
    "pk": 29
},
{
    "fields": {
        "date_expected_MECC": null,
        "code_year": 2015,
        "id_cmp": 30,
        "date_last_notif": null
    },
    "model": "years.instituteyear",
    "pk": 30
},
{
    "fields": {
        "date_expected_MECC": null,
        "code_year": 2015,
        "id_cmp": 31,
        "date_last_notif": null
    },
    "model": "years.instituteyear",
    "pk": 31
},
{
    "fields": {
        "date_expected_MECC": null,
        "code_year": 2015,
        "id_cmp": 32,
        "date_last_notif": null
    },
    "model": "years.instituteyear",
    "pk": 32
},
{
    "fields": {
        "date_expected_MECC": null,
        "code_year": 2015,
        "id_cmp": 33,
        "date_last_notif": null
    },
    "model": "years.instituteyear",
    "pk": 33
},
{
    "fields": {
        "date_expected_MECC": null,
        "code_year": 2015,
        "id_cmp": 34,
        "date_last_notif": null
    },
    "model": "years.instituteyear",
    "pk": 34
},
{
    "fields": {
        "date_expected_MECC": null,
        "code_year": 2015,
        "id_cmp": 35,
        "date_last_notif": null
    },
    "model": "years.instituteyear",
    "pk": 35
},
{
    "fields": {
        "date_expected_MECC": null,
        "code_year": 2015,
        "id_cmp": 36,
        "date_last_notif": null
    },
    "model": "years.instituteyear",
    "pk": 36
},
{
    "fields": {
        "date_validation": null,
        "is_year_init": true,
        "is_target_year": true,
        "pdf_doc": "",
        "code_year": 2015,
        "label_year": "Ann\u00e9e universitaire 2015/2016",
        "date_expected": null
    },
    "model": "years.universityyear",
    "pk": 1
},
{
    "fields": {
        "code": "REFSCOL",
        "label": "Responsable Formation Scolarit\u00e9"
    },
    "model": "adm.profile",
    "pk": 1
},
{
    "fields": {
        "code": "DIRETU",
        "label": "Directeur d'\u00e9tudes"
    },
    "model": "adm.profile",
    "pk": 2
},
{
    "fields": {
        "code": "GESCOL",
        "label": "Gestionnaire de scolarit\u00e9"
    },
    "model": "adm.profile",
    "pk": 3
},
{
    "fields": {
        "code": "RESPFORM",
        "label": "Responsable de formation"
    },
    "model": "adm.profile",
    "pk": 4
},
{
    "fields": {
        "code": "RAC",
        "label": "Responsable administratif"
    },
    "model": "adm.profile",
    "pk": 5
},
{
    "fields": {
        "code": "DIRCOMP",
        "label": "Directeur de composante"
    },
    "model": "adm.profile",
    "pk": 6
},
{
    "fields": {
        "code": "ECI",
        "label": "Membre de la commission ECI"
    },
    "model": "adm.profile",
    "pk": 7
},
{
    "fields": {
        "name": "Can add permission",
        "content_type": 1,
        "codename": "add_permission"
    },
    "model": "auth.permission",
    "pk": 1
},
{
    "fields": {
        "name": "Can change permission",
        "content_type": 1,
        "codename": "change_permission"
    },
    "model": "auth.permission",
    "pk": 2
},
{
    "fields": {
        "name": "Can delete permission",
        "content_type": 1,
        "codename": "delete_permission"
    },
    "model": "auth.permission",
    "pk": 3
},
{
    "fields": {
        "name": "Can add group",
        "content_type": 2,
        "codename": "add_group"
    },
    "model": "auth.permission",
    "pk": 4
},
{
    "fields": {
        "name": "Can change group",
        "content_type": 2,
        "codename": "change_group"
    },
    "model": "auth.permission",
    "pk": 5
},
{
    "fields": {
        "name": "Can delete group",
        "content_type": 2,
        "codename": "delete_group"
    },
    "model": "auth.permission",
    "pk": 6
},
{
    "fields": {
        "name": "Can add user",
        "content_type": 3,
        "codename": "add_user"
    },
    "model": "auth.permission",
    "pk": 7
},
{
    "fields": {
        "name": "Can change user",
        "content_type": 3,
        "codename": "change_user"
    },
    "model": "auth.permission",
    "pk": 8
},
{
    "fields": {
        "name": "Can delete user",
        "content_type": 3,
        "codename": "delete_user"
    },
    "model": "auth.permission",
    "pk": 9
},
{
    "fields": {
        "name": "Can add content type",
        "content_type": 4,
        "codename": "add_contenttype"
    },
    "model": "auth.permission",
    "pk": 10
},
{
    "fields": {
        "name": "Can change content type",
        "content_type": 4,
        "codename": "change_contenttype"
    },
    "model": "auth.permission",
    "pk": 11
},
{
    "fields": {
        "name": "Can delete content type",
        "content_type": 4,
        "codename": "delete_contenttype"
    },
    "model": "auth.permission",
    "pk": 12
},
{
    "fields": {
        "name": "Can add session",
        "content_type": 5,
        "codename": "add_session"
    },
    "model": "auth.permission",
    "pk": 13
},
{
    "fields": {
        "name": "Can change session",
        "content_type": 5,
        "codename": "change_session"
    },
    "model": "auth.permission",
    "pk": 14
},
{
    "fields": {
        "name": "Can delete session",
        "content_type": 5,
        "codename": "delete_session"
    },
    "model": "auth.permission",
    "pk": 15
},
{
    "fields": {
        "name": "Can add site",
        "content_type": 6,
        "codename": "add_site"
    },
    "model": "auth.permission",
    "pk": 16
},
{
    "fields": {
        "name": "Can change site",
        "content_type": 6,
        "codename": "change_site"
    },
    "model": "auth.permission",
    "pk": 17
},
{
    "fields": {
        "name": "Can delete site",
        "content_type": 6,
        "codename": "delete_site"
    },
    "model": "auth.permission",
    "pk": 18
},
{
    "fields": {
        "name": "Can add log entry",
        "content_type": 7,
        "codename": "add_logentry"
    },
    "model": "auth.permission",
    "pk": 19
},
{
    "fields": {
        "name": "Can change log entry",
        "content_type": 7,
        "codename": "change_logentry"
    },
    "model": "auth.permission",
    "pk": 20
},
{
    "fields": {
        "name": "Can delete log entry",
        "content_type": 7,
        "codename": "delete_logentry"
    },
    "model": "auth.permission",
    "pk": 21
},
{
    "fields": {
        "name": "Can add tgt",
        "content_type": 8,
        "codename": "add_tgt"
    },
    "model": "auth.permission",
    "pk": 22
},
{
    "fields": {
        "name": "Can change tgt",
        "content_type": 8,
        "codename": "change_tgt"
    },
    "model": "auth.permission",
    "pk": 23
},
{
    "fields": {
        "name": "Can delete tgt",
        "content_type": 8,
        "codename": "delete_tgt"
    },
    "model": "auth.permission",
    "pk": 24
},
{
    "fields": {
        "name": "Can add pgt iou",
        "content_type": 9,
        "codename": "add_pgtiou"
    },
    "model": "auth.permission",
    "pk": 25
},
{
    "fields": {
        "name": "Can change pgt iou",
        "content_type": 9,
        "codename": "change_pgtiou"
    },
    "model": "auth.permission",
    "pk": 26
},
{
    "fields": {
        "name": "Can delete pgt iou",
        "content_type": 9,
        "codename": "delete_pgtiou"
    },
    "model": "auth.permission",
    "pk": 27
},
{
    "fields": {
        "name": "Can add session service ticket",
        "content_type": 10,
        "codename": "add_sessionserviceticket"
    },
    "model": "auth.permission",
    "pk": 28
},
{
    "fields": {
        "name": "Can change session service ticket",
        "content_type": 10,
        "codename": "change_sessionserviceticket"
    },
    "model": "auth.permission",
    "pk": 29
},
{
    "fields": {
        "name": "Can delete session service ticket",
        "content_type": 10,
        "codename": "delete_sessionserviceticket"
    },
    "model": "auth.permission",
    "pk": 30
},
{
    "fields": {
        "name": "Can add eci commission member",
        "content_type": 11,
        "codename": "add_ecicommissionmember"
    },
    "model": "auth.permission",
    "pk": 31
},
{
    "fields": {
        "name": "Can change eci commission member",
        "content_type": 11,
        "codename": "change_ecicommissionmember"
    },
    "model": "auth.permission",
    "pk": 32
},
{
    "fields": {
        "name": "Can delete eci commission member",
        "content_type": 11,
        "codename": "delete_ecicommissionmember"
    },
    "model": "auth.permission",
    "pk": 33
},
{
    "fields": {
        "name": "Peut voir les membres de la commission ECI",
        "content_type": 11,
        "codename": "can_view_eci_commission_member"
    },
    "model": "auth.permission",
    "pk": 34
},
{
    "fields": {
        "name": "Can add degree type",
        "content_type": 12,
        "codename": "add_degreetype"
    },
    "model": "auth.permission",
    "pk": 35
},
{
    "fields": {
        "name": "Can change degree type",
        "content_type": 12,
        "codename": "change_degreetype"
    },
    "model": "auth.permission",
    "pk": 36
},
{
    "fields": {
        "name": "Can delete degree type",
        "content_type": 12,
        "codename": "delete_degreetype"
    },
    "model": "auth.permission",
    "pk": 37
},
{
    "fields": {
        "name": "Peut voir les types de dip\u00f4me",
        "content_type": 12,
        "codename": "can_view_degree_type"
    },
    "model": "auth.permission",
    "pk": 38
},
{
    "fields": {
        "name": "Can add degree",
        "content_type": 13,
        "codename": "add_degree"
    },
    "model": "auth.permission",
    "pk": 39
},
{
    "fields": {
        "name": "Can change degree",
        "content_type": 13,
        "codename": "change_degree"
    },
    "model": "auth.permission",
    "pk": 40
},
{
    "fields": {
        "name": "Can delete degree",
        "content_type": 13,
        "codename": "delete_degree"
    },
    "model": "auth.permission",
    "pk": 41
},
{
    "fields": {
        "name": "Can add academic field",
        "content_type": 14,
        "codename": "add_academicfield"
    },
    "model": "auth.permission",
    "pk": 42
},
{
    "fields": {
        "name": "Can change academic field",
        "content_type": 14,
        "codename": "change_academicfield"
    },
    "model": "auth.permission",
    "pk": 43
},
{
    "fields": {
        "name": "Can delete academic field",
        "content_type": 14,
        "codename": "delete_academicfield"
    },
    "model": "auth.permission",
    "pk": 44
},
{
    "fields": {
        "name": "Can add institute",
        "content_type": 15,
        "codename": "add_institute"
    },
    "model": "auth.permission",
    "pk": 45
},
{
    "fields": {
        "name": "Can change institute",
        "content_type": 15,
        "codename": "change_institute"
    },
    "model": "auth.permission",
    "pk": 46
},
{
    "fields": {
        "name": "Can delete institute",
        "content_type": 15,
        "codename": "delete_institute"
    },
    "model": "auth.permission",
    "pk": 47
},
{
    "fields": {
        "name": "Peut voir les composantes",
        "content_type": 15,
        "codename": "can_view_institute"
    },
    "model": "auth.permission",
    "pk": 48
},
{
    "fields": {
        "name": "Can add institute year",
        "content_type": 16,
        "codename": "add_instituteyear"
    },
    "model": "auth.permission",
    "pk": 49
},
{
    "fields": {
        "name": "Can change institute year",
        "content_type": 16,
        "codename": "change_instituteyear"
    },
    "model": "auth.permission",
    "pk": 50
},
{
    "fields": {
        "name": "Can delete institute year",
        "content_type": 16,
        "codename": "delete_instituteyear"
    },
    "model": "auth.permission",
    "pk": 51
},
{
    "fields": {
        "name": "Can add university year",
        "content_type": 17,
        "codename": "add_universityyear"
    },
    "model": "auth.permission",
    "pk": 52
},
{
    "fields": {
        "name": "Can change university year",
        "content_type": 17,
        "codename": "change_universityyear"
    },
    "model": "auth.permission",
    "pk": 53
},
{
    "fields": {
        "name": "Can delete university year",
        "content_type": 17,
        "codename": "delete_universityyear"
    },
    "model": "auth.permission",
    "pk": 54
},
{
    "fields": {
        "name": "Can add profile",
        "content_type": 18,
        "codename": "add_profile"
    },
    "model": "auth.permission",
    "pk": 55
},
{
    "fields": {
        "name": "Can change profile",
        "content_type": 18,
        "codename": "change_profile"
    },
    "model": "auth.permission",
    "pk": 56
},
{
    "fields": {
        "name": "Can delete profile",
        "content_type": 18,
        "codename": "delete_profile"
    },
    "model": "auth.permission",
    "pk": 57
},
{
    "fields": {
        "name": "Donne acc\u00e8s \u00e0 un large pannel de fonctionnalit\u00e9",
        "content_type": 18,
        "codename": "DES1"
    },
    "model": "auth.permission",
    "pk": 58
},
{
    "fields": {
        "name": "Donne acc\u00e8s \u00e0 un pannel restreint",
        "content_type": 18,
        "codename": "DES2"
    },
    "model": "auth.permission",
    "pk": 59
},
{
    "fields": {
        "name": "Peut usurper l'identit\u00e9 des utilisateurs",
        "content_type": 18,
        "codename": "DES3"
    },
    "model": "auth.permission",
    "pk": 60
},
{
    "fields": {
        "name": "Can add mecc user",
        "content_type": 19,
        "codename": "add_meccuser"
    },
    "model": "auth.permission",
    "pk": 61
},
{
    "fields": {
        "name": "Can change mecc user",
        "content_type": 19,
        "codename": "change_meccuser"
    },
    "model": "auth.permission",
    "pk": 62
},
{
    "fields": {
        "name": "Can delete mecc user",
        "content_type": 19,
        "codename": "delete_meccuser"
    },
    "model": "auth.permission",
    "pk": 63
},
{
    "fields": {
        "name": "DES1",
        "permissions": []
    },
    "model": "auth.group",
    "pk": 1
},
{
    "fields": {
        "name": "DES2",
        "permissions": []
    },
    "model": "auth.group",
    "pk": 2
},
{
    "fields": {
        "name": "DES3",
        "permissions": []
    },
    "model": "auth.group",
    "pk": 3
},
{
    "fields": {
        "password": "pbkdf2_sha256$20000$WVqQ9yArATgx$q6e7jV/8E0cXXbuNFzHggSeGm09lEA/d6ctGZ2yHPaA=",
        "date_joined": "2016-03-01T11:52:40.697Z",
        "is_active": true,
        "groups": [],
        "is_staff": true,
        "user_permissions": [],
        "is_superuser": true,
        "last_name": "",
        "username": "ibis.ismail",
        "first_name": "",
        "last_login": "2016-03-18T14:30:24.578Z",
        "email": ""
    },
    "model": "auth.user",
    "pk": 1
},
{
    "fields": {
        "password": "pbkdf2_sha256$20000$At8sgieDnzxX$ZeWi7+ni0/T+1tyjP/FumqL4ZDAu8Exmj2Mg6H/90Ms=",
        "date_joined": "2016-03-01T11:56:15.208Z",
        "is_active": true,
        "groups": [
            3
        ],
        "is_staff": false,
        "user_permissions": [],
        "is_superuser": false,
        "last_name": "",
        "username": "DES3",
        "first_name": "",
        "last_login": null,
        "email": ""
    },
    "model": "auth.user",
    "pk": 2
},
{
    "fields": {
        "password": "pbkdf2_sha256$20000$TgNUKBElggwO$XQsDFLudGvq9qQvGDzA/U9sJB/UJHEb8nFXkZa/tDCQ=",
        "date_joined": "2016-03-01T12:00:08.149Z",
        "is_active": true,
        "groups": [],
        "is_staff": true,
        "user_permissions": [],
        "is_superuser": true,
        "last_name": "",
        "username": "weible",
        "first_name": "",
        "last_login": null,
        "email": ""
    },
    "model": "auth.user",
    "pk": 4
},
{
    "fields": {
        "password": "",
        "date_joined": "2016-03-18T14:15:48.340Z",
        "is_active": true,
        "groups": [],
        "is_staff": false,
        "user_permissions": [],
        "is_superuser": false,
        "last_name": "AMIOT",
        "username": "amiot",
        "first_name": "Flore",
        "last_login": null,
        "email": "amiot@unistra.fr"
    },
    "model": "auth.user",
    "pk": 5
},
{
    "fields": {
        "password": "",
        "date_joined": "2016-03-18T14:15:49.138Z",
        "is_active": true,
        "groups": [],
        "is_staff": false,
        "user_permissions": [],
        "is_superuser": false,
        "last_name": "HERQUE",
        "username": "herque",
        "first_name": "Jean-Fran\u00e7ois",
        "last_login": "2016-03-18T14:32:33.674Z",
        "email": "herque@unistra.fr"
    },
    "model": "auth.user",
    "pk": 6
},
{
    "fields": {
        "password": "!ZUZ2ChvXdCF3a1sVGWcAbZghlA6YPTND9f7YKr9W",
        "date_joined": "2016-03-18T14:16:42.914Z",
        "is_active": true,
        "groups": [],
        "is_staff": false,
        "user_permissions": [],
        "is_superuser": false,
        "last_name": "BISCHOFF-FREGUIN",
        "username": "bischofffreguin",
        "first_name": "Patricia",
        "last_login": null,
        "email": ""
    },
    "model": "auth.user",
    "pk": 7
},
{
    "fields": {
        "password": "!KiTlsUtEQdfC9OoncrSDCChtvj4oVXyhvBPNnDZ4",
        "date_joined": "2016-03-18T14:17:40.062Z",
        "is_active": true,
        "groups": [],
        "is_staff": false,
        "user_permissions": [],
        "is_superuser": false,
        "last_name": "VILA",
        "username": "laurent.vila",
        "first_name": "Laurent",
        "last_login": null,
        "email": ""
    },
    "model": "auth.user",
    "pk": 8
},
{
    "fields": {
        "password": "!as8ADlrb0oa6uOWVmicqGVdM4ZpyQkw2kfHjS4P1",
        "date_joined": "2016-03-18T14:18:02.838Z",
        "is_active": true,
        "groups": [],
        "is_staff": false,
        "user_permissions": [],
        "is_superuser": false,
        "last_name": "DE VILLENEUVE",
        "username": "villeneuve",
        "first_name": "Chantal",
        "last_login": null,
        "email": ""
    },
    "model": "auth.user",
    "pk": 9
},
{
    "fields": {
        "password": "!oVF0Zudw64LXZZS2ijZnE6RVsxYNXysNfYgryL6Z",
        "date_joined": "2016-03-18T14:18:31.314Z",
        "is_active": true,
        "groups": [],
        "is_staff": false,
        "user_permissions": [],
        "is_superuser": false,
        "last_name": "COSTA",
        "username": "costa",
        "first_name": "Anne",
        "last_login": null,
        "email": ""
    },
    "model": "auth.user",
    "pk": 10
},
{
    "fields": {
        "password": "!10WcdobctivXP461YESnpj5ohJgsJEgRYoUfRTPD",
        "date_joined": "2016-03-18T14:18:45.053Z",
        "is_active": true,
        "groups": [],
        "is_staff": false,
        "user_permissions": [],
        "is_superuser": false,
        "last_name": "VINCENT",
        "username": "arnaud.vincent",
        "first_name": "Arnaud",
        "last_login": null,
        "email": ""
    },
    "model": "auth.user",
    "pk": 11
},
{
    "fields": {
        "password": "!xjvv6nQGJH5KcCtXk4M6YUbNSmzscE2OgixPDwPU",
        "date_joined": "2016-03-18T14:19:15.672Z",
        "is_active": true,
        "groups": [],
        "is_staff": false,
        "user_permissions": [],
        "is_superuser": false,
        "last_name": "b",
        "username": "jdbarrera",
        "first_name": "Juan David",
        "last_login": null,
        "email": ""
    },
    "model": "auth.user",
    "pk": 12
},
{
    "fields": {
        "password": "!Aia5WAIcqvDVQy44Yv2JKzUjk54Gw1SSmx6bJqUM",
        "date_joined": "2016-03-18T14:19:50.367Z",
        "is_active": true,
        "groups": [],
        "is_staff": false,
        "user_permissions": [],
        "is_superuser": false,
        "last_name": "IMBERT",
        "username": "c.imbert",
        "first_name": "Christelle",
        "last_login": null,
        "email": ""
    },
    "model": "auth.user",
    "pk": 13
},
{
    "fields": {
        "password": "!aIa5HiSPdxMMeBUd2R4dxw0GOb9UcS6RW0ugo4Fv",
        "date_joined": "2016-03-18T14:33:04.502Z",
        "is_active": true,
        "groups": [],
        "is_staff": false,
        "user_permissions": [],
        "is_superuser": false,
        "last_name": "MEYER WACKER",
        "username": "mfmeyer",
        "first_name": "Marie-France",
        "last_login": null,
        "email": ""
    },
    "model": "auth.user",
    "pk": 14
},
{
    "fields": {
        "password": "!HV8autbN9VKVJik67fdw62KfXR0yc7xoStWvHyOt",
        "date_joined": "2016-03-18T14:37:56.975Z",
        "is_active": true,
        "groups": [],
        "is_staff": false,
        "user_permissions": [],
        "is_superuser": false,
        "last_name": "CHAVOT",
        "username": "philippe.chavot",
        "first_name": "Philippe",
        "last_login": null,
        "email": ""
    },
    "model": "auth.user",
    "pk": 15
},
{
    "fields": {
        "password": "!PX0O5mN0nXa5T7KgoTicP6tqMym0lDOEZBvh0O4n",
        "date_joined": "2016-03-18T14:38:29.889Z",
        "is_active": true,
        "groups": [],
        "is_staff": false,
        "user_permissions": [],
        "is_superuser": false,
        "last_name": "JAMBOIS",
        "username": "lucjambois",
        "first_name": "Luc",
        "last_login": null,
        "email": ""
    },
    "model": "auth.user",
    "pk": 16
},
{
    "fields": {
        "password": "!SzBKHpGLY6hKhy6CKjlkqE5BPApUrrTAnqRbPPCJ",
        "date_joined": "2016-03-18T14:40:31.235Z",
        "is_active": true,
        "groups": [],
        "is_staff": false,
        "user_permissions": [],
        "is_superuser": false,
        "last_name": "BURGY",
        "username": "cburgy",
        "first_name": "Catherine",
        "last_login": null,
        "email": ""
    },
    "model": "auth.user",
    "pk": 17
},
{
    "fields": {
        "password": "!JIr9f6F0lEoT1pTjepI3MDmDba3HyEpRYGXASch9",
        "date_joined": "2016-03-18T14:40:41.642Z",
        "is_active": true,
        "groups": [],
        "is_staff": false,
        "user_permissions": [],
        "is_superuser": false,
        "last_name": "MARQUET",
        "username": "marquet",
        "first_name": "Pascal",
        "last_login": null,
        "email": ""
    },
    "model": "auth.user",
    "pk": 18
},
{
    "fields": {
        "change_message": "",
        "object_repr": "test",
        "action_flag": 3,
        "content_type": 3,
        "action_time": "2016-03-18T14:14:48.222Z",
        "user": 1,
        "object_id": "3"
    },
    "model": "admin.logentry",
    "pk": 1
},
{
    "fields": {
        "cmp": "ART",
        "profile": [
            5
        ],
        "user": 5,
        "is_ref_app": false,
        "status": ""
    },
    "model": "adm.meccuser",
    "pk": 1
},
{
    "fields": {
        "cmp": "ART",
        "profile": [
            6
        ],
        "user": 6,
        "is_ref_app": false,
        "status": ""
    },
    "model": "adm.meccuser",
    "pk": 2
},
{
    "fields": {
        "cmp": "ART",
        "profile": [
            2
        ],
        "user": 7,
        "is_ref_app": false,
        "status": ""
    },
    "model": "adm.meccuser",
    "pk": 3
},
{
    "fields": {
        "cmp": "ART",
        "profile": [
            3
        ],
        "user": 8,
        "is_ref_app": false,
        "status": ""
    },
    "model": "adm.meccuser",
    "pk": 4
},
{
    "fields": {
        "cmp": "ART",
        "profile": [
            3
        ],
        "user": 9,
        "is_ref_app": false,
        "status": ""
    },
    "model": "adm.meccuser",
    "pk": 5
},
{
    "fields": {
        "cmp": "ART",
        "profile": [
            3
        ],
        "user": 10,
        "is_ref_app": false,
        "status": ""
    },
    "model": "adm.meccuser",
    "pk": 6
},
{
    "fields": {
        "cmp": "ART",
        "profile": [
            2
        ],
        "user": 11,
        "is_ref_app": false,
        "status": ""
    },
    "model": "adm.meccuser",
    "pk": 7
},
{
    "fields": {
        "cmp": "ART",
        "profile": [
            2
        ],
        "user": 12,
        "is_ref_app": false,
        "status": ""
    },
    "model": "adm.meccuser",
    "pk": 8
},
{
    "fields": {
        "cmp": "ART",
        "profile": [
            2
        ],
        "user": 13,
        "is_ref_app": false,
        "status": ""
    },
    "model": "adm.meccuser",
    "pk": 9
},
{
    "fields": {
        "cmp": "ART",
        "profile": [
            2
        ],
        "user": 14,
        "is_ref_app": false,
        "status": ""
    },
    "model": "adm.meccuser",
    "pk": 10
},
{
    "fields": {
        "cmp": "EDU",
        "profile": [
            2
        ],
        "user": 15,
        "is_ref_app": false,
        "status": ""
    },
    "model": "adm.meccuser",
    "pk": 11
},
{
    "fields": {
        "cmp": "EDU",
        "profile": [
            2
        ],
        "user": 16,
        "is_ref_app": false,
        "status": ""
    },
    "model": "adm.meccuser",
    "pk": 12
},
{
    "fields": {
        "cmp": "EDU",
        "profile": [
            2
        ],
        "user": 17,
        "is_ref_app": false,
        "status": ""
    },
    "model": "adm.meccuser",
    "pk": 13
},
{
    "fields": {
        "cmp": "EDU",
        "profile": [
            2
        ],
        "user": 18,
        "is_ref_app": false,
        "status": ""
    },
    "model": "adm.meccuser",
    "pk": 14
}
]
