[{
    "model": "institute.academicfield",
    "fields": {
        "name": "Arts, Lettres, Langues"
    },
    "pk": 1
}, {
    "model": "institute.academicfield",
    "fields": {
        "name": "Droit, \u00e9conomie, gestion et sciences politiques et sociales"
    },
    "pk": 2
}, {
    "model": "institute.academicfield",
    "fields": {
        "name": "Sant\u00e9"
    },
    "pk": 3
}, {
    "model": "institute.academicfield",
    "fields": {
        "name": "Sciences humaines et sociales"
    },
    "pk": 4
}, {
    "model": "institute.academicfield",
    "fields": {
        "name": "Sciences, Technologies"
    },
    "pk": 5
}, {
     "model": "institute.institute",
     "fields": {
         "code": "ART",
         "rac": null,
         "label": "Faculté des arts",
         "field": 1,
         "dircomp": null,
         "is_on_duty": true,
         "scol_manager": [],
         "diretu": []
     },
     "pk": 1
 }, {
     "model": "institute.institute",
     "fields": {
         "code": "LVI",
         "rac": null,
         "label": "Faculté des langues et des cultures étrangères",
         "field": 1,
         "dircomp": null,
         "is_on_duty": true,
         "scol_manager": [],
         "diretu": []
     },
     "pk": 2
 }, {
     "model": "institute.institute",
     "fields": {
         "code": "LGA",
         "rac": null,
         "label": "Faculté des langues et sciences humaines appliquées (LSHA)",
         "field": 1,
         "dircomp": null,
         "is_on_duty": true,
         "scol_manager": [],
         "diretu": []
     },
     "pk": 3
 }, {
     "model": "institute.institute",
     "fields": {
         "code": "LET",
         "rac": null,
         "label": "Faculté des lettres",
         "field": 1,
         "dircomp": null,
         "is_on_duty": true,
         "scol_manager": [],
         "diretu": []
     },
     "pk": 4
 }, {
     "model": "institute.institute",
     "fields": {
         "code": "CPI",
         "rac": null,
         "label": "Centre d 'études internationales de la propriété intellectuelle (CEIPI)",
         "field": 2,
         "dircomp": null,
         "is_on_duty": true,
         "scol_manager": [],
         "diretu": []
     },
     "pk": 5
 }, {
     "model": "institute.institute",
     "fields": {
         "code": "CUJ",
         "rac": null,
         "label": "Centre universitaire d'enseignement du journalisme (CUEJ)",
         "field": 2,
         "dircomp": null,
         "is_on_duty": true,
         "scol_manager": [],
         "diretu": []
     },
     "pk": 6
 }, {
     "model": "institute.institute",
     "fields": {
         "code": "EMS",
         "rac": null,
         "label": "Ecole de management Strasbourg (EM)",
         "field": 2,
         "dircomp": null,
         "is_on_duty": true,
         "scol_manager": [],
         "diretu": []
     },
     "pk": 7
 }, {
     "model": "institute.institute",
     "fields": {
         "code": "DRT",
         "rac": null,
         "label": "Faculté de droit, de sciences politiques et de gestion",
         "field": 2,
         "dircomp": null,
         "is_on_duty": true,
         "scol_manager": [],
         "diretu": []
     },
     "pk": 8
 }, {
     "model": "institute.institute",
     "fields": {
         "code": "SEG",
         "rac": null,
         "label": "Faculté de sciences économiques et de gestion (FSEG)",
         "field": 2,
         "dircomp": null,
         "is_on_duty": true,
         "scol_manager": [],
         "diretu": []
     },
     "pk": 9
 }, {
     "model": "institute.institute",
     "fields": {
         "code": "PAG",
         "rac": null,
         "label": "Institut de préparation à l'administration générale (IPAG)",
         "field": 2,
         "dircomp": null,
         "is_on_duty": true,
         "scol_manager": [],
         "diretu": []
     },
     "pk": 10
 }, {
     "model": "institute.institute",
     "fields": {
         "code": "IEP",
         "rac": null,
         "label": "Institut d'études politiques (IEP)",
         "field": 2,
         "dircomp": null,
         "is_on_duty": true,
         "scol_manager": [],
         "diretu": []
     },
     "pk": 11
 }, {
     "model": "institute.institute",
     "fields": {
         "code": "ODO",
         "rac": null,
         "label": "Faculté de chirurgie dentaire",
         "field": 3,
         "dircomp": null,
         "is_on_duty": true,
         "scol_manager": [],
         "diretu": []
     },
     "pk": 12
 }, {
     "model": "institute.institute",
     "fields": {
         "code": "MED",
         "rac": null,
         "label": "Faculté de médecine",
         "field": 3,
         "dircomp": null,
         "is_on_duty": true,
         "scol_manager": [],
         "diretu": []
     },
     "pk": 13
 }, {
     "model": "institute.institute",
     "fields": {
         "code": "PHA",
         "rac": null,
         "label": "Faculté de pharmacie",
         "field": 3,
         "dircomp": null,
         "is_on_duty": true,
         "scol_manager": [],
         "diretu": []
     },
     "pk": 14
 }, {
     "model": "institute.institute",
     "fields": {
         "code": "EPE",
         "rac": null,
         "label": "Ecole supérieure du professorat et de l'éducation (ESPE)",
         "field": 4,
         "dircomp": null,
         "is_on_duty": true,
         "scol_manager": [],
         "diretu": []
     },
     "pk": 15
 }, {
     "model": "institute.institute",
     "fields": {
         "code": "GEO",
         "rac": null,
         "label": "Faculté de géographie et d'aménagement",
         "field": 4,
         "dircomp": null,
         "is_on_duty": true,
         "scol_manager": [],
         "diretu": []
     },
     "pk": 16
 }, {
     "model": "institute.institute",
     "fields": {
         "code": "PLI",
         "rac": null,
         "label": "Faculté de philosophie",
         "field": 4,
         "dircomp": null,
         "is_on_duty": true,
         "scol_manager": [],
         "diretu": []
     },
     "pk": 17
 }, {
     "model": "institute.institute",
     "fields": {
         "code": "PSY",
         "rac": null,
         "label": "Faculté de psychologie",
         "field": 4,
         "dircomp": null,
         "is_on_duty": true,
         "scol_manager": [],
         "diretu": []
     },
     "pk": 18
 }, {
     "model": "institute.institute",
     "fields": {
         "code": "EDU",
         "rac": null,
         "label": "Faculté de sciences de l'éducation",
         "field": 4,
         "dircomp": null,
         "is_on_duty": true,
         "scol_manager": [],
         "diretu": []
     },
     "pk": 19
 }, {
     "model": "institute.institute",
     "fields": {
         "code": "THC",
         "rac": null,
         "label": "Faculté de théologie catholique",
         "field": 4,
         "dircomp": null,
         "is_on_duty": true,
         "scol_manager": [],
         "diretu": []
     },
     "pk": 20
 }, {
     "model": "institute.institute",
     "fields": {
         "code": "THP",
         "rac": null,
         "label": "Faculté de théologie protestante",
         "field": 4,
         "dircomp": null,
         "is_on_duty": true,
         "scol_manager": [],
         "diretu": []
     },
     "pk": 21
 }, {
     "model": "institute.institute",
     "fields": {
         "code": "APS",
         "rac": null,
         "label": "Faculté des sciences du sport",
         "field": 4,
         "dircomp": null,
         "is_on_duty": true,
         "scol_manager": [],
         "diretu": []
     },
     "pk": 22
 }, {
     "model": "institute.institute",
     "fields": {
         "code": "HIS",
         "rac": null,
         "label": "Faculté des Sciences Historiques",
         "field": 4,
         "dircomp": null,
         "is_on_duty": true,
         "scol_manager": [],
         "diretu": []
     },
     "pk": 23
 }, {
     "model": "institute.institute",
     "fields": {
         "code": "SOC",
         "rac": null,
         "label": "Faculté des sciences sociales",
         "field": 4,
         "dircomp": null,
         "is_on_duty": true,
         "scol_manager": [],
         "diretu": []
     },
     "pk": 24
 }, {
     "model": "institute.institute",
     "fields": {
         "code": "EOT",
         "rac": null,
         "label": "Ecole et observatoire des sciences de la Terre (EOST)",
         "field": 5,
         "dircomp": null,
         "is_on_duty": true,
         "scol_manager": [],
         "diretu": []
     },
     "pk": 25
 }, {
     "model": "institute.institute",
     "fields": {
         "code": "ECP",
         "rac": null,
         "label": "Ecole européenne de chimie, polymères et matériaux (ECPM)",
         "field": 5,
         "dircomp": null,
         "is_on_duty": true,
         "scol_manager": [],
         "diretu": []
     },
     "pk": 26
 }, {
     "model": "institute.institute",
     "fields": {
         "code": "ESB",
         "rac": null,
         "label": "Ecole supérieure de biotechnologie de Strasbourg (ESBS)",
         "field": 5,
         "dircomp": null,
         "is_on_duty": true,
         "scol_manager": [],
         "diretu": []
     },
     "pk": 27
 }, {
     "model": "institute.institute",
     "fields": {
         "code": "CHM",
         "rac": null,
         "label": "Faculté de chimie",
         "field": 5,
         "dircomp": null,
         "is_on_duty": true,
         "scol_manager": [],
         "diretu": []
     },
     "pk": 28
 }, {
     "model": "institute.institute",
     "fields": {
         "code": "VIE",
         "rac": null,
         "label": "Faculté des sciences de la vie",
         "field": 5,
         "dircomp": null,
         "is_on_duty": true,
         "scol_manager": [],
         "diretu": []
     },
     "pk": 29
 }, {
     "model": "institute.institute",
     "fields": {
         "code": "IHA",
         "rac": null,
         "label": "Institut universitaire de technologie de Haguenau",
         "field": 5,
         "dircomp": null,
         "is_on_duty": true,
         "scol_manager": [],
         "diretu": []
     },
     "pk": 30
 }, {
     "model": "institute.institute",
     "fields": {
         "code": "ISC",
         "rac": null,
         "label": "Institut universitaire de technologie Louis Pasteur",
         "field": 5,
         "dircomp": null,
         "is_on_duty": true,
         "scol_manager": [],
         "diretu": []
     },
     "pk": 31
 }, {
     "model": "institute.institute",
     "fields": {
         "code": "ILL",
         "rac": null,
         "label": "Institut universitaire de technologie Robert Schuman",
         "field": 5,
         "dircomp": null,
         "is_on_duty": true,
         "scol_manager": [],
         "diretu": []
     },
     "pk": 32
 }, {
     "model": "institute.institute",
     "fields": {
         "code": "OBS",
         "rac": null,
         "label": "Observatoire astronomique de Strasbourg",
         "field": 5,
         "dircomp": null,
         "is_on_duty": true,
         "scol_manager": [],
         "diretu": []
     },
     "pk": 33
 }, {
     "model": "institute.institute",
     "fields": {
         "code": "ESP",
         "rac": null,
         "label": "Télécom Physique Strasbourg",
         "field": 5,
         "dircomp": null,
         "is_on_duty": true,
         "scol_manager": [],
         "diretu": []
     },
     "pk": 34
 }, {
     "model": "institute.institute",
     "fields": {
         "code": "MAI",
         "rac": null,
         "label": "UFR de Mathématique et d'informatique",
         "field": 5,
         "dircomp": null,
         "is_on_duty": true,
         "scol_manager": [],
         "diretu": []
     },
     "pk": 35
 }, {
     "model": "institute.institute",
     "fields": {
         "code": "PHI",
         "rac": null,
         "label": "UFR physique et ingénierie",
         "field": 5,
         "dircomp": null,
         "is_on_duty": true,
         "scol_manager": [],
         "diretu": []
     },
     "pk": 36
 }, {
       "fields": {
           "display_order": 1,
           "short_label": "DAEU",
           "long_label": "Diplôme d'accès aux études universitaires",
           "is_in_use": true,
           "ROF_code": ""
       },
       "model": "degree.degreetype",
       "pk": 1
   }, {
       "fields": {
           "display_order": 2,
           "short_label": "Capacité (Droit)",
           "long_label": "Capacité",
           "is_in_use": true,
           "ROF_code": ""
       },
       "model": "degree.degreetype",
       "pk": 2
   }, {
       "fields": {
           "display_order": 3,
           "short_label": "DUT",
           "long_label": "Diplôme Universitaire de Technologie",
           "is_in_use": true,
           "ROF_code": ""
       },
       "model": "degree.degreetype",
       "pk": 3
   }, {
       "fields": {
           "display_order": 4,
           "short_label": "DEUST",
           "long_label": "Diplôme d'Etudes Universitaires Scientifiques et Techniques",
           "is_in_use": true,
           "ROF_code": ""
       },
       "model": "degree.degreetype",
       "pk": 4
   }, {
       "fields": {
           "display_order": 5,
           "short_label": "Licence",
           "long_label": "Licence",
           "is_in_use": true,
           "ROF_code": ""
       },
       "model": "degree.degreetype",
       "pk": 5
   }, {
       "fields": {
           "display_order": 6,
           "short_label": "Licence professionnelle",
           "long_label": "Licence professionnelle",
           "is_in_use": true,
           "ROF_code": ""
       },
       "model": "degree.degreetype",
       "pk": 6
   }, {
       "fields": {
           "display_order": 7,
           "short_label": "Master",
           "long_label": "Master",
           "is_in_use": true,
           "ROF_code": ""
       },
       "model": "degree.degreetype",
       "pk": 7
   }, {
       "fields": {
           "display_order": 20,
           "short_label": "DU - Diplôme d'Université",
           "long_label": "Diplôme d'Université",
           "is_in_use": true,
           "ROF_code": ""
       },
       "model": "degree.degreetype",
       "pk": 8
   }, {
       "fields": {
           "display_order": 30,
           "short_label": "ECOLE - Diplôme d'ingénieur",
           "long_label": "Diplôme d'ingénieur",
           "is_in_use": true,
           "ROF_code": ""
       },
       "model": "degree.degreetype",
       "pk": 9
   }, {
       "fields": {
           "display_order": 31,
           "short_label": "ECOLE - Diplôme IEP",
           "long_label": "Diplôme de l'Institut d'Etudes Politiques",
           "is_in_use": true,
           "ROF_code": ""
       },
       "model": "degree.degreetype",
       "pk": 10
   }, {
       "fields": {
           "display_order": 32,
           "short_label": "ECOLE - Diplôme Grande Ecole",
           "long_label": "Diplôme Grande Ecole",
           "is_in_use": true,
           "ROF_code": ""
       },
       "model": "degree.degreetype",
       "pk": 11
   }, {
       "fields": {
           "display_order": 40,
           "short_label": "PREPA - Préparation Ecole Ingénieur",
           "long_label": "Préparation Ecole d'ingénieur",
           "is_in_use": true,
           "ROF_code": ""
       },
       "model": "degree.degreetype",
       "pk": 12
   }, {
       "fields": {
           "display_order": 41,
           "short_label": "PREPA - Préparation aux concours ",
           "long_label": "Préparation aux concours",
           "is_in_use": true,
           "ROF_code": ""
       },
       "model": "degree.degreetype",
       "pk": 13
   }, {
       "fields": {
           "display_order": 50,
           "short_label": "SANTE - PACES",
           "long_label": "Première Année Commune des Etudes de Santé",
           "is_in_use": true,
           "ROF_code": ""
       },
       "model": "degree.degreetype",
       "pk": 14
   }, {
       "fields": {
           "display_order": 51,
           "short_label": "SANTE - DFGS",
           "long_label": "Diplôme de Formation Générale en Santé",
           "is_in_use": true,
           "ROF_code": ""
       },
       "model": "degree.degreetype",
       "pk": 15
   }, {
       "fields": {
           "display_order": 52,
           "short_label": "SANTE - DFAS",
           "long_label": "Diplôme de Formation Approfondie en Santé",
           "is_in_use": true,
           "ROF_code": ""
       },
       "model": "degree.degreetype",
       "pk": 16
   }, {
       "fields": {
           "display_order": 53,
           "short_label": "SANTE - Diplôme d'Etat en Pharmacie",
           "long_label": "Diplôme d'Etat de Docteur en Pharmacie",
           "is_in_use": true,
           "ROF_code": ""
       },
       "model": "degree.degreetype",
       "pk": 17
   }, {
       "fields": {
           "display_order": 54,
           "short_label": "SANTE - Diplôme d'Etat en Dentaire",
           "long_label": "Diplôme d'Etat de Docteur en Dentaire",
           "is_in_use": true,
           "ROF_code": ""
       },
       "model": "degree.degreetype",
       "pk": 18
   }, {
       "fields": {
           "display_order": 55,
           "short_label": "SANTE - Diplôme d'Etat en Médecine",
           "long_label": "Diplôme d'Etat de Docteur en Médecine",
           "is_in_use": true,
           "ROF_code": ""
       },
       "model": "degree.degreetype",
       "pk": 19
   }, {
       "fields": {
           "display_order": 56,
           "short_label": "SANTE - DFMS",
           "long_label": "Diplôme de Formation Médicale Spécialisée",
           "is_in_use": true,
           "ROF_code": ""
       },
       "model": "degree.degreetype",
       "pk": 20
   }, {
       "fields": {
           "display_order": 57,
           "short_label": "SANTE - DFMSA",
           "long_label": "Diplôme de  Formation Médicale Spécialisée Approfondie",
           "is_in_use": true,
           "ROF_code": ""
       },
       "model": "degree.degreetype",
       "pk": 21
   }, {
       "fields": {
           "display_order": 58,
           "short_label": "SANTE - CECS (CECSMO)",
           "long_label": "Certificat d'études cliniques spécialisées",
           "is_in_use": true,
           "ROF_code": ""
       },
       "model": "degree.degreetype",
       "pk": 22
   }, {
       "fields": {
           "display_order": 59,
           "short_label": "SANTE - Capacité Santé",
           "long_label": "Capacité",
           "is_in_use": true,
           "ROF_code": ""
       },
       "model": "degree.degreetype",
       "pk": 23
   }, {
       "fields": {
           "display_order": 60,
           "short_label": "SANTE - CES dentaire",
           "long_label": "Certificat d'Etudes Supérieures dentaire",
           "is_in_use": true,
           "ROF_code": ""
       },
       "model": "degree.degreetype",
       "pk": 24
   },  {
       "fields": {
           "display_order": 61,
           "short_label": "SANTE - CES médecine",
           "long_label": "Certificat d'Etudes Supérieures médecine",
           "is_in_use": true,
           "ROF_code": ""
       },
       "model": "degree.degreetype",
       "pk": 25
   },{
       "model": "adm.profile",
       "pk": 1,
       "fields": {
           "label": "Responsable Formation Scolarit\u00e9",
           "code": "REFSCOL"
       }
   }, {
       "model": "adm.profile",
       "pk": 2,
       "fields": {
           "label": "Directeur d'\u00e9tudes",
           "code": "DIRETU"
       }
   }, {
       "model": "adm.profile",
       "pk": 3,
       "fields": {
           "label": "Gestionnaire de scolarité",
           "code": "GESCOL"
       }
   }, {
       "model": "adm.profile",
       "pk": 4,
       "fields": {
           "label": "Responsable de formation",
           "code": "RESPFORM"
       }
   }, {
       "model": "adm.profile",
       "pk": 5,
       "fields": {
           "label": "Responsable administratif",
           "code": "RAC"
       }
   }, {
       "model": "adm.profile",
       "pk": 6,
       "fields": {
           "label": "Directeur de composante",
           "code": "DIRCOMP"
       }
   }, {
       "model": "adm.profile",
       "pk": 7,
       "fields": {
           "label": "Membre de la commission ECI",
           "code": "ECI"
       }
   }, {
        "pk": 1,
        "fields": {
            "name": "DES1",
            "permissions": [67]
        },
        "model": "auth.group"
    }, {
        "pk": 2,
        "fields": {
            "name": "DES2",
            "permissions": [68]
        },
        "model": "auth.group"
    }, {
        "pk": 3,
        "fields": {
            "name": "DES3",
            "permissions": [69]
        },
        "model": "auth.group"
    },{
        "pk": 1,
        "fields": {
            "is_superuser": true,
            "password": "pbkdf2_sha256$20000$WVqQ9yArATgx$q6e7jV/8E0cXXbuNFzHggSeGm09lEA/d6ctGZ2yHPaA=",
            "date_joined": "2016-03-01T11:52:40.697Z",
            "username": "ibis.ismail",
            "is_staff": true,
            "is_active": true,
            "email": "",
            "first_name": "",
            "last_login": "2016-03-02T10:46:07.591Z",
            "groups": [],
            "user_permissions": [],
            "last_name": ""
        },
        "model": "auth.user"
    }, {
        "pk": 2,
        "fields": {
            "is_superuser": false,
            "password": "pbkdf2_sha256$20000$At8sgieDnzxX$ZeWi7+ni0/T+1tyjP/FumqL4ZDAu8Exmj2Mg6H/90Ms=",
            "date_joined": "2016-03-01T11:56:15.208Z",
            "username": "DES3",
            "is_staff": false,
            "is_active": true,
            "email": "",
            "first_name": "",
            "last_login": null,
            "groups": [3],
            "user_permissions": [],
            "last_name": ""
        },
        "model": "auth.user"
    }, {
        "pk": 3,
        "fields": {
            "is_superuser": false,
            "password": "pbkdf2_sha256$20000$EtOrrKWyekFd$nH0gotvMNYrkaoG2USKBdVkKgH+VPxDixS/YY0XnHNc=",
            "date_joined": "2016-03-01T11:56:37.409Z",
            "username": "test",
            "is_staff": false,
            "is_active": true,
            "email": "",
            "first_name": "",
            "last_login": null,
            "groups": [],
            "user_permissions": [],
            "last_name": ""
        },
        "model": "auth.user"
    }, {
        "pk": 4,
        "fields": {
            "is_superuser": true,
            "password": "pbkdf2_sha256$20000$TgNUKBElggwO$XQsDFLudGvq9qQvGDzA/U9sJB/UJHEb8nFXkZa/tDCQ=",
            "date_joined": "2016-03-01T12:00:08.149Z",
            "username": "weible",
            "is_staff": true,
            "is_active": true,
            "email": "",
            "first_name": "",
            "last_login": null,
            "groups": [],
            "user_permissions": [],
            "last_name": ""
        },
        "model": "auth.user"
    }]
