[
{
  "pk": 1,
  "model": "contenttypes.contenttype",
  "fields": {
    "model": "permission",
    "app_label": "auth"
  }
},
{
  "pk": 2,
  "model": "contenttypes.contenttype",
  "fields": {
    "model": "group",
    "app_label": "auth"
  }
},
{
  "pk": 3,
  "model": "contenttypes.contenttype",
  "fields": {
    "model": "user",
    "app_label": "auth"
  }
},
{
  "pk": 4,
  "model": "contenttypes.contenttype",
  "fields": {
    "model": "contenttype",
    "app_label": "contenttypes"
  }
},
{
  "pk": 5,
  "model": "contenttypes.contenttype",
  "fields": {
    "model": "session",
    "app_label": "sessions"
  }
},
{
  "pk": 6,
  "model": "contenttypes.contenttype",
  "fields": {
    "model": "site",
    "app_label": "sites"
  }
},
{
  "pk": 7,
  "model": "contenttypes.contenttype",
  "fields": {
    "model": "logentry",
    "app_label": "admin"
  }
},
{
  "pk": 8,
  "model": "contenttypes.contenttype",
  "fields": {
    "model": "tgt",
    "app_label": "django_cas"
  }
},
{
  "pk": 9,
  "model": "contenttypes.contenttype",
  "fields": {
    "model": "pgtiou",
    "app_label": "django_cas"
  }
},
{
  "pk": 10,
  "model": "contenttypes.contenttype",
  "fields": {
    "model": "sessionserviceticket",
    "app_label": "django_cas"
  }
},
{
  "pk": 11,
  "model": "contenttypes.contenttype",
  "fields": {
    "model": "ecicommissionmember",
    "app_label": "commission"
  }
},
{
  "pk": 12,
  "model": "contenttypes.contenttype",
  "fields": {
    "model": "degreetype",
    "app_label": "degree"
  }
},
{
  "pk": 13,
  "model": "contenttypes.contenttype",
  "fields": {
    "model": "degree",
    "app_label": "degree"
  }
},
{
  "pk": 14,
  "model": "contenttypes.contenttype",
  "fields": {
    "model": "academicfield",
    "app_label": "institute"
  }
},
{
  "pk": 15,
  "model": "contenttypes.contenttype",
  "fields": {
    "model": "institute",
    "app_label": "institute"
  }
},
{
  "pk": 16,
  "model": "contenttypes.contenttype",
  "fields": {
    "model": "instituteyear",
    "app_label": "years"
  }
},
{
  "pk": 17,
  "model": "contenttypes.contenttype",
  "fields": {
    "model": "universityyear",
    "app_label": "years"
  }
},
{
  "pk": 18,
  "model": "contenttypes.contenttype",
  "fields": {
    "model": "profile",
    "app_label": "adm"
  }
},
{
  "pk": 19,
  "model": "contenttypes.contenttype",
  "fields": {
    "model": "meccuser",
    "app_label": "adm"
  }
},
{
  "pk": 20,
  "model": "contenttypes.contenttype",
  "fields": {
    "model": "impact",
    "app_label": "rules"
  }
},
{
  "pk": 21,
  "model": "contenttypes.contenttype",
  "fields": {
    "model": "rule",
    "app_label": "rules"
  }
},
{
  "pk": 22,
  "model": "contenttypes.contenttype",
  "fields": {
    "model": "paragraph",
    "app_label": "rules"
  }
},
{
  "pk": 23,
  "model": "contenttypes.contenttype",
  "fields": {
    "model": "training",
    "app_label": "training"
  }
},
{
  "pk": "egsgma8w14lve9t8u3jzdf17ybef9ego",
  "model": "sessions.session",
  "fields": {
    "expire_date": "2016-07-14T14:34:21.664Z",
    "session_data": "ODAyYTE5ZDVhMWUwMzE2OTgyODUwZDEwNGRkNjIxYzlkMTRiODQ3Yzp7Il9hdXRoX3VzZXJfaWQiOiIxIiwiX2F1dGhfdXNlcl9iYWNrZW5kIjoiZGphbmdvX2Nhcy5iYWNrZW5kcy5DQVNCYWNrZW5kIiwiX2F1dGhfdXNlcl9oYXNoIjoiN2ZmZjg1MWFkZDgyYTdjNTU2NWI4NGRjYzI1NTEzMzdiZTg4Y2M1MSIsImN1cnJlbnRfY29kZV95ZWFyIjoyMDE1LCJjdXJyZW50X3llYXIiOiJBbm5cdTAwZTllIHVuaXZlcnNpdGFpcmUgMjAxNS8yMDE2IiwiaXNfc3Bvb2ZlZF91c2VyIjpmYWxzZX0="
  }
},
{
  "pk": "fcoxjavt718ggagrqftyft7uoheq539g",
  "model": "sessions.session",
  "fields": {
    "expire_date": "2016-08-12T14:19:04.305Z",
    "session_data": "Y2U1OTBjYTg3ODcyZTYwOGI0NzkxYjdlMmUxMDA2NTQzMmI4MzY3Njp7Il9hdXRoX3VzZXJfaGFzaCI6IjdmZmY4NTFhZGQ4MmE3YzU1NjViODRkY2MyNTUxMzM3YmU4OGNjNTEiLCJjdXJyZW50X2NvZGVfeWVhciI6MjAxNSwiX2F1dGhfdXNlcl9iYWNrZW5kIjoiZGphbmdvX2Nhcy5iYWNrZW5kcy5DQVNCYWNrZW5kIiwiY3VycmVudF95ZWFyIjoiQW5uXHUwMGU5ZSB1bml2ZXJzaXRhaXJlIDIwMTUvMjAxNiIsIl9hdXRoX3VzZXJfaWQiOiIxIiwidmlzaXRlZF9jbXAiOiJFQ1AifQ=="
  }
},
{
  "pk": "h71cyd2g9lez1pm07v7mxyn10po1mwpe",
  "model": "sessions.session",
  "fields": {
    "expire_date": "2016-07-20T14:47:03.534Z",
    "session_data": "MjJhZjVmMjZlNTVmM2Q5OWQ5OTgyZGI0NjMzOWQzMTFkZjY5MGQ5Mzp7Il9hdXRoX3VzZXJfaGFzaCI6IjdmZmY4NTFhZGQ4MmE3YzU1NjViODRkY2MyNTUxMzM3YmU4OGNjNTEiLCJfYXV0aF91c2VyX2lkIjoiMSIsInZpc2l0ZWRfY21wIjoiQVJUIiwiY3VycmVudF95ZWFyIjoiQW5uXHUwMGU5ZSB1bml2ZXJzaXRhaXJlIDIwMTUvMjAxNiIsIl9hdXRoX3VzZXJfYmFja2VuZCI6ImRqYW5nb19jYXMuYmFja2VuZHMuQ0FTQmFja2VuZCIsImN1cnJlbnRfY29kZV95ZWFyIjoyMDE1fQ=="
  }
},
{
  "pk": "k6z5a3vm4ufzdrcfjj0c5q095drigxiq",
  "model": "sessions.session",
  "fields": {
    "expire_date": "2016-09-05T13:23:33.584Z",
    "session_data": "YmU0NTUyYTAxNmZkN2E3YjAwYTM5MmVhZDEwNzU4OTljMTgwY2E5ODp7InZpc2l0ZWRfY21wIjpudWxsLCJjdXJyZW50X3llYXIiOiJBbm5cdTAwZTllIHVuaXZlcnNpdGFpcmUgMjAxNS8yMDE2IiwiX2F1dGhfdXNlcl9iYWNrZW5kIjoiZGphbmdvX2Nhcy5iYWNrZW5kcy5DQVNCYWNrZW5kIiwiX2F1dGhfdXNlcl9oYXNoIjoiN2ZmZjg1MWFkZDgyYTdjNTU2NWI4NGRjYzI1NTEzMzdiZTg4Y2M1MSIsImN1cnJlbnRfY29kZV95ZWFyIjoyMDE1LCJfYXV0aF91c2VyX2lkIjoiMSJ9"
  }
},
{
  "pk": 1,
  "model": "sites.site",
  "fields": {
    "name": "example.com",
    "domain": "example.com"
  }
},
{
  "pk": "ST-2333480-l6siPwr5ngOPtVd9a5Uo-cas2",
  "model": "django_cas.sessionserviceticket",
  "fields": {
    "session_key": "70lsdapvvbv208x3p1vok5vg52wqjbtz"
  }
},
{
  "pk": "ST-2337539-L5aqq99Xdh96cRq3kSTm-cas2",
  "model": "django_cas.sessionserviceticket",
  "fields": {
    "session_key": "or2sub86pmgjmw18s1754372hasbt593"
  }
},
{
  "pk": "ST-2518497-GBlr1qZqrjVK4lgW25Ad-cas2",
  "model": "django_cas.sessionserviceticket",
  "fields": {
    "session_key": "h71cyd2g9lez1pm07v7mxyn10po1mwpe"
  }
},
{
  "pk": "ST-2523271-CBrK0O4cfMc9fbZIrEqg-cas1",
  "model": "django_cas.sessionserviceticket",
  "fields": {
    "session_key": "et3h9vs7n7p0boagkzece8edp1zbzkgv"
  }
},
{
  "pk": "ST-2524444-6C4gVcWuBfk0tHY9E1IE-cas1",
  "model": "django_cas.sessionserviceticket",
  "fields": {
    "session_key": "myvidehreys4pn1f8tae37xbbhjczra2"
  }
},
{
  "pk": "ST-2896247-9NMZVkF711vZUtxeHcVX-cas1",
  "model": "django_cas.sessionserviceticket",
  "fields": {
    "session_key": "k6z5a3vm4ufzdrcfjj0c5q095drigxiq"
  }
},
{
  "pk": "ST-2897294-DKvJ2ahMRpBOReA9GILy-cas2",
  "model": "django_cas.sessionserviceticket",
  "fields": {
    "session_key": "fcoxjavt718ggagrqftyft7uoheq539g"
  }
},
{
  "pk": "ST-2955762-dafqckkZ6SVf7FonE5Qe-cas2",
  "model": "django_cas.sessionserviceticket",
  "fields": {
    "session_key": "6bqo0ilzsybzfzy2p60dgj8nw805ze23"
  }
},
{
  "pk": 1,
  "model": "commission.ecicommissionmember",
  "fields": {
    "first_name": "Valerie",
    "email": "v.fritsch@unistra.fr",
    "last_name": "Fritsch-Noirard",
    "member_type": "commission",
    "username": "v.fritsch"
  }
},
{
  "pk": 2,
  "model": "commission.ecicommissionmember",
  "fields": {
    "first_name": "Lauriane",
    "email": "lauriane.kuhn@etu.unistra.fr",
    "last_name": "Kuhn",
    "member_type": "tenured",
    "username": "laurianekuhn"
  }
},
{
  "pk": 3,
  "model": "commission.ecicommissionmember",
  "fields": {
    "first_name": "Gilles",
    "email": "gerb@unistra.fr",
    "last_name": "Erb",
    "member_type": "commission",
    "username": "gerb"
  }
},
{
  "pk": 1,
  "model": "degree.degreetype",
  "fields": {
    "long_label": "Dipl\u00f4me d'acc\u00e8s aux \u00e9tudes universitaires",
    "is_in_use": true,
    "display_order": 1,
    "short_label": "DAEU",
    "ROF_code": "DA"
  }
},
{
  "pk": 2,
  "model": "degree.degreetype",
  "fields": {
    "long_label": "Capacit\u00e9",
    "is_in_use": true,
    "display_order": 2,
    "short_label": "Capacit\u00e9 (Droit)",
    "ROF_code": "AC"
  }
},
{
  "pk": 3,
  "model": "degree.degreetype",
  "fields": {
    "long_label": "Dipl\u00f4me Universitaire de Technologie",
    "is_in_use": true,
    "display_order": 3,
    "short_label": "DUT",
    "ROF_code": "DT"
  }
},
{
  "pk": 4,
  "model": "degree.degreetype",
  "fields": {
    "long_label": "Dipl\u00f4me d'Etudes Universitaires Scientifiques et Techniques",
    "is_in_use": true,
    "display_order": 4,
    "short_label": "DEUST",
    "ROF_code": "DE"
  }
},
{
  "pk": 5,
  "model": "degree.degreetype",
  "fields": {
    "long_label": "Licence",
    "is_in_use": true,
    "display_order": 5,
    "short_label": "Licence",
    "ROF_code": "XA"
  }
},
{
  "pk": 6,
  "model": "degree.degreetype",
  "fields": {
    "long_label": "Licence professionnelle",
    "is_in_use": true,
    "display_order": 6,
    "short_label": "Licence professionnelle",
    "ROF_code": "DP"
  }
},
{
  "pk": 7,
  "model": "degree.degreetype",
  "fields": {
    "long_label": "Master",
    "is_in_use": true,
    "display_order": 7,
    "short_label": "Master",
    "ROF_code": "XB"
  }
},
{
  "pk": 8,
  "model": "degree.degreetype",
  "fields": {
    "long_label": "Dipl\u00f4me d'Universit\u00e9",
    "is_in_use": true,
    "display_order": 20,
    "short_label": "DU - Dipl\u00f4me d'Universit\u00e9",
    "ROF_code": "1"
  }
},
{
  "pk": 9,
  "model": "degree.degreetype",
  "fields": {
    "long_label": "Dipl\u00f4me d'ing\u00e9nieur",
    "is_in_use": true,
    "display_order": 30,
    "short_label": "ECOLE - Dipl\u00f4me d'ing\u00e9nieur",
    "ROF_code": "UF"
  }
},
{
  "pk": 10,
  "model": "degree.degreetype",
  "fields": {
    "long_label": "Dipl\u00f4me de l'Institut d'Etudes Politiques",
    "is_in_use": true,
    "display_order": 31,
    "short_label": "ECOLE - Dipl\u00f4me IEP",
    "ROF_code": "IE"
  }
},
{
  "pk": 11,
  "model": "degree.degreetype",
  "fields": {
    "long_label": "Dipl\u00f4me Grande Ecole",
    "is_in_use": true,
    "display_order": 32,
    "short_label": "ECOLE - Dipl\u00f4me Grande Ecole",
    "ROF_code": "GE"
  }
},
{
  "pk": 12,
  "model": "degree.degreetype",
  "fields": {
    "long_label": "Pr\u00e9paration Ecole d'ing\u00e9nieur",
    "is_in_use": true,
    "display_order": 40,
    "short_label": "PREPA - Pr\u00e9paration Ecole Ing\u00e9nieur",
    "ROF_code": "EI"
  }
},
{
  "pk": 13,
  "model": "degree.degreetype",
  "fields": {
    "long_label": "Pr\u00e9paration aux concours",
    "is_in_use": true,
    "display_order": 41,
    "short_label": "PREPA - Pr\u00e9paration aux concours ",
    "ROF_code": "PR"
  }
},
{
  "pk": 14,
  "model": "degree.degreetype",
  "fields": {
    "long_label": "Premi\u00e8re Ann\u00e9e Commune des Etudes de Sant\u00e9",
    "is_in_use": true,
    "display_order": 50,
    "short_label": "SANTE - PACES",
    "ROF_code": "PS"
  }
},
{
  "pk": 15,
  "model": "degree.degreetype",
  "fields": {
    "long_label": "Dipl\u00f4me de Formation G\u00e9n\u00e9rale en Sant\u00e9",
    "is_in_use": true,
    "display_order": 51,
    "short_label": "SANTE - DFGS",
    "ROF_code": "DF"
  }
},
{
  "pk": 16,
  "model": "degree.degreetype",
  "fields": {
    "long_label": "Dipl\u00f4me de Formation Approfondie en Sant\u00e9",
    "is_in_use": true,
    "display_order": 52,
    "short_label": "SANTE - DFAS",
    "ROF_code": "DS"
  }
},
{
  "pk": 17,
  "model": "degree.degreetype",
  "fields": {
    "long_label": "Dipl\u00f4me d'Etat de Docteur en Pharmacie",
    "is_in_use": true,
    "display_order": 53,
    "short_label": "SANTE - Dipl\u00f4me d'Etat en Pharmacie",
    "ROF_code": "FH"
  }
},
{
  "pk": 18,
  "model": "degree.degreetype",
  "fields": {
    "long_label": "Dipl\u00f4me d'Etat de Docteur en Dentaire",
    "is_in_use": true,
    "display_order": 54,
    "short_label": "SANTE - Dipl\u00f4me d'Etat en Dentaire",
    "ROF_code": "DD"
  }
},
{
  "pk": 19,
  "model": "degree.degreetype",
  "fields": {
    "long_label": "Dipl\u00f4me d'Etat de Docteur en M\u00e9decine",
    "is_in_use": true,
    "display_order": 55,
    "short_label": "SANTE - Dipl\u00f4me d'Etat en M\u00e9decine",
    "ROF_code": "IB"
  }
},
{
  "pk": 20,
  "model": "degree.degreetype",
  "fields": {
    "long_label": "Dipl\u00f4me de Formation M\u00e9dicale Sp\u00e9cialis\u00e9e",
    "is_in_use": true,
    "display_order": 56,
    "short_label": "SANTE - DFMS",
    "ROF_code": "DM"
  }
},
{
  "pk": 21,
  "model": "degree.degreetype",
  "fields": {
    "long_label": "Dipl\u00f4me de  Formation M\u00e9dicale Sp\u00e9cialis\u00e9e Approfondie",
    "is_in_use": true,
    "display_order": 57,
    "short_label": "SANTE - DFMSA",
    "ROF_code": "AP"
  }
},
{
  "pk": 22,
  "model": "degree.degreetype",
  "fields": {
    "long_label": "Certificat d'\u00e9tudes cliniques sp\u00e9cialis\u00e9es",
    "is_in_use": true,
    "display_order": 58,
    "short_label": "SANTE - CECS (CECSMO)",
    "ROF_code": "JB"
  }
},
{
  "pk": 23,
  "model": "degree.degreetype",
  "fields": {
    "long_label": "Capacit\u00e9",
    "is_in_use": true,
    "display_order": 59,
    "short_label": "SANTE - Capacit\u00e9 Sant\u00e9",
    "ROF_code": "KG"
  }
},
{
  "pk": 24,
  "model": "degree.degreetype",
  "fields": {
    "long_label": "Certificat d'Etudes Sup\u00e9rieures dentaire",
    "is_in_use": true,
    "display_order": 60,
    "short_label": "SANTE - CES dentaire",
    "ROF_code": "SD"
  }
},
{
  "pk": 25,
  "model": "degree.degreetype",
  "fields": {
    "long_label": "Certificat d'Etudes Sup\u00e9rieures m\u00e9decine",
    "is_in_use": true,
    "display_order": 61,
    "short_label": "SANTE - CES m\u00e9decine",
    "ROF_code": "CM"
  }
},
{
  "pk": 26,
  "model": "degree.degreetype",
  "fields": {
    "long_label": "CATALOGUE enseignements NS",
    "is_in_use": true,
    "display_order": 0,
    "short_label": "CATALOGUE OF NS",
    "ROF_code": ""
  }
},
{
  "pk": 1,
  "model": "degree.degree",
  "fields": {
    "institutes": [
      28
    ],
    "start_year": 2013,
    "label": "Master - STS - Chimie - Agr\u00e9gation chimie",
    "degree_type": 7,
    "degree_type_label": "Master",
    "APOGEE_code": "CH015-232",
    "ROF_code": "",
    "is_used": true,
    "end_year": 2017
  }
},
{
  "pk": 2,
  "model": "degree.degree",
  "fields": {
    "institutes": [
      28
    ],
    "start_year": 2013,
    "label": "Master - STS - Chimie - Chimie verte",
    "degree_type": 7,
    "degree_type_label": "Master",
    "APOGEE_code": "CH1G5-232",
    "ROF_code": "",
    "is_used": true,
    "end_year": 2017
  }
},
{
  "pk": 3,
  "model": "degree.degree",
  "fields": {
    "institutes": [
      28
    ],
    "start_year": 2013,
    "label": "Licence - STS - Chimie",
    "degree_type": 5,
    "degree_type_label": "Licence",
    "APOGEE_code": "CH103-401-232-233-234",
    "ROF_code": "",
    "is_used": true,
    "end_year": 2017
  }
},
{
  "pk": 1,
  "model": "institute.academicfield",
  "fields": {
    "name": "Arts, Lettres, Langues"
  }
},
{
  "pk": 2,
  "model": "institute.academicfield",
  "fields": {
    "name": "Droit, \u00e9conomie, gestion et sciences politiques et sociales"
  }
},
{
  "pk": 3,
  "model": "institute.academicfield",
  "fields": {
    "name": "Sant\u00e9"
  }
},
{
  "pk": 4,
  "model": "institute.academicfield",
  "fields": {
    "name": "Sciences humaines et sociales"
  }
},
{
  "pk": 5,
  "model": "institute.academicfield",
  "fields": {
    "name": "Sciences, Technologies"
  }
},
{
  "pk": 1,
  "model": "institute.institute",
  "fields": {
    "code": "ART",
    "dircomp": null,
    "diretu": [],
    "scol_manager": [],
    "is_on_duty": true,
    "id_dircomp": "LITZLER Pierre",
    "ROF_code": "0672503G",
    "id_rac": "GROUT Nathalie",
    "label": "Facult\u00e9 des arts",
    "rac": null,
    "ROF_support": false,
    "field": 1
  }
},
{
  "pk": 2,
  "model": "institute.institute",
  "fields": {
    "code": "LVI",
    "dircomp": null,
    "diretu": [],
    "scol_manager": [],
    "is_on_duty": true,
    "id_dircomp": "",
    "ROF_code": "0671874Y",
    "id_rac": "",
    "label": "Facult\u00e9 des langues et des cultures \u00e9trang\u00e8res",
    "rac": null,
    "ROF_support": false,
    "field": 1
  }
},
{
  "pk": 3,
  "model": "institute.institute",
  "fields": {
    "code": "LGA",
    "dircomp": null,
    "diretu": [],
    "scol_manager": [],
    "is_on_duty": true,
    "id_dircomp": "",
    "ROF_code": "0672502F",
    "id_rac": "",
    "label": "Facult\u00e9 des langues et sciences humaines appliqu\u00e9es (LSHA)",
    "rac": null,
    "ROF_support": false,
    "field": 1
  }
},
{
  "pk": 4,
  "model": "institute.institute",
  "fields": {
    "code": "LET",
    "dircomp": null,
    "diretu": [],
    "scol_manager": [],
    "is_on_duty": true,
    "id_dircomp": "",
    "ROF_code": "0671875Z",
    "id_rac": "",
    "label": "Facult\u00e9 des lettres",
    "rac": null,
    "ROF_support": false,
    "field": 1
  }
},
{
  "pk": 5,
  "model": "institute.institute",
  "fields": {
    "code": "CPI",
    "dircomp": null,
    "diretu": [],
    "scol_manager": [],
    "is_on_duty": true,
    "id_dircomp": "",
    "ROF_code": "0671551X",
    "id_rac": "",
    "label": "Centre d '\u00e9tudes internationales de la propri\u00e9t\u00e9 intellectuelle (CEIPI)",
    "rac": null,
    "ROF_support": false,
    "field": 2
  }
},
{
  "pk": 6,
  "model": "institute.institute",
  "fields": {
    "code": "CUJ",
    "dircomp": null,
    "diretu": [],
    "scol_manager": [],
    "is_on_duty": true,
    "id_dircomp": "",
    "ROF_code": "0671881F",
    "id_rac": "",
    "label": "Centre universitaire d'enseignement du journalisme (CUEJ)",
    "rac": null,
    "ROF_support": false,
    "field": 2
  }
},
{
  "pk": 7,
  "model": "institute.institute",
  "fields": {
    "code": "EMS",
    "dircomp": null,
    "diretu": [],
    "scol_manager": [],
    "is_on_duty": true,
    "id_dircomp": "",
    "ROF_code": "0673015N",
    "id_rac": "",
    "label": "Ecole de management Strasbourg (EM)",
    "rac": null,
    "ROF_support": false,
    "field": 2
  }
},
{
  "pk": 8,
  "model": "institute.institute",
  "fields": {
    "code": "DRT",
    "dircomp": null,
    "diretu": [],
    "scol_manager": [],
    "is_on_duty": true,
    "id_dircomp": "",
    "ROF_code": "0671879D",
    "id_rac": "",
    "label": "Facult\u00e9 de droit, de sciences politiques et de gestion",
    "rac": null,
    "ROF_support": false,
    "field": 2
  }
},
{
  "pk": 9,
  "model": "institute.institute",
  "fields": {
    "code": "SEG",
    "dircomp": null,
    "diretu": [],
    "scol_manager": [],
    "is_on_duty": true,
    "id_dircomp": "",
    "ROF_code": "0671872W",
    "id_rac": "",
    "label": "Facult\u00e9 de sciences \u00e9conomiques et de gestion (FSEG)",
    "rac": null,
    "ROF_support": false,
    "field": 2
  }
},
{
  "pk": 10,
  "model": "institute.institute",
  "fields": {
    "code": "PAG",
    "dircomp": null,
    "diretu": [],
    "scol_manager": [],
    "is_on_duty": true,
    "id_dircomp": "",
    "ROF_code": "0670151A",
    "id_rac": "",
    "label": "Institut de pr\u00e9paration \u00e0 l'administration g\u00e9n\u00e9rale (IPAG)",
    "rac": null,
    "ROF_support": false,
    "field": 2
  }
},
{
  "pk": 11,
  "model": "institute.institute",
  "fields": {
    "code": "IEP",
    "dircomp": null,
    "diretu": [],
    "scol_manager": [],
    "is_on_duty": true,
    "id_dircomp": "",
    "ROF_code": "0670178E",
    "id_rac": "",
    "label": "Institut d'\u00e9tudes politiques (IEP)",
    "rac": null,
    "ROF_support": false,
    "field": 2
  }
},
{
  "pk": 12,
  "model": "institute.institute",
  "fields": {
    "code": "ODO",
    "dircomp": null,
    "diretu": [],
    "scol_manager": [],
    "is_on_duty": true,
    "id_dircomp": "",
    "ROF_code": "0671863L",
    "id_rac": "",
    "label": "Facult\u00e9 de chirurgie dentaire",
    "rac": null,
    "ROF_support": false,
    "field": 3
  }
},
{
  "pk": 13,
  "model": "institute.institute",
  "fields": {
    "code": "MED",
    "dircomp": null,
    "diretu": [],
    "scol_manager": [],
    "is_on_duty": true,
    "id_dircomp": "",
    "ROF_code": "0671860H",
    "id_rac": "",
    "label": "Facult\u00e9 de m\u00e9decine",
    "rac": null,
    "ROF_support": false,
    "field": 3
  }
},
{
  "pk": 14,
  "model": "institute.institute",
  "fields": {
    "code": "PHA",
    "dircomp": null,
    "diretu": [],
    "scol_manager": [],
    "is_on_duty": true,
    "id_dircomp": "",
    "ROF_code": "0671862K",
    "id_rac": "",
    "label": "Facult\u00e9 de pharmacie",
    "rac": null,
    "ROF_support": false,
    "field": 3
  }
},
{
  "pk": 15,
  "model": "institute.institute",
  "fields": {
    "code": "EPE",
    "dircomp": null,
    "diretu": [],
    "scol_manager": [],
    "is_on_duty": true,
    "id_dircomp": "",
    "ROF_code": "0673068W",
    "id_rac": "",
    "label": "Ecole sup\u00e9rieure du professorat et de l'\u00e9ducation (ESPE)",
    "rac": null,
    "ROF_support": false,
    "field": 4
  }
},
{
  "pk": 16,
  "model": "institute.institute",
  "fields": {
    "code": "GEO",
    "dircomp": null,
    "diretu": [
      32
    ],
    "scol_manager": [
      33
    ],
    "is_on_duty": true,
    "id_dircomp": "ROSIQUE Thierry",
    "ROF_code": "0671871V",
    "id_rac": "BELLAHCENE Abderrahman",
    "label": "Facult\u00e9 de g\u00e9ographie et d'am\u00e9nagement",
    "rac": null,
    "ROF_support": false,
    "field": 4
  }
},
{
  "pk": 17,
  "model": "institute.institute",
  "fields": {
    "code": "PLI",
    "dircomp": null,
    "diretu": [],
    "scol_manager": [],
    "is_on_duty": true,
    "id_dircomp": "",
    "ROF_code": "0671876A",
    "id_rac": "",
    "label": "Facult\u00e9 de philosophie",
    "rac": null,
    "ROF_support": false,
    "field": 4
  }
},
{
  "pk": 18,
  "model": "institute.institute",
  "fields": {
    "code": "PSY",
    "dircomp": null,
    "diretu": [],
    "scol_manager": [],
    "is_on_duty": true,
    "id_dircomp": "",
    "ROF_code": "0671870U",
    "id_rac": "",
    "label": "Facult\u00e9 de psychologie",
    "rac": null,
    "ROF_support": false,
    "field": 4
  }
},
{
  "pk": 19,
  "model": "institute.institute",
  "fields": {
    "code": "EDU",
    "dircomp": null,
    "diretu": [],
    "scol_manager": [],
    "is_on_duty": true,
    "id_dircomp": "",
    "ROF_code": "0673034J",
    "id_rac": "",
    "label": "Facult\u00e9 de sciences de l'\u00e9ducation",
    "rac": null,
    "ROF_support": false,
    "field": 4
  }
},
{
  "pk": 20,
  "model": "institute.institute",
  "fields": {
    "code": "THC",
    "dircomp": null,
    "diretu": [],
    "scol_manager": [],
    "is_on_duty": true,
    "id_dircomp": "",
    "ROF_code": "0670147W",
    "id_rac": "",
    "label": "Facult\u00e9 de th\u00e9ologie catholique",
    "rac": null,
    "ROF_support": false,
    "field": 4
  }
},
{
  "pk": 21,
  "model": "institute.institute",
  "fields": {
    "code": "THP",
    "dircomp": null,
    "diretu": [],
    "scol_manager": [],
    "is_on_duty": true,
    "id_dircomp": "",
    "ROF_code": "0670148X",
    "id_rac": "",
    "label": "Facult\u00e9 de th\u00e9ologie protestante",
    "rac": null,
    "ROF_support": false,
    "field": 4
  }
},
{
  "pk": 22,
  "model": "institute.institute",
  "fields": {
    "code": "APS",
    "dircomp": null,
    "diretu": [],
    "scol_manager": [],
    "is_on_duty": true,
    "id_dircomp": "",
    "ROF_code": "0672070L",
    "id_rac": "",
    "label": "Facult\u00e9 des sciences du sport",
    "rac": null,
    "ROF_support": false,
    "field": 4
  }
},
{
  "pk": 23,
  "model": "institute.institute",
  "fields": {
    "code": "HIS",
    "dircomp": null,
    "diretu": [],
    "scol_manager": [],
    "is_on_duty": true,
    "id_dircomp": "",
    "ROF_code": "0671877B",
    "id_rac": "",
    "label": "Facult\u00e9 des Sciences Historiques",
    "rac": null,
    "ROF_support": false,
    "field": 4
  }
},
{
  "pk": 24,
  "model": "institute.institute",
  "fields": {
    "code": "SOC",
    "dircomp": null,
    "diretu": [],
    "scol_manager": [],
    "is_on_duty": true,
    "id_dircomp": "",
    "ROF_code": "0671878C",
    "id_rac": "",
    "label": "Facult\u00e9 des sciences sociales",
    "rac": null,
    "ROF_support": false,
    "field": 4
  }
},
{
  "pk": 25,
  "model": "institute.institute",
  "fields": {
    "code": "EOT",
    "dircomp": null,
    "diretu": [],
    "scol_manager": [],
    "is_on_duty": true,
    "id_dircomp": "",
    "ROF_code": "0670176C",
    "id_rac": "",
    "label": "Ecole et observatoire des sciences de la Terre (EOST)",
    "rac": null,
    "ROF_support": false,
    "field": 5
  }
},
{
  "pk": 26,
  "model": "institute.institute",
  "fields": {
    "code": "ECP",
    "dircomp": null,
    "diretu": [],
    "scol_manager": [],
    "is_on_duty": true,
    "id_dircomp": "",
    "ROF_code": "0672792W",
    "id_rac": "",
    "label": "Ecole europ\u00e9enne de chimie, polym\u00e8res et mat\u00e9riaux (ECPM)",
    "rac": null,
    "ROF_support": false,
    "field": 5
  }
},
{
  "pk": 27,
  "model": "institute.institute",
  "fields": {
    "code": "ESB",
    "dircomp": null,
    "diretu": [],
    "scol_manager": [],
    "is_on_duty": true,
    "id_dircomp": "",
    "ROF_code": "0672504H",
    "id_rac": "",
    "label": "Ecole sup\u00e9rieure de biotechnologie de Strasbourg (ESBS)",
    "rac": null,
    "ROF_support": false,
    "field": 5
  }
},
{
  "pk": 28,
  "model": "institute.institute",
  "fields": {
    "code": "CHM",
    "dircomp": null,
    "diretu": [
      20
    ],
    "scol_manager": [
      18,
      19,
      21,
      25
    ],
    "is_on_duty": true,
    "id_dircomp": "PLANEIX Jean-Marc",
    "ROF_code": "0672640F",
    "id_rac": "GOT Brigitte",
    "label": "Facult\u00e9 de chimie",
    "rac": null,
    "ROF_support": false,
    "field": 5
  }
},
{
  "pk": 29,
  "model": "institute.institute",
  "fields": {
    "code": "VIE",
    "dircomp": null,
    "diretu": [],
    "scol_manager": [],
    "is_on_duty": true,
    "id_dircomp": "",
    "ROF_code": "0671867R",
    "id_rac": "",
    "label": "Facult\u00e9 des sciences de la vie",
    "rac": null,
    "ROF_support": false,
    "field": 5
  }
},
{
  "pk": 30,
  "model": "institute.institute",
  "fields": {
    "code": "IHA",
    "dircomp": null,
    "diretu": [],
    "scol_manager": [],
    "is_on_duty": true,
    "id_dircomp": "",
    "ROF_code": "0672834S",
    "id_rac": "",
    "label": "Institut universitaire de technologie de Haguenau",
    "rac": null,
    "ROF_support": false,
    "field": 5
  }
},
{
  "pk": 31,
  "model": "institute.institute",
  "fields": {
    "code": "ISC",
    "dircomp": null,
    "diretu": [],
    "scol_manager": [],
    "is_on_duty": true,
    "id_dircomp": "",
    "ROF_code": "0672462M",
    "id_rac": "",
    "label": "Institut universitaire de technologie Louis Pasteur",
    "rac": null,
    "ROF_support": false,
    "field": 5
  }
},
{
  "pk": 32,
  "model": "institute.institute",
  "fields": {
    "code": "ILL",
    "dircomp": null,
    "diretu": [],
    "scol_manager": [],
    "is_on_duty": true,
    "id_dircomp": "",
    "ROF_code": "0671557D",
    "id_rac": "",
    "label": "Institut universitaire de technologie Robert Schuman",
    "rac": null,
    "ROF_support": false,
    "field": 5
  }
},
{
  "pk": 33,
  "model": "institute.institute",
  "fields": {
    "code": "OBS",
    "dircomp": null,
    "diretu": [],
    "scol_manager": [],
    "is_on_duty": true,
    "id_dircomp": "",
    "ROF_code": "0670173Z",
    "id_rac": "",
    "label": "Observatoire astronomique de Strasbourg",
    "rac": null,
    "ROF_support": false,
    "field": 5
  }
},
{
  "pk": 34,
  "model": "institute.institute",
  "fields": {
    "code": "ESP",
    "dircomp": null,
    "diretu": [],
    "scol_manager": [],
    "is_on_duty": true,
    "id_dircomp": "",
    "ROF_code": "0672380Y",
    "id_rac": "",
    "label": "T\u00e9l\u00e9com Physique Strasbourg",
    "rac": null,
    "ROF_support": false,
    "field": 5
  }
},
{
  "pk": 35,
  "model": "institute.institute",
  "fields": {
    "code": "MAI",
    "dircomp": null,
    "diretu": [],
    "scol_manager": [],
    "is_on_duty": true,
    "id_dircomp": "",
    "ROF_code": "0671864M",
    "id_rac": "",
    "label": "UFR de Math\u00e9matique et d'informatique",
    "rac": null,
    "ROF_support": false,
    "field": 5
  }
},
{
  "pk": 36,
  "model": "institute.institute",
  "fields": {
    "code": "PHI",
    "dircomp": null,
    "diretu": [],
    "scol_manager": [],
    "is_on_duty": true,
    "id_dircomp": "",
    "ROF_code": "0673024Y",
    "id_rac": "",
    "label": "Facult\u00e9 de physique et ing\u00e9nierie",
    "rac": null,
    "ROF_support": false,
    "field": 5
  }
},
{
  "pk": 37,
  "model": "institute.institute",
  "fields": {
    "code": "ITR",
    "dircomp": null,
    "diretu": [],
    "scol_manager": [],
    "is_on_duty": true,
    "id_dircomp": "",
    "ROF_code": "0670182J",
    "id_rac": "",
    "label": "Institut du travail",
    "rac": null,
    "ROF_support": false,
    "field": 2
  }
},
{
  "pk": 1,
  "model": "years.instituteyear",
  "fields": {
    "id_cmp": 1,
    "date_last_notif": null,
    "date_expected_MECC": null,
    "code_year": 2015
  }
},
{
  "pk": 2,
  "model": "years.instituteyear",
  "fields": {
    "id_cmp": 2,
    "date_last_notif": null,
    "date_expected_MECC": null,
    "code_year": 2015
  }
},
{
  "pk": 3,
  "model": "years.instituteyear",
  "fields": {
    "id_cmp": 3,
    "date_last_notif": null,
    "date_expected_MECC": null,
    "code_year": 2015
  }
},
{
  "pk": 4,
  "model": "years.instituteyear",
  "fields": {
    "id_cmp": 4,
    "date_last_notif": null,
    "date_expected_MECC": null,
    "code_year": 2015
  }
},
{
  "pk": 5,
  "model": "years.instituteyear",
  "fields": {
    "id_cmp": 5,
    "date_last_notif": null,
    "date_expected_MECC": null,
    "code_year": 2015
  }
},
{
  "pk": 6,
  "model": "years.instituteyear",
  "fields": {
    "id_cmp": 6,
    "date_last_notif": null,
    "date_expected_MECC": null,
    "code_year": 2015
  }
},
{
  "pk": 7,
  "model": "years.instituteyear",
  "fields": {
    "id_cmp": 7,
    "date_last_notif": null,
    "date_expected_MECC": null,
    "code_year": 2015
  }
},
{
  "pk": 8,
  "model": "years.instituteyear",
  "fields": {
    "id_cmp": 8,
    "date_last_notif": null,
    "date_expected_MECC": null,
    "code_year": 2015
  }
},
{
  "pk": 9,
  "model": "years.instituteyear",
  "fields": {
    "id_cmp": 9,
    "date_last_notif": null,
    "date_expected_MECC": null,
    "code_year": 2015
  }
},
{
  "pk": 10,
  "model": "years.instituteyear",
  "fields": {
    "id_cmp": 10,
    "date_last_notif": null,
    "date_expected_MECC": null,
    "code_year": 2015
  }
},
{
  "pk": 11,
  "model": "years.instituteyear",
  "fields": {
    "id_cmp": 11,
    "date_last_notif": null,
    "date_expected_MECC": null,
    "code_year": 2015
  }
},
{
  "pk": 12,
  "model": "years.instituteyear",
  "fields": {
    "id_cmp": 12,
    "date_last_notif": null,
    "date_expected_MECC": null,
    "code_year": 2015
  }
},
{
  "pk": 13,
  "model": "years.instituteyear",
  "fields": {
    "id_cmp": 13,
    "date_last_notif": null,
    "date_expected_MECC": null,
    "code_year": 2015
  }
},
{
  "pk": 14,
  "model": "years.instituteyear",
  "fields": {
    "id_cmp": 14,
    "date_last_notif": null,
    "date_expected_MECC": null,
    "code_year": 2015
  }
},
{
  "pk": 15,
  "model": "years.instituteyear",
  "fields": {
    "id_cmp": 15,
    "date_last_notif": null,
    "date_expected_MECC": null,
    "code_year": 2015
  }
},
{
  "pk": 16,
  "model": "years.instituteyear",
  "fields": {
    "id_cmp": 16,
    "date_last_notif": null,
    "date_expected_MECC": "2015-06-16",
    "code_year": 2015
  }
},
{
  "pk": 17,
  "model": "years.instituteyear",
  "fields": {
    "id_cmp": 17,
    "date_last_notif": null,
    "date_expected_MECC": null,
    "code_year": 2015
  }
},
{
  "pk": 18,
  "model": "years.instituteyear",
  "fields": {
    "id_cmp": 18,
    "date_last_notif": null,
    "date_expected_MECC": null,
    "code_year": 2015
  }
},
{
  "pk": 19,
  "model": "years.instituteyear",
  "fields": {
    "id_cmp": 19,
    "date_last_notif": null,
    "date_expected_MECC": null,
    "code_year": 2015
  }
},
{
  "pk": 20,
  "model": "years.instituteyear",
  "fields": {
    "id_cmp": 20,
    "date_last_notif": null,
    "date_expected_MECC": null,
    "code_year": 2015
  }
},
{
  "pk": 21,
  "model": "years.instituteyear",
  "fields": {
    "id_cmp": 21,
    "date_last_notif": null,
    "date_expected_MECC": null,
    "code_year": 2015
  }
},
{
  "pk": 22,
  "model": "years.instituteyear",
  "fields": {
    "id_cmp": 22,
    "date_last_notif": null,
    "date_expected_MECC": null,
    "code_year": 2015
  }
},
{
  "pk": 23,
  "model": "years.instituteyear",
  "fields": {
    "id_cmp": 23,
    "date_last_notif": null,
    "date_expected_MECC": null,
    "code_year": 2015
  }
},
{
  "pk": 24,
  "model": "years.instituteyear",
  "fields": {
    "id_cmp": 24,
    "date_last_notif": null,
    "date_expected_MECC": null,
    "code_year": 2015
  }
},
{
  "pk": 25,
  "model": "years.instituteyear",
  "fields": {
    "id_cmp": 25,
    "date_last_notif": null,
    "date_expected_MECC": null,
    "code_year": 2015
  }
},
{
  "pk": 26,
  "model": "years.instituteyear",
  "fields": {
    "id_cmp": 26,
    "date_last_notif": null,
    "date_expected_MECC": null,
    "code_year": 2015
  }
},
{
  "pk": 27,
  "model": "years.instituteyear",
  "fields": {
    "id_cmp": 27,
    "date_last_notif": null,
    "date_expected_MECC": null,
    "code_year": 2015
  }
},
{
  "pk": 28,
  "model": "years.instituteyear",
  "fields": {
    "id_cmp": 28,
    "date_last_notif": null,
    "date_expected_MECC": "2015-06-16",
    "code_year": 2015
  }
},
{
  "pk": 29,
  "model": "years.instituteyear",
  "fields": {
    "id_cmp": 29,
    "date_last_notif": null,
    "date_expected_MECC": null,
    "code_year": 2015
  }
},
{
  "pk": 30,
  "model": "years.instituteyear",
  "fields": {
    "id_cmp": 30,
    "date_last_notif": null,
    "date_expected_MECC": null,
    "code_year": 2015
  }
},
{
  "pk": 31,
  "model": "years.instituteyear",
  "fields": {
    "id_cmp": 31,
    "date_last_notif": null,
    "date_expected_MECC": null,
    "code_year": 2015
  }
},
{
  "pk": 32,
  "model": "years.instituteyear",
  "fields": {
    "id_cmp": 32,
    "date_last_notif": null,
    "date_expected_MECC": null,
    "code_year": 2015
  }
},
{
  "pk": 33,
  "model": "years.instituteyear",
  "fields": {
    "id_cmp": 33,
    "date_last_notif": null,
    "date_expected_MECC": null,
    "code_year": 2015
  }
},
{
  "pk": 34,
  "model": "years.instituteyear",
  "fields": {
    "id_cmp": 34,
    "date_last_notif": null,
    "date_expected_MECC": null,
    "code_year": 2015
  }
},
{
  "pk": 35,
  "model": "years.instituteyear",
  "fields": {
    "id_cmp": 35,
    "date_last_notif": null,
    "date_expected_MECC": null,
    "code_year": 2015
  }
},
{
  "pk": 36,
  "model": "years.instituteyear",
  "fields": {
    "id_cmp": 36,
    "date_last_notif": null,
    "date_expected_MECC": null,
    "code_year": 2015
  }
},
{
  "pk": 37,
  "model": "years.instituteyear",
  "fields": {
    "id_cmp": 37,
    "date_last_notif": null,
    "date_expected_MECC": null,
    "code_year": 2015
  }
},
{
  "pk": 38,
  "model": "years.instituteyear",
  "fields": {
    "id_cmp": 38,
    "date_last_notif": null,
    "date_expected_MECC": null,
    "code_year": 2015
  }
},
{
  "pk": 39,
  "model": "years.instituteyear",
  "fields": {
    "id_cmp": 1,
    "date_last_notif": null,
    "date_expected_MECC": null,
    "code_year": 2016
  }
},
{
  "pk": 40,
  "model": "years.instituteyear",
  "fields": {
    "id_cmp": 2,
    "date_last_notif": null,
    "date_expected_MECC": null,
    "code_year": 2016
  }
},
{
  "pk": 41,
  "model": "years.instituteyear",
  "fields": {
    "id_cmp": 3,
    "date_last_notif": null,
    "date_expected_MECC": null,
    "code_year": 2016
  }
},
{
  "pk": 42,
  "model": "years.instituteyear",
  "fields": {
    "id_cmp": 4,
    "date_last_notif": null,
    "date_expected_MECC": null,
    "code_year": 2016
  }
},
{
  "pk": 43,
  "model": "years.instituteyear",
  "fields": {
    "id_cmp": 5,
    "date_last_notif": null,
    "date_expected_MECC": null,
    "code_year": 2016
  }
},
{
  "pk": 44,
  "model": "years.instituteyear",
  "fields": {
    "id_cmp": 6,
    "date_last_notif": null,
    "date_expected_MECC": null,
    "code_year": 2016
  }
},
{
  "pk": 45,
  "model": "years.instituteyear",
  "fields": {
    "id_cmp": 7,
    "date_last_notif": null,
    "date_expected_MECC": null,
    "code_year": 2016
  }
},
{
  "pk": 46,
  "model": "years.instituteyear",
  "fields": {
    "id_cmp": 8,
    "date_last_notif": null,
    "date_expected_MECC": null,
    "code_year": 2016
  }
},
{
  "pk": 47,
  "model": "years.instituteyear",
  "fields": {
    "id_cmp": 9,
    "date_last_notif": null,
    "date_expected_MECC": null,
    "code_year": 2016
  }
},
{
  "pk": 48,
  "model": "years.instituteyear",
  "fields": {
    "id_cmp": 10,
    "date_last_notif": null,
    "date_expected_MECC": null,
    "code_year": 2016
  }
},
{
  "pk": 49,
  "model": "years.instituteyear",
  "fields": {
    "id_cmp": 11,
    "date_last_notif": null,
    "date_expected_MECC": null,
    "code_year": 2016
  }
},
{
  "pk": 50,
  "model": "years.instituteyear",
  "fields": {
    "id_cmp": 12,
    "date_last_notif": null,
    "date_expected_MECC": null,
    "code_year": 2016
  }
},
{
  "pk": 51,
  "model": "years.instituteyear",
  "fields": {
    "id_cmp": 13,
    "date_last_notif": null,
    "date_expected_MECC": null,
    "code_year": 2016
  }
},
{
  "pk": 52,
  "model": "years.instituteyear",
  "fields": {
    "id_cmp": 14,
    "date_last_notif": null,
    "date_expected_MECC": null,
    "code_year": 2016
  }
},
{
  "pk": 53,
  "model": "years.instituteyear",
  "fields": {
    "id_cmp": 15,
    "date_last_notif": null,
    "date_expected_MECC": null,
    "code_year": 2016
  }
},
{
  "pk": 54,
  "model": "years.instituteyear",
  "fields": {
    "id_cmp": 16,
    "date_last_notif": null,
    "date_expected_MECC": null,
    "code_year": 2016
  }
},
{
  "pk": 55,
  "model": "years.instituteyear",
  "fields": {
    "id_cmp": 17,
    "date_last_notif": null,
    "date_expected_MECC": null,
    "code_year": 2016
  }
},
{
  "pk": 56,
  "model": "years.instituteyear",
  "fields": {
    "id_cmp": 18,
    "date_last_notif": null,
    "date_expected_MECC": null,
    "code_year": 2016
  }
},
{
  "pk": 57,
  "model": "years.instituteyear",
  "fields": {
    "id_cmp": 19,
    "date_last_notif": null,
    "date_expected_MECC": null,
    "code_year": 2016
  }
},
{
  "pk": 58,
  "model": "years.instituteyear",
  "fields": {
    "id_cmp": 20,
    "date_last_notif": null,
    "date_expected_MECC": null,
    "code_year": 2016
  }
},
{
  "pk": 59,
  "model": "years.instituteyear",
  "fields": {
    "id_cmp": 21,
    "date_last_notif": null,
    "date_expected_MECC": null,
    "code_year": 2016
  }
},
{
  "pk": 60,
  "model": "years.instituteyear",
  "fields": {
    "id_cmp": 22,
    "date_last_notif": null,
    "date_expected_MECC": null,
    "code_year": 2016
  }
},
{
  "pk": 61,
  "model": "years.instituteyear",
  "fields": {
    "id_cmp": 23,
    "date_last_notif": null,
    "date_expected_MECC": null,
    "code_year": 2016
  }
},
{
  "pk": 62,
  "model": "years.instituteyear",
  "fields": {
    "id_cmp": 24,
    "date_last_notif": null,
    "date_expected_MECC": null,
    "code_year": 2016
  }
},
{
  "pk": 63,
  "model": "years.instituteyear",
  "fields": {
    "id_cmp": 25,
    "date_last_notif": null,
    "date_expected_MECC": null,
    "code_year": 2016
  }
},
{
  "pk": 64,
  "model": "years.instituteyear",
  "fields": {
    "id_cmp": 26,
    "date_last_notif": null,
    "date_expected_MECC": null,
    "code_year": 2016
  }
},
{
  "pk": 65,
  "model": "years.instituteyear",
  "fields": {
    "id_cmp": 27,
    "date_last_notif": null,
    "date_expected_MECC": null,
    "code_year": 2016
  }
},
{
  "pk": 66,
  "model": "years.instituteyear",
  "fields": {
    "id_cmp": 28,
    "date_last_notif": null,
    "date_expected_MECC": null,
    "code_year": 2016
  }
},
{
  "pk": 67,
  "model": "years.instituteyear",
  "fields": {
    "id_cmp": 29,
    "date_last_notif": null,
    "date_expected_MECC": null,
    "code_year": 2016
  }
},
{
  "pk": 68,
  "model": "years.instituteyear",
  "fields": {
    "id_cmp": 30,
    "date_last_notif": null,
    "date_expected_MECC": null,
    "code_year": 2016
  }
},
{
  "pk": 69,
  "model": "years.instituteyear",
  "fields": {
    "id_cmp": 31,
    "date_last_notif": null,
    "date_expected_MECC": null,
    "code_year": 2016
  }
},
{
  "pk": 70,
  "model": "years.instituteyear",
  "fields": {
    "id_cmp": 32,
    "date_last_notif": null,
    "date_expected_MECC": null,
    "code_year": 2016
  }
},
{
  "pk": 71,
  "model": "years.instituteyear",
  "fields": {
    "id_cmp": 33,
    "date_last_notif": null,
    "date_expected_MECC": null,
    "code_year": 2016
  }
},
{
  "pk": 72,
  "model": "years.instituteyear",
  "fields": {
    "id_cmp": 34,
    "date_last_notif": null,
    "date_expected_MECC": null,
    "code_year": 2016
  }
},
{
  "pk": 73,
  "model": "years.instituteyear",
  "fields": {
    "id_cmp": 35,
    "date_last_notif": null,
    "date_expected_MECC": null,
    "code_year": 2016
  }
},
{
  "pk": 74,
  "model": "years.instituteyear",
  "fields": {
    "id_cmp": 36,
    "date_last_notif": null,
    "date_expected_MECC": null,
    "code_year": 2016
  }
},
{
  "pk": 75,
  "model": "years.instituteyear",
  "fields": {
    "id_cmp": 37,
    "date_last_notif": null,
    "date_expected_MECC": null,
    "code_year": 2016
  }
},
{
  "pk": 1,
  "model": "years.universityyear",
  "fields": {
    "date_expected": "2015-06-10",
    "is_target_year": true,
    "is_year_init": true,
    "code_year": 2015,
    "label_year": "Ann\u00e9e universitaire 2015/2016",
    "date_validation": "2015-03-17",
    "pdf_doc": ""
  }
},
{
  "pk": 6,
  "model": "years.universityyear",
  "fields": {
    "date_expected": null,
    "is_target_year": false,
    "is_year_init": true,
    "code_year": 2016,
    "label_year": "Ann\u00e9e universitaire 2016/2017",
    "date_validation": null,
    "pdf_doc": ""
  }
},
{
  "pk": 1,
  "model": "adm.profile",
  "fields": {
    "code": "REFSCOL",
    "label": "Responsable Formation Scolarit\u00e9"
  }
},
{
  "pk": 2,
  "model": "adm.profile",
  "fields": {
    "code": "DIRETU",
    "label": "Directeur d'\u00e9tudes"
  }
},
{
  "pk": 3,
  "model": "adm.profile",
  "fields": {
    "code": "GESCOL",
    "label": "Gestionnaire de scolarit\u00e9"
  }
},
{
  "pk": 4,
  "model": "adm.profile",
  "fields": {
    "code": "RESPFORM",
    "label": "Responsable de formation"
  }
},
{
  "pk": 5,
  "model": "adm.profile",
  "fields": {
    "code": "RAC",
    "label": "Responsable administratif"
  }
},
{
  "pk": 6,
  "model": "adm.profile",
  "fields": {
    "code": "DIRCOMP",
    "label": "Directeur de composante"
  }
},
{
  "pk": 7,
  "model": "adm.profile",
  "fields": {
    "code": "ECI",
    "label": "Membre de la commission ECI"
  }
},
{
  "pk": 8,
  "model": "adm.profile",
  "fields": {
    "code": "REFAPP",
    "label": "R\u00e9ferent application"
  }
},
{
  "pk": 1,
  "model": "rules.rule",
  "fields": {
    "n_rule": 1,
    "is_in_use": true,
    "label": "Modalit\u00e9s d'acc\u00e8s et de progression en licence",
    "is_edited": "X",
    "is_eci": true,
    "is_ccct": true,
    "code_year": 2015,
    "display_order": 1,
    "degree_type": [
      5,
      6
    ]
  }
},
{
  "pk": 2,
  "model": "rules.rule",
  "fields": {
    "n_rule": 2,
    "is_in_use": true,
    "label": "Modalit\u00e9s d'acc\u00e8s et de progression en master",
    "is_edited": "X",
    "is_eci": true,
    "is_ccct": true,
    "code_year": 2015,
    "display_order": 1,
    "degree_type": [
      7
    ]
  }
},
{
  "pk": 3,
  "model": "rules.rule",
  "fields": {
    "n_rule": 3,
    "is_in_use": true,
    "label": "Inscriptions administratives",
    "is_edited": "X",
    "is_eci": true,
    "is_ccct": true,
    "code_year": 2015,
    "display_order": 5,
    "degree_type": [
      1,
      3,
      4,
      5,
      6,
      7,
      14,
      15,
      16,
      17,
      18,
      25
    ]
  }
},
{
  "pk": 4,
  "model": "rules.rule",
  "fields": {
    "n_rule": 4,
    "is_in_use": true,
    "label": "Inscriptions p\u00e9dagogiques",
    "is_edited": "X",
    "is_eci": true,
    "is_ccct": true,
    "code_year": 2015,
    "display_order": 8,
    "degree_type": [
      1,
      2,
      3,
      4,
      5,
      6,
      7,
      15,
      16,
      17,
      18,
      19,
      21,
      22
    ]
  }
},
{
  "pk": 5,
  "model": "rules.rule",
  "fields": {
    "n_rule": 5,
    "is_in_use": true,
    "label": "Assiduit\u00e9",
    "is_edited": "X",
    "is_eci": true,
    "is_ccct": true,
    "code_year": 2015,
    "display_order": 10,
    "degree_type": [
      1,
      3,
      5,
      6,
      7,
      14,
      15,
      16,
      17,
      18,
      19
    ]
  }
},
{
  "pk": 6,
  "model": "rules.rule",
  "fields": {
    "n_rule": 6,
    "is_in_use": true,
    "label": "Validation d'acquis",
    "is_edited": "X",
    "is_eci": true,
    "is_ccct": true,
    "code_year": 2015,
    "display_order": 13,
    "degree_type": [
      3,
      4,
      5,
      6,
      7
    ]
  }
},
{
  "pk": 7,
  "model": "rules.rule",
  "fields": {
    "n_rule": 7,
    "is_in_use": true,
    "label": "Etudes accomplies \u00e0 l'\u00e9tranger",
    "is_edited": "X",
    "is_eci": true,
    "is_ccct": true,
    "code_year": 2015,
    "display_order": 14,
    "degree_type": [
      3,
      4,
      5,
      6,
      7,
      15,
      16,
      17,
      18,
      19
    ]
  }
},
{
  "pk": 8,
  "model": "rules.rule",
  "fields": {
    "n_rule": 8,
    "is_in_use": true,
    "label": "Cas particulier d\u2019un m\u00e9moire de recherche ou d\u2019un rapport de stage",
    "is_edited": "X",
    "is_eci": true,
    "is_ccct": true,
    "code_year": 2015,
    "display_order": 19,
    "degree_type": [
      7
    ]
  }
},
{
  "pk": 9,
  "model": "rules.rule",
  "fields": {
    "n_rule": 9,
    "is_in_use": true,
    "label": "Jurys",
    "is_edited": "X",
    "is_eci": true,
    "is_ccct": true,
    "code_year": 2015,
    "display_order": 20,
    "degree_type": [
      3,
      4,
      5,
      6,
      7,
      15,
      16,
      17,
      18,
      19
    ]
  }
},
{
  "pk": 10,
  "model": "rules.rule",
  "fields": {
    "n_rule": 10,
    "is_in_use": true,
    "label": "Compensation",
    "is_edited": "X",
    "is_eci": true,
    "is_ccct": true,
    "code_year": 2015,
    "display_order": 25,
    "degree_type": [
      1,
      3,
      5,
      7
    ]
  }
},
{
  "pk": 11,
  "model": "rules.rule",
  "fields": {
    "n_rule": 11,
    "is_in_use": true,
    "label": "Compensation en licence ",
    "is_edited": "X",
    "is_eci": true,
    "is_ccct": true,
    "code_year": 2015,
    "display_order": 26,
    "degree_type": [
      5
    ]
  }
},
{
  "pk": 12,
  "model": "rules.rule",
  "fields": {
    "n_rule": 12,
    "is_in_use": true,
    "label": "Compensation en master",
    "is_edited": "X",
    "is_eci": true,
    "is_ccct": true,
    "code_year": 2015,
    "display_order": 26,
    "degree_type": [
      7
    ]
  }
},
{
  "pk": 13,
  "model": "rules.rule",
  "fields": {
    "n_rule": 13,
    "is_in_use": true,
    "label": "Calcul de la moyenne g\u00e9n\u00e9rale en licence",
    "is_edited": "X",
    "is_eci": true,
    "is_ccct": true,
    "code_year": 2015,
    "display_order": 30,
    "degree_type": [
      5,
      6
    ]
  }
},
{
  "pk": 14,
  "model": "rules.rule",
  "fields": {
    "n_rule": 14,
    "is_in_use": true,
    "label": "Calcul de la moyenne g\u00e9n\u00e9rale",
    "is_edited": "X",
    "is_eci": true,
    "is_ccct": true,
    "code_year": 2015,
    "display_order": 30,
    "degree_type": [
      3,
      7
    ]
  }
},
{
  "pk": 15,
  "model": "rules.rule",
  "fields": {
    "n_rule": 15,
    "is_in_use": true,
    "label": "Equivalences et mentions",
    "is_edited": "X",
    "is_eci": true,
    "is_ccct": true,
    "code_year": 2015,
    "display_order": 31,
    "degree_type": [
      3,
      4,
      7
    ]
  }
},
{
  "pk": 16,
  "model": "rules.rule",
  "fields": {
    "n_rule": 16,
    "is_in_use": true,
    "label": "Dipl\u00f4me interm\u00e9diaire de DEUG",
    "is_edited": "X",
    "is_eci": true,
    "is_ccct": true,
    "code_year": 2015,
    "display_order": 35,
    "degree_type": [
      5,
      6
    ]
  }
},
{
  "pk": 17,
  "model": "rules.rule",
  "fields": {
    "n_rule": 17,
    "is_in_use": true,
    "label": "Dipl\u00f4me interm\u00e9diaire de ma\u00eetrise",
    "is_edited": "X",
    "is_eci": true,
    "is_ccct": true,
    "code_year": 2015,
    "display_order": 35,
    "degree_type": [
      7
    ]
  }
},
{
  "pk": 18,
  "model": "rules.rule",
  "fields": {
    "n_rule": 18,
    "is_in_use": true,
    "label": "Conservation d'une note d'une ann\u00e9e sur l'autre",
    "is_edited": "X",
    "is_eci": true,
    "is_ccct": true,
    "code_year": 2015,
    "display_order": 40,
    "degree_type": [
      3,
      4,
      5,
      6,
      7,
      15,
      16,
      17,
      18,
      19
    ]
  }
},
{
  "pk": 19,
  "model": "rules.rule",
  "fields": {
    "n_rule": 19,
    "is_in_use": true,
    "label": "Capitalisation",
    "is_edited": "X",
    "is_eci": true,
    "is_ccct": true,
    "code_year": 2015,
    "display_order": 41,
    "degree_type": [
      1,
      4,
      5,
      6,
      7,
      15,
      16,
      17,
      18,
      19
    ]
  }
},
{
  "pk": 20,
  "model": "rules.rule",
  "fields": {
    "n_rule": 20,
    "is_in_use": true,
    "label": "Sessions d'examens",
    "is_edited": "X",
    "is_eci": true,
    "is_ccct": true,
    "code_year": 2015,
    "display_order": 45,
    "degree_type": [
      5,
      6,
      15,
      16,
      17,
      18,
      19
    ]
  }
},
{
  "pk": 21,
  "model": "rules.rule",
  "fields": {
    "n_rule": 21,
    "is_in_use": true,
    "label": "Session de rattrapage",
    "is_edited": "X",
    "is_eci": true,
    "is_ccct": true,
    "code_year": 2015,
    "display_order": 46,
    "degree_type": [
      1,
      3,
      7
    ]
  }
},
{
  "pk": 22,
  "model": "rules.rule",
  "fields": {
    "n_rule": 22,
    "is_in_use": true,
    "label": "Evaluation continue int\u00e9grale - principes directeurs",
    "is_edited": "X",
    "is_eci": true,
    "is_ccct": false,
    "code_year": 2015,
    "display_order": 50,
    "degree_type": [
      1,
      3,
      4,
      5,
      6,
      7
    ]
  }
},
{
  "pk": 23,
  "model": "rules.rule",
  "fields": {
    "n_rule": 23,
    "is_in_use": true,
    "label": "Organisation de l'\u00e9valuation continue int\u00e9grale",
    "is_edited": "X",
    "is_eci": true,
    "is_ccct": false,
    "code_year": 2015,
    "display_order": 51,
    "degree_type": [
      1,
      3,
      4,
      5,
      6,
      7
    ]
  }
},
{
  "pk": 24,
  "model": "rules.rule",
  "fields": {
    "n_rule": 24,
    "is_in_use": true,
    "label": "Nombre d'\u00e9valuations par UE",
    "is_edited": "X",
    "is_eci": true,
    "is_ccct": false,
    "code_year": 2015,
    "display_order": 52,
    "degree_type": [
      1,
      3,
      5,
      6,
      7
    ]
  }
},
{
  "pk": 25,
  "model": "rules.rule",
  "fields": {
    "n_rule": 25,
    "is_in_use": true,
    "label": "Modalit\u00e9s de correction des \u00e9valuations et de restitution p\u00e9dagogique aux \u00e9tudiants",
    "is_edited": "X",
    "is_eci": true,
    "is_ccct": false,
    "code_year": 2015,
    "display_order": 53,
    "degree_type": [
      1,
      3,
      4,
      5,
      6,
      7
    ]
  }
},
{
  "pk": 26,
  "model": "rules.rule",
  "fields": {
    "n_rule": 26,
    "is_in_use": true,
    "label": "Absence aux \u00e9preuves avec convocation",
    "is_edited": "X",
    "is_eci": true,
    "is_ccct": false,
    "code_year": 2015,
    "display_order": 54,
    "degree_type": [
      1,
      3,
      4,
      5,
      6,
      7
    ]
  }
},
{
  "pk": 27,
  "model": "rules.rule",
  "fields": {
    "n_rule": 27,
    "is_in_use": true,
    "label": "Absence aux \u00e9preuves sans convocation",
    "is_edited": "X",
    "is_eci": true,
    "is_ccct": false,
    "code_year": 2015,
    "display_order": 55,
    "degree_type": [
      1,
      3,
      4,
      5,
      6,
      7
    ]
  }
},
{
  "pk": 28,
  "model": "rules.rule",
  "fields": {
    "n_rule": 28,
    "is_in_use": true,
    "label": "Session de rattrapage en ECI",
    "is_edited": "X",
    "is_eci": true,
    "is_ccct": false,
    "code_year": 2015,
    "display_order": 56,
    "degree_type": [
      1,
      3,
      4,
      5,
      6,
      7
    ]
  }
},
{
  "pk": 29,
  "model": "rules.rule",
  "fields": {
    "n_rule": 29,
    "is_in_use": true,
    "label": "Absence aux \u00e9preuves terminales",
    "is_edited": "X",
    "is_eci": false,
    "is_ccct": true,
    "code_year": 2015,
    "display_order": 71,
    "degree_type": [
      1,
      3,
      4,
      5,
      6,
      7,
      15,
      16,
      17,
      18,
      19
    ]
  }
},
{
  "pk": 30,
  "model": "rules.rule",
  "fields": {
    "n_rule": 30,
    "is_in_use": true,
    "label": "Absence aux \u00e9preuves de contr\u00f4le continu",
    "is_edited": "X",
    "is_eci": false,
    "is_ccct": true,
    "code_year": 2015,
    "display_order": 72,
    "degree_type": [
      1,
      3,
      4,
      5,
      6,
      7,
      15,
      16,
      17,
      18,
      19
    ]
  }
},
{
  "pk": 31,
  "model": "rules.rule",
  "fields": {
    "n_rule": 31,
    "is_in_use": true,
    "label": "Organisation des \u00e9preuves",
    "is_edited": "X",
    "is_eci": false,
    "is_ccct": true,
    "code_year": 2015,
    "display_order": 74,
    "degree_type": [
      1,
      3,
      4,
      5,
      6,
      7,
      15,
      16,
      17,
      18,
      19
    ]
  }
},
{
  "pk": 32,
  "model": "rules.rule",
  "fields": {
    "n_rule": 32,
    "is_in_use": true,
    "label": "Anonymat des \u00e9preuves",
    "is_edited": "X",
    "is_eci": false,
    "is_ccct": true,
    "code_year": 2015,
    "display_order": 75,
    "degree_type": [
      7,
      14,
      15,
      16,
      17,
      18,
      19
    ]
  }
},
{
  "pk": 33,
  "model": "rules.rule",
  "fields": {
    "n_rule": 33,
    "is_in_use": true,
    "label": "Report de note de la session principale \u00e0 la session de rattrapage",
    "is_edited": "X",
    "is_eci": false,
    "is_ccct": true,
    "code_year": 2015,
    "display_order": 80,
    "degree_type": [
      1,
      3,
      4,
      5,
      6,
      7,
      15,
      16,
      17,
      18,
      19
    ]
  }
},
{
  "pk": 34,
  "model": "rules.rule",
  "fields": {
    "n_rule": 34,
    "is_in_use": true,
    "label": "Modalit\u00e9s d'acc\u00e8s et de progression en DAEU",
    "is_edited": "X",
    "is_eci": true,
    "is_ccct": true,
    "code_year": 2015,
    "display_order": 1,
    "degree_type": [
      1
    ]
  }
},
{
  "pk": 35,
  "model": "rules.rule",
  "fields": {
    "n_rule": 35,
    "is_in_use": true,
    "label": "Modalit\u00e9s de progression en DUT",
    "is_edited": "X",
    "is_eci": true,
    "is_ccct": true,
    "code_year": 2015,
    "display_order": 1,
    "degree_type": [
      3
    ]
  }
},
{
  "pk": 36,
  "model": "rules.rule",
  "fields": {
    "n_rule": 36,
    "is_in_use": true,
    "label": "Modalit\u00e9s de progression en DEUST",
    "is_edited": "X",
    "is_eci": true,
    "is_ccct": true,
    "code_year": 2015,
    "display_order": 1,
    "degree_type": [
      4
    ]
  }
},
{
  "pk": 37,
  "model": "rules.rule",
  "fields": {
    "n_rule": 37,
    "is_in_use": true,
    "label": "Modalit\u00e9s de progression en PACES",
    "is_edited": "X",
    "is_eci": false,
    "is_ccct": true,
    "code_year": 2015,
    "display_order": 1,
    "degree_type": [
      14
    ]
  }
},
{
  "pk": 38,
  "model": "rules.rule",
  "fields": {
    "n_rule": 38,
    "is_in_use": true,
    "label": "Modalit\u00e9s de progression en DFG",
    "is_edited": "X",
    "is_eci": false,
    "is_ccct": true,
    "code_year": 2015,
    "display_order": 1,
    "degree_type": [
      15
    ]
  }
},
{
  "pk": 39,
  "model": "rules.rule",
  "fields": {
    "n_rule": 39,
    "is_in_use": true,
    "label": "Modalit\u00e9s de progression en DFA",
    "is_edited": "X",
    "is_eci": false,
    "is_ccct": true,
    "code_year": 2015,
    "display_order": 1,
    "degree_type": [
      16
    ]
  }
},
{
  "pk": 40,
  "model": "rules.rule",
  "fields": {
    "n_rule": 40,
    "is_in_use": true,
    "label": "Modalit\u00e9s d'acc\u00e8s au dipl\u00f4me d'Etat de Sant\u00e9",
    "is_edited": "X",
    "is_eci": false,
    "is_ccct": true,
    "code_year": 2015,
    "display_order": 1,
    "degree_type": [
      17,
      18,
      19
    ]
  }
},
{
  "pk": 41,
  "model": "rules.rule",
  "fields": {
    "n_rule": 41,
    "is_in_use": true,
    "label": "Inscriptions administratives en PACES",
    "is_edited": "X",
    "is_eci": false,
    "is_ccct": true,
    "code_year": 2015,
    "display_order": 6,
    "degree_type": [
      14
    ]
  }
},
{
  "pk": 42,
  "model": "rules.rule",
  "fields": {
    "n_rule": 42,
    "is_in_use": true,
    "label": "Inscriptions administratives en DFA",
    "is_edited": "X",
    "is_eci": false,
    "is_ccct": true,
    "code_year": 2015,
    "display_order": 6,
    "degree_type": [
      16
    ]
  }
},
{
  "pk": 43,
  "model": "rules.rule",
  "fields": {
    "n_rule": 43,
    "is_in_use": true,
    "label": "Inscriptions administratives en Th\u00e8se en vue du DE de docteur en m\u00e9decine",
    "is_edited": "X",
    "is_eci": false,
    "is_ccct": true,
    "code_year": 2015,
    "display_order": 6,
    "degree_type": [
      19
    ]
  }
},
{
  "pk": 44,
  "model": "rules.rule",
  "fields": {
    "n_rule": 44,
    "is_in_use": true,
    "label": "Inscriptions administratives en Th\u00e8se en vue du DE de docteur en pharmacie",
    "is_edited": "X",
    "is_eci": false,
    "is_ccct": true,
    "code_year": 2015,
    "display_order": 6,
    "degree_type": [
      17
    ]
  }
},
{
  "pk": 45,
  "model": "rules.rule",
  "fields": {
    "n_rule": 45,
    "is_in_use": true,
    "label": "Inscriptions administratives en Th\u00e8se en vue du DE de docteur en chirurgie dentaire",
    "is_edited": "X",
    "is_eci": false,
    "is_ccct": true,
    "code_year": 2015,
    "display_order": 6,
    "degree_type": [
      18
    ]
  }
},
{
  "pk": 46,
  "model": "rules.rule",
  "fields": {
    "n_rule": 46,
    "is_in_use": true,
    "label": "Inscriptions p\u00e9dagogiques en PACES",
    "is_edited": "X",
    "is_eci": false,
    "is_ccct": true,
    "code_year": 2015,
    "display_order": 8,
    "degree_type": [
      14
    ]
  }
},
{
  "pk": 47,
  "model": "rules.rule",
  "fields": {
    "n_rule": 47,
    "is_in_use": true,
    "label": "Validation d'acquis en DAEU",
    "is_edited": "X",
    "is_eci": true,
    "is_ccct": true,
    "code_year": 2015,
    "display_order": 13,
    "degree_type": [
      1
    ]
  }
},
{
  "pk": 48,
  "model": "rules.rule",
  "fields": {
    "n_rule": 48,
    "is_in_use": true,
    "label": "Notation des QCM (Questions \u00e0 choix multiples)",
    "is_edited": "X",
    "is_eci": true,
    "is_ccct": true,
    "code_year": 2015,
    "display_order": 16,
    "degree_type": [
      1,
      3,
      4,
      5,
      6,
      7,
      14,
      15,
      16,
      17,
      18,
      19
    ]
  }
},
{
  "pk": 49,
  "model": "rules.rule",
  "fields": {
    "n_rule": 49,
    "is_in_use": true,
    "label": "Notation des QRC (Questions r\u00e9dactionnelles courtes)",
    "is_edited": "X",
    "is_eci": true,
    "is_ccct": true,
    "code_year": 2015,
    "display_order": 17,
    "degree_type": [
      1,
      3,
      4,
      5,
      6,
      7,
      14,
      15,
      16,
      17,
      18,
      19
    ]
  }
},
{
  "pk": 50,
  "model": "rules.rule",
  "fields": {
    "n_rule": 50,
    "is_in_use": true,
    "label": "Notation des QCD (Questions \u00e0 choix double)",
    "is_edited": "X",
    "is_eci": true,
    "is_ccct": true,
    "code_year": 2015,
    "display_order": 18,
    "degree_type": [
      14,
      15
    ]
  }
},
{
  "pk": 51,
  "model": "rules.rule",
  "fields": {
    "n_rule": 51,
    "is_in_use": true,
    "label": "Jury du DAEU",
    "is_edited": "X",
    "is_eci": true,
    "is_ccct": true,
    "code_year": 2015,
    "display_order": 20,
    "degree_type": [
      1
    ]
  }
},
{
  "pk": 52,
  "model": "rules.rule",
  "fields": {
    "n_rule": 52,
    "is_in_use": true,
    "label": "Jurys des certificats de sant\u00e9",
    "is_edited": "X",
    "is_eci": false,
    "is_ccct": true,
    "code_year": 2015,
    "display_order": 21,
    "degree_type": [
      16
    ]
  }
},
{
  "pk": 53,
  "model": "rules.rule",
  "fields": {
    "n_rule": 53,
    "is_in_use": true,
    "label": "Th\u00e8se d'exercice en vue du DE de docteur en pharmacie",
    "is_edited": "X",
    "is_eci": false,
    "is_ccct": true,
    "code_year": 2015,
    "display_order": 21,
    "degree_type": [
      17
    ]
  }
},
{
  "pk": 54,
  "model": "rules.rule",
  "fields": {
    "n_rule": 54,
    "is_in_use": true,
    "label": "Th\u00e8se d'exercice en vue du DE de docteur en m\u00e9decine",
    "is_edited": "X",
    "is_eci": false,
    "is_ccct": true,
    "code_year": 2015,
    "display_order": 21,
    "degree_type": [
      19
    ]
  }
},
{
  "pk": 55,
  "model": "rules.rule",
  "fields": {
    "n_rule": 55,
    "is_in_use": true,
    "label": "Th\u00e8se d'exercice en vue du DE de docteur en chirurgie dentaire",
    "is_edited": "X",
    "is_eci": false,
    "is_ccct": true,
    "code_year": 2015,
    "display_order": 21,
    "degree_type": [
      18
    ]
  }
},
{
  "pk": 56,
  "model": "rules.rule",
  "fields": {
    "n_rule": 56,
    "is_in_use": true,
    "label": "Jury du DUT",
    "is_edited": "X",
    "is_eci": true,
    "is_ccct": true,
    "code_year": 2015,
    "display_order": 21,
    "degree_type": [
      3
    ]
  }
},
{
  "pk": 57,
  "model": "rules.rule",
  "fields": {
    "n_rule": 57,
    "is_in_use": true,
    "label": "Compensation en licence professionnelle",
    "is_edited": "X",
    "is_eci": true,
    "is_ccct": true,
    "code_year": 2015,
    "display_order": 26,
    "degree_type": [
      6
    ]
  }
},
{
  "pk": 58,
  "model": "rules.rule",
  "fields": {
    "n_rule": 58,
    "is_in_use": true,
    "label": "Compensation en DEUST",
    "is_edited": "X",
    "is_eci": true,
    "is_ccct": true,
    "code_year": 2015,
    "display_order": 26,
    "degree_type": [
      4
    ]
  }
},
{
  "pk": 59,
  "model": "rules.rule",
  "fields": {
    "n_rule": 59,
    "is_in_use": true,
    "label": "Compensation en DAEU (r\u00e9gime CC/CT)",
    "is_edited": "X",
    "is_eci": false,
    "is_ccct": true,
    "code_year": 2015,
    "display_order": 26,
    "degree_type": [
      1
    ]
  }
},
{
  "pk": 60,
  "model": "rules.rule",
  "fields": {
    "n_rule": 60,
    "is_in_use": true,
    "label": "Compensation en DAEU (r\u00e9gime ECI)",
    "is_edited": "X",
    "is_eci": true,
    "is_ccct": false,
    "code_year": 2015,
    "display_order": 26,
    "degree_type": [
      1
    ]
  }
},
{
  "pk": 61,
  "model": "rules.rule",
  "fields": {
    "n_rule": 61,
    "is_in_use": true,
    "label": "Compensation en DUT",
    "is_edited": "X",
    "is_eci": true,
    "is_ccct": true,
    "code_year": 2015,
    "display_order": 26,
    "degree_type": [
      3
    ]
  }
},
{
  "pk": 62,
  "model": "rules.rule",
  "fields": {
    "n_rule": 62,
    "is_in_use": true,
    "label": "Compensation en DFG, DFA et DE",
    "is_edited": "X",
    "is_eci": true,
    "is_ccct": true,
    "code_year": 2015,
    "display_order": 26,
    "degree_type": [
      15,
      16,
      17,
      18,
      19
    ]
  }
},
{
  "pk": 63,
  "model": "rules.rule",
  "fields": {
    "n_rule": 63,
    "is_in_use": true,
    "label": "Calcul de la moyenne g\u00e9n\u00e9rale en DEUST",
    "is_edited": "X",
    "is_eci": true,
    "is_ccct": true,
    "code_year": 2015,
    "display_order": 30,
    "degree_type": [
      4
    ]
  }
},
{
  "pk": 64,
  "model": "rules.rule",
  "fields": {
    "n_rule": 64,
    "is_in_use": true,
    "label": "Classement et validation en PACES",
    "is_edited": "X",
    "is_eci": false,
    "is_ccct": true,
    "code_year": 2015,
    "display_order": 30,
    "degree_type": [
      14
    ]
  }
},
{
  "pk": 65,
  "model": "rules.rule",
  "fields": {
    "n_rule": 65,
    "is_in_use": true,
    "label": "Validation du DFG",
    "is_edited": "X",
    "is_eci": false,
    "is_ccct": true,
    "code_year": 2015,
    "display_order": 30,
    "degree_type": [
      15
    ]
  }
},
{
  "pk": 66,
  "model": "rules.rule",
  "fields": {
    "n_rule": 66,
    "is_in_use": true,
    "label": "Validation du DFA",
    "is_edited": "X",
    "is_eci": false,
    "is_ccct": true,
    "code_year": 2015,
    "display_order": 30,
    "degree_type": [
      16
    ]
  }
},
{
  "pk": 67,
  "model": "rules.rule",
  "fields": {
    "n_rule": 67,
    "is_in_use": true,
    "label": "Validation du dipl\u00f4me de Docteur",
    "is_edited": "X",
    "is_eci": false,
    "is_ccct": true,
    "code_year": 2015,
    "display_order": 30,
    "degree_type": [
      17,
      18,
      19
    ]
  }
},
{
  "pk": 68,
  "model": "rules.rule",
  "fields": {
    "n_rule": 68,
    "is_in_use": true,
    "label": "Conservation d'une note d'une ann\u00e9e sur l'autre en PACES",
    "is_edited": "X",
    "is_eci": false,
    "is_ccct": true,
    "code_year": 2015,
    "display_order": 40,
    "degree_type": [
      14
    ]
  }
},
{
  "pk": 69,
  "model": "rules.rule",
  "fields": {
    "n_rule": 69,
    "is_in_use": true,
    "label": "Capitalisation en licence professionnelle",
    "is_edited": "X",
    "is_eci": true,
    "is_ccct": true,
    "code_year": 2015,
    "display_order": 41,
    "degree_type": [
      6
    ]
  }
},
{
  "pk": 70,
  "model": "rules.rule",
  "fields": {
    "n_rule": 70,
    "is_in_use": true,
    "label": "Capitalisation en DUT",
    "is_edited": "X",
    "is_eci": true,
    "is_ccct": true,
    "code_year": 2015,
    "display_order": 41,
    "degree_type": [
      3
    ]
  }
},
{
  "pk": 71,
  "model": "rules.rule",
  "fields": {
    "n_rule": 71,
    "is_in_use": true,
    "label": "Session d'examen en PACES",
    "is_edited": "X",
    "is_eci": false,
    "is_ccct": true,
    "code_year": 2015,
    "display_order": 45,
    "degree_type": [
      14
    ]
  }
},
{
  "pk": 72,
  "model": "rules.rule",
  "fields": {
    "n_rule": 72,
    "is_in_use": true,
    "label": "Epreuves de la session de rattrapage en licence (CC/CT)",
    "is_edited": "X",
    "is_eci": false,
    "is_ccct": true,
    "code_year": 2015,
    "display_order": 47,
    "degree_type": [
      5,
      6
    ]
  }
},
{
  "pk": 73,
  "model": "rules.rule",
  "fields": {
    "n_rule": 73,
    "is_in_use": true,
    "label": "Session de rattrapage en DEUST",
    "is_edited": "X",
    "is_eci": true,
    "is_ccct": true,
    "code_year": 2015,
    "display_order": 46,
    "degree_type": [
      4
    ]
  }
},
{
  "pk": 74,
  "model": "rules.rule",
  "fields": {
    "n_rule": 74,
    "is_in_use": true,
    "label": "Epreuves de la session de rattrapage (CC/CT)",
    "is_edited": "X",
    "is_eci": false,
    "is_ccct": true,
    "code_year": 2015,
    "display_order": 47,
    "degree_type": [
      1,
      3,
      4,
      7
    ]
  }
},
{
  "pk": 75,
  "model": "rules.rule",
  "fields": {
    "n_rule": 75,
    "is_in_use": true,
    "label": "Absence aux \u00e9preuves du concours de PACES",
    "is_edited": "X",
    "is_eci": false,
    "is_ccct": true,
    "code_year": 2015,
    "display_order": 71,
    "degree_type": [
      14
    ]
  }
},
{
  "pk": 76,
  "model": "rules.rule",
  "fields": {
    "n_rule": 76,
    "is_in_use": true,
    "label": "Report de note de la session principale \u00e0 la session de rattrapage en DFG et DFA",
    "is_edited": "X",
    "is_eci": false,
    "is_ccct": true,
    "code_year": 2015,
    "display_order": 80,
    "degree_type": [
      15,
      16
    ]
  }
},
{
  "pk": 77,
  "model": "rules.rule",
  "fields": {
    "n_rule": 77,
    "is_in_use": true,
    "label": "Jurys du DEUST",
    "is_edited": "X",
    "is_eci": true,
    "is_ccct": true,
    "code_year": 2015,
    "display_order": 21,
    "degree_type": [
      4
    ]
  }
},
{
  "pk": 78,
  "model": "rules.rule",
  "fields": {
    "n_rule": 78,
    "is_in_use": true,
    "label": "Stages",
    "is_edited": "X",
    "is_eci": true,
    "is_ccct": true,
    "code_year": 2015,
    "display_order": 18,
    "degree_type": [
      1,
      3,
      4,
      5,
      6,
      7,
      15,
      16,
      17,
      18,
      19
    ]
  }
},
{
  "pk": 3,
  "model": "rules.paragraph",
  "fields": {
    "impact": [],
    "text_motiv": "",
    "is_in_use": true,
    "is_interaction": false,
    "is_cmp": false,
    "text_standard": "<p>Le DAEU ne peut &ecirc;tre accord&eacute; qu&rsquo;aux &eacute;tudiants ne justifiant pas du baccalaur&eacute;at ou d&rsquo;un titre admis en dispense ou ne b&eacute;n&eacute;ficiant pas de la proc&eacute;dure de validation d&rsquo;acquis institu&eacute;e par le d&eacute;cret du 23 ao&ucirc;t 1985.</p>\r\n",
    "code_year": 2015,
    "text_derog": "",
    "display_order": 1,
    "rule": [
      34
    ]
  }
},
{
  "pk": 5,
  "model": "rules.paragraph",
  "fields": {
    "impact": [],
    "text_motiv": "",
    "is_in_use": true,
    "is_interaction": false,
    "is_cmp": false,
    "text_standard": "<p>Tout &eacute;tudiant peut acqu&eacute;rir les unit&eacute;s d&rsquo;enseignement constitutives de son cursus, de mani&egrave;re progressive, ann&eacute;e apr&egrave;s ann&eacute;e, quelle que soit ce nombre d&rsquo;ann&eacute;e.</p>\r\n",
    "code_year": 2015,
    "text_derog": "",
    "display_order": 1,
    "rule": [
      1
    ]
  }
},
{
  "pk": 8,
  "model": "rules.paragraph",
  "fields": {
    "impact": [],
    "text_motiv": "",
    "is_in_use": true,
    "is_interaction": false,
    "is_cmp": false,
    "text_standard": "<p>La progression de l&rsquo;&eacute;tudiant se fait conform&eacute;ment &agrave; la maquette de la formation suivie &agrave; concurrence de 30 cr&eacute;dits ECTS pour chaque semestre.</p>\r\n",
    "code_year": 2015,
    "text_derog": "",
    "display_order": 2,
    "rule": [
      1
    ]
  }
},
{
  "pk": 9,
  "model": "rules.paragraph",
  "fields": {
    "impact": [],
    "text_motiv": "<p>Merci d&rsquo;indiquer, pour les conseils &eacute;lus, les motifs de votre demande.</p>\r\n",
    "is_in_use": true,
    "is_interaction": true,
    "is_cmp": false,
    "text_standard": "<p>Pour acc&eacute;der &agrave; l&rsquo;ann&eacute;e sup&eacute;rieure, l&rsquo;&eacute;tudiant doit avoir valid&eacute; les deux semestres de l&rsquo;ann&eacute;e en cours.</p>\r\n\r\n<p>Toutefois un &eacute;tudiant n&rsquo;ayant pas valid&eacute; son ann&eacute;e, mais <strong>ayant acquis au moins 24 cr&eacute;dits ECTS sur 30 pour chacun des deux semestres,</strong> est autoris&eacute; &agrave; s&rsquo;inscrire en ann&eacute;e sup&eacute;rieure. L&rsquo;acquisition des &eacute;l&eacute;ments en dette dans l&rsquo;ann&eacute;e non valid&eacute;e est prioritaire.</p>\r\n",
    "code_year": 2015,
    "text_derog": "<p>Vous souhaitez demander une d&eacute;rogation pour cet alin&eacute;a.&nbsp;</p>\r\n\r\n<p>Merci de reprendre le passage pour le modifier ou y substituer le texte de l&#39;alin&eacute;a que vous souhaitez voir valider pour votre formation. <em>N&rsquo;oubliez pas de d&eacute;tailler, le cas &eacute;ch&eacute;ant, les enseignements auxquels s&rsquo;appliquent votre alin&eacute;a, et les conditions et les crit&egrave;res d&rsquo;application, ou tout autre &eacute;l&eacute;ment pertinent.</em></p>\r\n",
    "display_order": 3,
    "rule": [
      1
    ]
  }
},
{
  "pk": 10,
  "model": "rules.paragraph",
  "fields": {
    "impact": [],
    "text_motiv": "",
    "is_in_use": true,
    "is_interaction": false,
    "is_cmp": false,
    "text_standard": "<p>Par d&eacute;rogation aux principes &eacute;nonc&eacute;s ci-dessus, l&rsquo;&eacute;tudiant n&rsquo;ayant pas valid&eacute; son ann&eacute;e peut &ecirc;tre autoris&eacute; &agrave; suivre par anticipation des &eacute;l&eacute;ments p&eacute;dagogiques de l&rsquo;ann&eacute;e sup&eacute;rieure. Il reste exclusivement inscrit dans l&rsquo;ann&eacute;e non valid&eacute;e, et les &eacute;l&eacute;ments p&eacute;dagogiques suivis dans l&rsquo;ann&eacute;e sup&eacute;rieure font l&rsquo;objet d&rsquo;un contrat sign&eacute; par le responsable p&eacute;dagogique et par l&rsquo;&eacute;tudiant. Dans ce cas, la somme totale en ECTS des UE suivies ne pourra pas, par d&eacute;faut, exc&eacute;der 30 ECTS par semestre. Le responsable p&eacute;dagogique informe le service de scolarit&eacute; des contrats &eacute;tablis. Lors de son inscription p&eacute;dagogique, l&rsquo;&eacute;tudiant pr&eacute;sente obligatoirement le contrat p&eacute;dagogique sign&eacute;.</p>\r\n",
    "code_year": 2015,
    "text_derog": "",
    "display_order": 4,
    "rule": [
      1
    ]
  }
},
{
  "pk": 11,
  "model": "rules.paragraph",
  "fields": {
    "impact": [],
    "text_motiv": "",
    "is_in_use": true,
    "is_interaction": false,
    "is_cmp": false,
    "text_standard": "<p>Un &eacute;tudiant ne peut en aucun cas &ecirc;tre inscrit en troisi&egrave;me ann&eacute;e de licence s&rsquo;il n&rsquo;a pas valid&eacute; la premi&egrave;re ann&eacute;e de licence.</p>\r\n",
    "code_year": 2015,
    "text_derog": "",
    "display_order": 5,
    "rule": [
      1
    ]
  }
},
{
  "pk": 12,
  "model": "rules.paragraph",
  "fields": {
    "impact": [],
    "text_motiv": "",
    "is_in_use": true,
    "is_interaction": false,
    "is_cmp": false,
    "text_standard": "<p>L&rsquo;acc&egrave;s en premi&egrave;re ann&eacute;e de Master en vue d&rsquo;obtenir les 60 premiers cr&eacute;dits est de droit pour l&rsquo;&eacute;tudiant titulaire de la licence dans un domaine compatible.</p>\r\n",
    "code_year": 2015,
    "text_derog": "",
    "display_order": 1,
    "rule": [
      2
    ]
  }
},
{
  "pk": 13,
  "model": "rules.paragraph",
  "fields": {
    "impact": [],
    "text_motiv": "",
    "is_in_use": true,
    "is_interaction": false,
    "is_cmp": false,
    "text_standard": "<p>L&rsquo;admission en 2&egrave;me ann&eacute;e de master est prononc&eacute;e par le pr&eacute;sident sur proposition de la commission p&eacute;dagogique comp&eacute;tente pour la formation, sous r&eacute;serve d&rsquo;avoir valid&eacute; les 60 premiers cr&eacute;dits correspondant aux deux semestres de la premi&egrave;re ann&eacute;e de master.</p>\r\n",
    "code_year": 2015,
    "text_derog": "",
    "display_order": 2,
    "rule": [
      2
    ]
  }
},
{
  "pk": 14,
  "model": "rules.paragraph",
  "fields": {
    "impact": [],
    "text_motiv": "<p>Merci d&rsquo;indiquer, pour les conseils &eacute;lus, les motifs de votre demande.</p>\r\n",
    "is_in_use": true,
    "is_interaction": true,
    "is_cmp": false,
    "text_standard": "<p><strong>L&rsquo;&eacute;tudiant n&rsquo;ayant pas valid&eacute; sa premi&egrave;re ann&eacute;e de master peut exceptionnellement &ecirc;tre autoris&eacute; &agrave; suivre des &eacute;l&eacute;ments p&eacute;dagogiques de la deuxi&egrave;me ann&eacute;e. Il reste exclusivement inscrit dans la premi&egrave;re ann&eacute;e non valid&eacute;e. Cette autorisation ne pr&eacute;juge pas de la d&eacute;cision d&rsquo;admission en deuxi&egrave;me ann&eacute;e de master. </strong></p>\r\n",
    "code_year": 2015,
    "text_derog": "<p>Vous souhaitez demander une d&eacute;rogation pour cet alin&eacute;a.</p>\r\n\r\n<p>Merci de reprendre le passage pour le modifier ou y substituer le texte de l&rsquo;alin&eacute;a que vous souhaitez voir valider pour votre formation. <em>N&rsquo;oubliez pas de d&eacute;tailler, le cas &eacute;ch&eacute;ant, les enseignements auxquels s&rsquo;appliquent votre alin&eacute;a, et les conditions et les crit&egrave;res d&rsquo;application, ou tout autre &eacute;l&eacute;ment pertinent.</em></p>\r\n",
    "display_order": 3,
    "rule": [
      2
    ]
  }
},
{
  "pk": 15,
  "model": "rules.paragraph",
  "fields": {
    "impact": [],
    "text_motiv": "",
    "is_in_use": true,
    "is_interaction": false,
    "is_cmp": false,
    "text_standard": "<p>Deux inscriptions sont autoris&eacute;es en premi&egrave;re ann&eacute;e de Master.</p>\r\n\r\n<p>La limitation &agrave; deux inscriptions n&rsquo;est pas opposable aux &eacute;tudiants qui, ayant obtenu un Master, souhaitent acqu&eacute;rir des comp&eacute;tences compl&eacute;mentaires dans d&rsquo;autres Masters habilit&eacute;s.</p>\r\n\r\n<p>Lorsqu&rsquo;un &eacute;tudiant est d&eacute;clar&eacute; ajourn&eacute; au Master, le jury de Master peut l&rsquo;autoriser &agrave; se r&eacute;inscrire en deuxi&egrave;me ann&eacute;e de Master.</p>\r\n",
    "code_year": 2015,
    "text_derog": "",
    "display_order": 4,
    "rule": [
      2
    ]
  }
},
{
  "pk": 16,
  "model": "rules.paragraph",
  "fields": {
    "impact": [],
    "text_motiv": "",
    "is_in_use": true,
    "is_interaction": false,
    "is_cmp": false,
    "text_standard": "<p>L&rsquo;&eacute;tudiant peut acqu&eacute;rir les UE constitutives du DAEU dans un d&eacute;lai ne pouvant exc&eacute;der quatre ann&eacute;es entre la premi&egrave;re inscription au dipl&ocirc;me et l&rsquo;obtention de celui-ci. Pour le calcul de cette dur&eacute;e, les inscriptions prises aupr&egrave;s d&rsquo;universit&eacute;s diff&eacute;rentes se cumulent. Un candidat ne peut s&rsquo;inscrire &agrave; la formation que dans un seul &eacute;tablissement chaque ann&eacute;e.</p>\r\n",
    "code_year": 2015,
    "text_derog": "",
    "display_order": 2,
    "rule": [
      34
    ]
  }
},
{
  "pk": 17,
  "model": "rules.paragraph",
  "fields": {
    "impact": [],
    "text_motiv": "",
    "is_in_use": true,
    "is_interaction": false,
    "is_cmp": false,
    "text_standard": "<p>Dans le cadre de l&rsquo;examen terminal, lors de sessions annuelles successives, les &eacute;preuves subis avec succ&egrave;s dans le premier &eacute;tablissement sont valid&eacute;es par d&eacute;cision du pr&eacute;sent de l&rsquo;universit&eacute;.</p>\r\n",
    "code_year": 2015,
    "text_derog": "",
    "display_order": 3,
    "rule": [
      34
    ]
  }
},
{
  "pk": 18,
  "model": "rules.paragraph",
  "fields": {
    "impact": [],
    "text_motiv": "",
    "is_in_use": true,
    "is_interaction": false,
    "is_cmp": false,
    "text_standard": "<p>A titre exceptionnel, un d&eacute;lai suppl&eacute;mentaire d&rsquo;une ann&eacute;e peut &ecirc;tre accord&eacute; par le pr&eacute;sident de l&rsquo;universit&eacute;, en cas de demande d&rsquo;inscription &agrave; l&rsquo;Universit&eacute; de Strasbourg</p>\r\n",
    "code_year": 2015,
    "text_derog": "",
    "display_order": 4,
    "rule": [
      34
    ]
  }
},
{
  "pk": 19,
  "model": "rules.paragraph",
  "fields": {
    "impact": [],
    "text_motiv": "",
    "is_in_use": true,
    "is_interaction": false,
    "is_cmp": false,
    "text_standard": "<p>La validation de chaque UE et de chaque semestre emporte l&rsquo;acquisition des cr&eacute;dits europ&eacute;ens correspondants.</p>\r\n",
    "code_year": 2015,
    "text_derog": "",
    "display_order": 1,
    "rule": [
      35
    ]
  }
},
{
  "pk": 20,
  "model": "rules.paragraph",
  "fields": {
    "impact": [],
    "text_motiv": "",
    "is_in_use": true,
    "is_interaction": false,
    "is_cmp": false,
    "text_standard": "<p>La poursuite d&rsquo;&eacute;tudes dans un nouveau semestre est de droit pour tout &eacute;tudiant &agrave; qui ne manque au maximum que la validation d&rsquo;un seul semestre de son cursus.</p>\r\n",
    "code_year": 2015,
    "text_derog": "",
    "display_order": 2,
    "rule": [
      35
    ]
  }
},
{
  "pk": 21,
  "model": "rules.paragraph",
  "fields": {
    "impact": [],
    "text_motiv": "",
    "is_in_use": true,
    "is_interaction": false,
    "is_cmp": false,
    "text_standard": "<p style=\"margin-left:1.85pt\">Le redoublement est de droit dans les cas o&ugrave;&nbsp;:</p>\r\n\r\n<ul>\r\n\t<li>L&rsquo;&eacute;tudiant a obtenu la moyenne g&eacute;n&eacute;rale mais pas une moyenne au moins &eacute;gale &agrave; 8/20 &agrave; chaque UE et/ou la validation des semestres pr&eacute;c&eacute;dents, lorsqu&rsquo;ils existent&nbsp;;</li>\r\n\t<li>L&rsquo;&eacute;tudiant a b&eacute;n&eacute;fici&eacute; d&rsquo;une compensation gr&acirc;ce &agrave; l&rsquo;un des deux semestres de l&rsquo;ann&eacute;e universitaire pour pouvoir la valider.</li>\r\n</ul>\r\n",
    "code_year": 2015,
    "text_derog": "",
    "display_order": 3,
    "rule": [
      35
    ]
  }
},
{
  "pk": 22,
  "model": "rules.paragraph",
  "fields": {
    "impact": [],
    "text_motiv": "",
    "is_in_use": true,
    "is_interaction": false,
    "is_cmp": false,
    "text_standard": "<p>En outre, l&rsquo;&eacute;tudiant peut &ecirc;tre autoris&eacute; &agrave; redoubler par d&eacute;cision du directeur de l&#39;IUT, sur proposition du jury d&rsquo;ann&eacute;e ou du jury de dipl&ocirc;me.</p>\r\n",
    "code_year": 2015,
    "text_derog": "",
    "display_order": 4,
    "rule": [
      35
    ]
  }
},
{
  "pk": 23,
  "model": "rules.paragraph",
  "fields": {
    "impact": [],
    "text_motiv": "",
    "is_in_use": true,
    "is_interaction": false,
    "is_cmp": false,
    "text_standard": "<p style=\"margin-left:1.85pt\">Durant la totalit&eacute; du cursus conduisant &agrave; la d&eacute;livrance du DUT, l&rsquo;&eacute;tudiant ne peut &ecirc;tre autoris&eacute; &agrave; redoubler plus de deux semestres. En cas de force majeur d&ucirc;ment justifi&eacute;e et appr&eacute;ci&eacute;e par le directeur de l&rsquo;IUT, un redoublement suppl&eacute;mentaire peut &ecirc;tre autoris&eacute;.</p>\r\n\r\n<p>La d&eacute;cision d&eacute;finitive refusant l&rsquo;autorisation de redoubler est prise apr&egrave;s avoir entendu l&rsquo;&eacute;tudiant &agrave; sa demande. Elle doit &ecirc;tre motiv&eacute;e et assortie de conseils d&rsquo;orientation.</p>\r\n",
    "code_year": 2015,
    "text_derog": "",
    "display_order": 5,
    "rule": [
      35
    ]
  }
},
{
  "pk": 24,
  "model": "rules.paragraph",
  "fields": {
    "impact": [],
    "text_motiv": "",
    "is_in_use": true,
    "is_interaction": false,
    "is_cmp": false,
    "text_standard": "<p>L&rsquo;inscription en 1&egrave;re ann&eacute;e de DEUST est accord&eacute;e par la commission p&eacute;dagogique de la composante apr&egrave;s s&eacute;lection des candidats. Chaque ann&eacute;e universitaire, celle-ci &eacute;tablit la liste des admis &agrave; s&rsquo;inscrire dans cette formation dans la limite des places disponibles.</p>\r\n",
    "code_year": 2015,
    "text_derog": "",
    "display_order": 1,
    "rule": [
      36
    ]
  }
},
{
  "pk": 25,
  "model": "rules.paragraph",
  "fields": {
    "impact": [],
    "text_motiv": "",
    "is_in_use": true,
    "is_interaction": false,
    "is_cmp": false,
    "text_standard": "<p>Les &eacute;tudiants peuvent prendre au total trois inscriptions annuelles en vue de la validation du dipl&ocirc;me. Une ou, exceptionnellement, deux inscriptions suppl&eacute;mentaires peuvent &ecirc;tre accord&eacute;es par le pr&eacute;sident de l&rsquo;universit&eacute; sur proposition d&rsquo;une commission p&eacute;dagogique constitu&eacute;e &agrave; cet effet.</p>\r\n",
    "code_year": 2015,
    "text_derog": "",
    "display_order": 2,
    "rule": [
      36
    ]
  }
},
{
  "pk": 26,
  "model": "rules.paragraph",
  "fields": {
    "impact": [],
    "text_motiv": "",
    "is_in_use": true,
    "is_interaction": false,
    "is_cmp": false,
    "text_standard": "<p style=\"margin-left:1.7pt\">La progression de l&rsquo;&eacute;tudiant se fait conform&eacute;ment &agrave; la maquette de la formation suivie &agrave; concurrence de 30 cr&eacute;dits ECTS pour chaque semestre.</p>\r\n",
    "code_year": 2015,
    "text_derog": "",
    "display_order": 3,
    "rule": [
      36
    ]
  }
},
{
  "pk": 27,
  "model": "rules.paragraph",
  "fields": {
    "impact": [],
    "text_motiv": "",
    "is_in_use": true,
    "is_interaction": true,
    "is_cmp": true,
    "text_standard": "<p>Alin&eacute;a de composante &ndash; Progression en ann&eacute;e sup&eacute;rieure et redoublement</p>\r\n",
    "code_year": 2015,
    "text_derog": "<p>Veuillez d&eacute;crire les r&egrave;gles de progression en ann&eacute;e sup&eacute;rieure ainsi que les r&egrave;gles pour le redoublement.</p>\r\n",
    "display_order": 4,
    "rule": [
      36
    ]
  }
},
{
  "pk": 28,
  "model": "rules.paragraph",
  "fields": {
    "impact": [],
    "text_motiv": "",
    "is_in_use": true,
    "is_interaction": false,
    "is_cmp": false,
    "text_standard": "<p>Afin d&rsquo;assurer des conditions d&rsquo;&eacute;tudes optimales, la capacit&eacute; d&rsquo;accueil en premi&egrave;re ann&eacute;e commune d&rsquo;&eacute;tudes de sant&eacute; (PACES) est contingent&eacute;e &agrave; l&rsquo;Universit&eacute; de Strasbourg, conform&eacute;ment &agrave; l&rsquo;article L 612-3 du code l&rsquo;&eacute;ducation.</p>\r\n\r\n<p>Tous les candidats de l&rsquo;acad&eacute;mie de Strasbourg et ceux dont les parents r&eacute;sident dans les d&eacute;partements du Haut-Rhin et du Bas-Rhin, bacheliers n&rsquo;ayant jamais &eacute;t&eacute; inscrits dans l&rsquo;enseignement sup&eacute;rieur ou futurs bacheliers de l&rsquo;ann&eacute;e, seront admis de droit en premi&egrave;re ann&eacute;e commune des &eacute;tudes de sant&eacute; (PACES).</p>\r\n",
    "code_year": 2015,
    "text_derog": "",
    "display_order": 1,
    "rule": [
      37
    ]
  }
},
{
  "pk": 29,
  "model": "rules.paragraph",
  "fields": {
    "impact": [],
    "text_motiv": "",
    "is_in_use": true,
    "is_interaction": false,
    "is_cmp": false,
    "text_standard": "<p>Les candidats hors acad&eacute;mie de Strasbourg ou les &eacute;tudiants souhaitant une r&eacute;orientation devront faire une demande de d&eacute;rogation.</p>\r\n",
    "code_year": 2015,
    "text_derog": "",
    "display_order": 2,
    "rule": [
      37
    ]
  }
},
{
  "pk": 30,
  "model": "rules.paragraph",
  "fields": {
    "impact": [],
    "text_motiv": "",
    "is_in_use": true,
    "is_interaction": false,
    "is_cmp": false,
    "text_standard": "<p>Hors dispositif pr&eacute;vu par arr&ecirc;t&eacute;, l&rsquo;acc&egrave;s est limit&eacute; par un <em>numerus clausus</em> propre &agrave; chaque fili&egrave;re (m&eacute;decine, pharmacie, odontologie et ma&iuml;eutique).</p>\r\n",
    "code_year": 2015,
    "text_derog": "",
    "display_order": 1,
    "rule": [
      38
    ]
  }
},
{
  "pk": 31,
  "model": "rules.paragraph",
  "fields": {
    "impact": [],
    "text_motiv": "",
    "is_in_use": true,
    "is_interaction": false,
    "is_cmp": false,
    "text_standard": "<p>Hors dispositif pr&eacute;vu par arr&ecirc;t&eacute;, pour &ecirc;tre admis au dipl&ocirc;me de formation g&eacute;n&eacute;rale (DFG) en sciences pharmaceutiques, m&eacute;dicales, odontologiques ou ma&iuml;eutiques, les candidats doivent figurer en rang utile sur la liste des classements correspondant &agrave; la fili&egrave;re de sant&eacute; choisie.</p>\r\n",
    "code_year": 2015,
    "text_derog": "",
    "display_order": 2,
    "rule": [
      38
    ]
  }
},
{
  "pk": 32,
  "model": "rules.paragraph",
  "fields": {
    "impact": [],
    "text_motiv": "<p>Merci d&rsquo;indiquer, pour les conseils &eacute;lus, les motifs de votre demande.</p>\r\n",
    "is_in_use": true,
    "is_interaction": true,
    "is_cmp": false,
    "text_standard": "<p>Pour acc&eacute;der &agrave; l&rsquo;ann&eacute;e sup&eacute;rieure, l&rsquo;&eacute;tudiant doit avoir valid&eacute; les deux semestres de l&rsquo;ann&eacute;e en cours et les stages aff&eacute;rents.</p>\r\n",
    "code_year": 2015,
    "text_derog": "<p>Vous souhaitez demander une d&eacute;rogation pour cet alin&eacute;a.</p>\r\n\r\n<p>Merci de reprendre le passage pour le modifier ou y substituer le texte de l&rsquo;alin&eacute;a que vous souhaitez voir valider pour votre formation. <em>N&rsquo;oubliez pas de d&eacute;tailler, le cas &eacute;ch&eacute;ant, les enseignements auxquels s&rsquo;appliquent votre alin&eacute;a, et les conditions et les crit&egrave;res d&rsquo;application, ou tout autre &eacute;l&eacute;ment pertinent. pertinent.</em></p>\r\n",
    "display_order": 3,
    "rule": [
      38
    ]
  }
},
{
  "pk": 33,
  "model": "rules.paragraph",
  "fields": {
    "impact": [],
    "text_motiv": "",
    "is_in_use": true,
    "is_interaction": false,
    "is_cmp": false,
    "text_standard": "<p>Par d&eacute;rogation aux principes &eacute;nonc&eacute;s ci-dessus, l&rsquo;&eacute;tudiant n&rsquo;ayant pas valid&eacute; son ann&eacute;e peut &ecirc;tre autoris&eacute; &agrave; suivre par anticipation des &eacute;l&eacute;ments p&eacute;dagogiques de l&rsquo;ann&eacute;e sup&eacute;rieure. Il reste exclusivement inscrit dans l&rsquo;ann&eacute;e non valid&eacute;e, et les &eacute;l&eacute;ments p&eacute;dagogiques suivis dans l&rsquo;ann&eacute;e sup&eacute;rieure font l&rsquo;objet d&rsquo;un contrat sign&eacute; par le responsable p&eacute;dagogique et par l&rsquo;&eacute;tudiant. Le responsable p&eacute;dagogique informe le service de scolarit&eacute; des contrats &eacute;tablis. Lors de son inscription p&eacute;dagogique, l&rsquo;&eacute;tudiant pr&eacute;sente obligatoirement le contrat p&eacute;dagogique sign&eacute;.</p>\r\n",
    "code_year": 2015,
    "text_derog": "",
    "display_order": 4,
    "rule": [
      38
    ]
  }
},
{
  "pk": 34,
  "model": "rules.paragraph",
  "fields": {
    "impact": [],
    "text_motiv": "",
    "is_in_use": true,
    "is_interaction": false,
    "is_cmp": false,
    "text_standard": "<p>Peuvent s&rsquo;inscrire au dipl&ocirc;me de formation approfondie (DFA), les &eacute;tudiants titulaires du dipl&ocirc;me de formation g&eacute;n&eacute;rale (DFG)&nbsp; de la m&ecirc;me fili&egrave;re.</p>\r\n",
    "code_year": 2015,
    "text_derog": "",
    "display_order": 1,
    "rule": [
      39
    ]
  }
},
{
  "pk": 35,
  "model": "rules.paragraph",
  "fields": {
    "impact": [],
    "text_motiv": "<p>Merci d&rsquo;indiquer, pour les conseils &eacute;lus, les motifs de votre demande.</p>\r\n",
    "is_in_use": true,
    "is_interaction": true,
    "is_cmp": false,
    "text_standard": "<p>Pour acc&eacute;der &agrave; l&rsquo;ann&eacute;e sup&eacute;rieure, l&rsquo;&eacute;tudiant doit avoir valid&eacute; les deux semestres de l&rsquo;ann&eacute;e en cours et les stages aff&eacute;rents.</p>\r\n",
    "code_year": 2015,
    "text_derog": "<p>Vous souhaitez demander une d&eacute;rogation pour cet alin&eacute;a.</p>\r\n\r\n<p>Merci de reprendre le passage pour le modifier ou y substituer le texte de l&rsquo;alin&eacute;a que vous souhaitez voir valider pour votre formation. <em>N&rsquo;oubliez pas de d&eacute;tailler, le cas &eacute;ch&eacute;ant, les enseignements auxquels s&rsquo;appliquent votre alin&eacute;a, et les conditions et les crit&egrave;res d&rsquo;application, ou tout autre &eacute;l&eacute;ment pertinent.</em></p>\r\n",
    "display_order": 2,
    "rule": [
      39
    ]
  }
},
{
  "pk": 36,
  "model": "rules.paragraph",
  "fields": {
    "impact": [],
    "text_motiv": "",
    "is_in_use": true,
    "is_interaction": false,
    "is_cmp": false,
    "text_standard": "<p>Par d&eacute;rogation aux principes &eacute;nonc&eacute;s ci-dessus, l&rsquo;&eacute;tudiant n&rsquo;ayant pas valid&eacute; son ann&eacute;e peut &ecirc;tre autoris&eacute; &agrave; suivre par anticipation des &eacute;l&eacute;ments p&eacute;dagogiques de l&rsquo;ann&eacute;e sup&eacute;rieure. Il reste exclusivement inscrit dans l&rsquo;ann&eacute;e non valid&eacute;e, et les &eacute;l&eacute;ments p&eacute;dagogiques suivis dans l&rsquo;ann&eacute;e sup&eacute;rieure font l&rsquo;objet d&rsquo;un contrat sign&eacute; par le responsable p&eacute;dagogique et par l&rsquo;&eacute;tudiant. Le responsable p&eacute;dagogique informe le service de scolarit&eacute; des contrats &eacute;tablis. Lors de son inscription p&eacute;dagogique, l&rsquo;&eacute;tudiant pr&eacute;sente obligatoirement le contrat p&eacute;dagogique sign&eacute;.</p>\r\n",
    "code_year": 2015,
    "text_derog": "",
    "display_order": 3,
    "rule": [
      39
    ]
  }
},
{
  "pk": 37,
  "model": "rules.paragraph",
  "fields": {
    "impact": [],
    "text_motiv": "",
    "is_in_use": true,
    "is_interaction": false,
    "is_cmp": false,
    "text_standard": "<p>Nul ne peut &ecirc;tre autoris&eacute; &agrave; prendre plus de deux inscriptions en premi&egrave;re ann&eacute;e commune des &eacute;tudes de sant&eacute; (PACES).</p>\r\n",
    "code_year": 2015,
    "text_derog": "",
    "display_order": 1,
    "rule": [
      41
    ]
  }
},
{
  "pk": 38,
  "model": "rules.paragraph",
  "fields": {
    "impact": [],
    "text_motiv": "",
    "is_in_use": true,
    "is_interaction": false,
    "is_cmp": false,
    "text_standard": "<p style=\"margin-left:8.8pt\">Elle consiste &agrave; inscrire un &eacute;tudiant dans l&rsquo;une des formations propos&eacute;es par l&rsquo;universit&eacute;. Ce processus annuel et obligatoire implique la collecte des donn&eacute;es administratives n&eacute;cessaires concernant l&rsquo;&eacute;tudiant, le paiement des droits, la d&eacute;termination du statut de l&rsquo;&eacute;tudiant et de sa situation par rapport &agrave; sa couverture sociale.</p>\r\n\r\n<p style=\"margin-left:8.8pt\">L&rsquo;inscription administrative s&rsquo;effectue conform&eacute;ment au calendrier adopt&eacute; annuellement par le CA apr&egrave;s avis de la CFVU.</p>\r\n",
    "code_year": 2015,
    "text_derog": "",
    "display_order": 1,
    "rule": [
      3
    ]
  }
},
{
  "pk": 39,
  "model": "rules.paragraph",
  "fields": {
    "impact": [],
    "text_motiv": "",
    "is_in_use": true,
    "is_interaction": false,
    "is_cmp": false,
    "text_standard": "<p>Le troisi&egrave;me cycle est accessible aux &eacute;tudiants ayant obtenu le dipl&ocirc;me de formation approfondie de la m&ecirc;me fili&egrave;re.</p>\r\n",
    "code_year": 2015,
    "text_derog": "",
    "display_order": 1,
    "rule": [
      40
    ]
  }
},
{
  "pk": 40,
  "model": "rules.paragraph",
  "fields": {
    "impact": [],
    "text_motiv": "",
    "is_in_use": true,
    "is_interaction": false,
    "is_cmp": false,
    "text_standard": "<p>Une d&eacute;rogation peut &ecirc;tre accord&eacute;e par le pr&eacute;sident de l&rsquo;universit&eacute; sur proposition du directeur de composante.</p>\r\n\r\n<p>Ces d&eacute;rogations ne peuvent exc&eacute;der chaque ann&eacute;e 8 % du nombre de places attribu&eacute;es r&eacute;glementairement &agrave; l&rsquo;&eacute;tablissement, en vue de l&rsquo;admission au dipl&ocirc;me de formation g&eacute;n&eacute;rale en sciences m&eacute;dicales, pharmaceutiques, odontologiques et ma&iuml;eutiques.</p>\r\n",
    "code_year": 2015,
    "text_derog": "",
    "display_order": 2,
    "rule": [
      41
    ]
  }
},
{
  "pk": 41,
  "model": "rules.paragraph",
  "fields": {
    "impact": [],
    "text_motiv": "",
    "is_in_use": true,
    "is_interaction": false,
    "is_cmp": false,
    "text_standard": "<p>Aucun &eacute;tudiant ne peut &ecirc;tre autoris&eacute; &agrave; prendre plus de cinq inscriptions au cours du DFA en sciences pharmaceutiques ou odontologiques ou ma&iuml;eutiques ou plus de six inscriptions au cours du DFA en sciences m&eacute;dicales.. Chaque ann&eacute;e d&rsquo;&eacute;tudes ne peut faire l&rsquo;objet de plus de trois inscriptions.</p>\r\n",
    "code_year": 2015,
    "text_derog": "",
    "display_order": 1,
    "rule": [
      42
    ]
  }
},
{
  "pk": 42,
  "model": "rules.paragraph",
  "fields": {
    "impact": [],
    "text_motiv": "",
    "is_in_use": true,
    "is_interaction": false,
    "is_cmp": false,
    "text_standard": "<p>Une d&eacute;rogation exceptionnelle peut &ecirc;tre accord&eacute;e par le pr&eacute;sident de l&rsquo;universit&eacute; sur proposition du directeur de composante.</p>\r\n",
    "code_year": 2015,
    "text_derog": "",
    "display_order": 2,
    "rule": [
      42
    ]
  }
},
{
  "pk": 43,
  "model": "rules.paragraph",
  "fields": {
    "impact": [],
    "text_motiv": "",
    "is_in_use": true,
    "is_interaction": false,
    "is_cmp": false,
    "text_standard": "<p>L&rsquo;&eacute;tudiant peut s&rsquo;inscrire au plus trois fois pour soutenir sa th&egrave;se en m&eacute;decine, apr&egrave;s l&rsquo;obtention du dipl&ocirc;me d&rsquo;&eacute;tudes sp&eacute;cialis&eacute; (DES) ou d&rsquo;un titre &eacute;quivalent.</p>\r\n",
    "code_year": 2015,
    "text_derog": "",
    "display_order": 1,
    "rule": [
      43
    ]
  }
},
{
  "pk": 44,
  "model": "rules.paragraph",
  "fields": {
    "impact": [],
    "text_motiv": "",
    "is_in_use": true,
    "is_interaction": false,
    "is_cmp": false,
    "text_standard": "<p>Une d&eacute;rogation exceptionnelle &agrave; ce d&eacute;lai &nbsp;peut &ecirc;tre accord&eacute;e par le pr&eacute;sident de l&rsquo;universit&eacute; sur proposition du directeur de composante.</p>\r\n",
    "code_year": 2015,
    "text_derog": "",
    "display_order": 2,
    "rule": [
      43
    ]
  }
},
{
  "pk": 45,
  "model": "rules.paragraph",
  "fields": {
    "impact": [],
    "text_motiv": "",
    "is_in_use": true,
    "is_interaction": false,
    "is_cmp": false,
    "text_standard": "<p>Les &eacute;tudiants soutiennent au cours du troisi&egrave;me cycle court ou, au plus tard, dans un d&eacute;lai de deux ans apr&egrave;s la validation du troisi&egrave;me cycle court une th&egrave;se devant un jury.</p>\r\n",
    "code_year": 2015,
    "text_derog": "",
    "display_order": 1,
    "rule": [
      44
    ]
  }
},
{
  "pk": 46,
  "model": "rules.paragraph",
  "fields": {
    "impact": [],
    "text_motiv": "",
    "is_in_use": true,
    "is_interaction": false,
    "is_cmp": false,
    "text_standard": "<p>Une d&eacute;rogation exceptionnelle &agrave; ce d&eacute;lai peut &ecirc;tre accord&eacute;e par le pr&eacute;sident de l&rsquo;universit&eacute; sur proposition du directeur de composante.</p>\r\n",
    "code_year": 2015,
    "text_derog": "",
    "display_order": 2,
    "rule": [
      44
    ]
  }
},
{
  "pk": 47,
  "model": "rules.paragraph",
  "fields": {
    "impact": [],
    "text_motiv": "",
    "is_in_use": true,
    "is_interaction": false,
    "is_cmp": false,
    "text_standard": "<p>L&rsquo;&eacute;tudiant qui n&rsquo;a pas soutenu &agrave; la fin du troisi&egrave;me cycle court doit se r&eacute;inscrire afin de soutenir avant la fin de l&rsquo;ann&eacute;e civile en cours.</p>\r\n",
    "code_year": 2015,
    "text_derog": "",
    "display_order": 1,
    "rule": [
      45
    ]
  }
},
{
  "pk": 48,
  "model": "rules.paragraph",
  "fields": {
    "impact": [],
    "text_motiv": "",
    "is_in_use": true,
    "is_interaction": false,
    "is_cmp": false,
    "text_standard": "<p>Une d&eacute;rogation exceptionnelle &agrave; ce d&eacute;lai peut &ecirc;tre accord&eacute;e par le pr&eacute;sident de l&rsquo;universit&eacute; sur proposition du directeur de composante.</p>\r\n",
    "code_year": 2015,
    "text_derog": "",
    "display_order": 2,
    "rule": [
      45
    ]
  }
},
{
  "pk": 49,
  "model": "rules.paragraph",
  "fields": {
    "impact": [],
    "text_motiv": "",
    "is_in_use": true,
    "is_interaction": false,
    "is_cmp": false,
    "text_standard": "<p style=\"margin-left:1.7pt\">L&rsquo;inscription p&eacute;dagogique consiste pour un &eacute;tudiant &agrave; s&rsquo;inscrire aux diff&eacute;rents enseignements de la formation en fonction de la maquette, de ses souhaits et de ses acquis.</p>\r\n\r\n<p style=\"margin-left:1.7pt\">Elle s&rsquo;effectue conform&eacute;ment au calendrier adopt&eacute; annuellement par le CA apr&egrave;s avis de la CFVU.</p>\r\n\r\n<p>Elle est obligatoire. En l&rsquo;absence d&rsquo;inscription p&eacute;dagogique, l&rsquo;&eacute;tudiant n&rsquo;est pas autoris&eacute; &agrave; se pr&eacute;senter aux &eacute;preuves d&rsquo;&eacute;valuation.</p>\r\n",
    "code_year": 2015,
    "text_derog": "",
    "display_order": 1,
    "rule": [
      4
    ]
  }
},
{
  "pk": 50,
  "model": "rules.paragraph",
  "fields": {
    "impact": [],
    "text_motiv": "",
    "is_in_use": true,
    "is_interaction": false,
    "is_cmp": false,
    "text_standard": "<p>L&rsquo;inscription p&eacute;dagogique dans une ou plusieurs fili&egrave;res post-PACES est <strong>obligatoire</strong> au d&eacute;but du deuxi&egrave;me semestre pour participer au <strong>classement de chaque</strong> <strong>concours</strong> arr&ecirc;t&eacute; selon le nombre de places offertes (<em>numerus clausus</em>).</p>\r\n\r\n<p>Dans le cas contraire, le candidat n&rsquo;est pas autoris&eacute; &agrave; se pr&eacute;senter aux examens. Il est alors d&eacute;clar&eacute; ajourn&eacute;.</p>\r\n",
    "code_year": 2015,
    "text_derog": "",
    "display_order": 1,
    "rule": [
      46
    ]
  }
},
{
  "pk": 51,
  "model": "rules.paragraph",
  "fields": {
    "impact": [],
    "text_motiv": "",
    "is_in_use": true,
    "is_interaction": true,
    "is_cmp": true,
    "text_standard": "<p>Alin&eacute;a de composante &ndash; Contr&ocirc;le d&rsquo;assiduit&eacute;</p>\r\n",
    "code_year": 2015,
    "text_derog": "<p><strong>Vous souhaitez mettre en place un contr&ocirc;le d&rsquo;assiduit&eacute; au sein des enseignements de votre formation. Merci de le d&eacute;tailler en ajoutant vos pr&eacute;cisions au texte ci-dessous. <em>N&rsquo;oubliez pas&nbsp;d&rsquo;indiquer les enseignements concern&eacute;s (CM, CI, TD, TP), le nombre d&rsquo;absence tol&eacute;r&eacute;es, et la sanction ou les cons&eacute;quences d&rsquo;une absence excessive.</em></strong></p>\r\n",
    "display_order": 1,
    "rule": [
      5
    ]
  }
},
{
  "pk": 52,
  "model": "rules.paragraph",
  "fields": {
    "impact": [],
    "text_motiv": "",
    "is_in_use": true,
    "is_interaction": false,
    "is_cmp": false,
    "text_standard": "<p style=\"margin-left:1.7pt\">Les &eacute;tudiants boursiers sont tenus &agrave; l&rsquo;assiduit&eacute; en cours (CM, TD, TP, &hellip;).</p>\r\n\r\n<p>Les &eacute;tudiants relevant d&rsquo;un profil sp&eacute;cifique attest&eacute; peuvent &ecirc;tre dispens&eacute;s d&rsquo;assiduit&eacute;. Ils doivent en faire la demande aupr&egrave;s de leur service de scolarit&eacute; avant la fin du premier mois des enseignements ou dans les quinze jours suivant leur acc&egrave;s &agrave; ce profil sp&eacute;cifique.</p>\r\n",
    "code_year": 2015,
    "text_derog": "",
    "display_order": 2,
    "rule": [
      5
    ]
  }
},
{
  "pk": 53,
  "model": "rules.paragraph",
  "fields": {
    "impact": [],
    "text_motiv": "",
    "is_in_use": true,
    "is_interaction": false,
    "is_cmp": false,
    "text_standard": "<p style=\"margin-left:1.7pt\">Les commissions p&eacute;dagogiques (r&eacute;gies par les articles D613-38 et suivants du Code de l&rsquo;&eacute;ducation) sont charg&eacute;es de la validation des acquis. Les validations d&rsquo;acquis prononc&eacute;es par les commissions p&eacute;dagogiques se traduisent par des dispenses de dipl&ocirc;me, de semestre(s), d&rsquo;une ou plusieurs UE ou &eacute;l&eacute;ment(s) constitutif(s) d&rsquo;UE.</p>\r\n\r\n<p style=\"margin-left:1.7pt\">L&rsquo;&eacute;tudiant b&eacute;n&eacute;ficiant d&rsquo;une validation d&rsquo;acquis ne peut plus se pr&eacute;senter&nbsp; aux examens correspondants.</p>\r\n\r\n<p>Les semestres, les UE ou les &eacute;l&eacute;ments constitutifs d&rsquo;une UE ayant fait l&rsquo;objet d&rsquo;une dispense d&rsquo;&eacute;tudes n&rsquo;entrent pas dans le calcul du r&eacute;sultat du dipl&ocirc;me, du semestre ou de l&rsquo;UE.</p>\r\n",
    "code_year": 2015,
    "text_derog": "",
    "display_order": 1,
    "rule": [
      6
    ]
  }
},
{
  "pk": 54,
  "model": "rules.paragraph",
  "fields": {
    "impact": [],
    "text_motiv": "",
    "is_in_use": true,
    "is_interaction": false,
    "is_cmp": false,
    "text_standard": "<p>Les personnes titulaires du certificat de capacit&eacute; en droit peuvent obtenir la dispense du baccalaur&eacute;at en vue de la poursuite des &eacute;tudes autres que juridiques mentionn&eacute;e pour le DAEU (option A), &agrave; condition de subir avec succ&egrave;s l&rsquo;&eacute;preuve de fran&ccedil;ais et de langue vivante pr&eacute;vue pour cette option.</p>\r\n",
    "code_year": 2015,
    "text_derog": "",
    "display_order": 1,
    "rule": [
      47
    ]
  }
},
{
  "pk": 55,
  "model": "rules.paragraph",
  "fields": {
    "impact": [],
    "text_motiv": "",
    "is_in_use": true,
    "is_interaction": false,
    "is_cmp": false,
    "text_standard": "<p style=\"margin-left:1.7pt\">A cet effet, une session particuli&egrave;re peut &ecirc;tre organis&eacute;e avant la date pr&eacute;vue pour la rentr&eacute;e universitaire en premier cycle suivant des modalit&eacute;s identiques &agrave; celles pr&eacute;vues pour les autres candidats.</p>\r\n",
    "code_year": 2015,
    "text_derog": "",
    "display_order": 2,
    "rule": [
      47
    ]
  }
},
{
  "pk": 56,
  "model": "rules.paragraph",
  "fields": {
    "impact": [],
    "text_motiv": "",
    "is_in_use": true,
    "is_interaction": false,
    "is_cmp": false,
    "text_standard": "<p>Les &eacute;tudes accomplies &agrave; l&rsquo;&eacute;tranger, selon un contrat p&eacute;dagogique mis en &oelig;uvre dans le cadre d&rsquo;&eacute;changes internationaux conventionn&eacute;s, sont int&eacute;gr&eacute;es au cursus de l&rsquo;&eacute;tudiant, au m&ecirc;me titre que les &eacute;tudes accomplies &agrave; l&rsquo;Universit&eacute; de Strasbourg.</p>\r\n\r\n<p>Les modalit&eacute;s d&rsquo;&eacute;valuation de l&rsquo;&eacute;tudiant en mobilit&eacute; sont pr&eacute;cis&eacute;es dans son contrat p&eacute;dagogique, et les notes sont valid&eacute;es par un jury de semestre et/ou d&rsquo;ann&eacute;e.</p>\r\n",
    "code_year": 2015,
    "text_derog": "",
    "display_order": 1,
    "rule": [
      7
    ]
  }
},
{
  "pk": 57,
  "model": "rules.paragraph",
  "fields": {
    "impact": [],
    "text_motiv": "",
    "is_in_use": true,
    "is_interaction": true,
    "is_cmp": true,
    "text_standard": "<p>Alin&eacute;a de composante &ndash; Notation des QCM</p>\r\n",
    "code_year": 2015,
    "text_derog": "<p><strong>Veuillez d&eacute;crire le syst&egrave;me de notation des QCM</strong></p>\r\n",
    "display_order": 1,
    "rule": [
      48
    ]
  }
},
{
  "pk": 58,
  "model": "rules.paragraph",
  "fields": {
    "impact": [],
    "text_motiv": "",
    "is_in_use": true,
    "is_interaction": true,
    "is_cmp": true,
    "text_standard": "<p>Alin&eacute;a de composante &ndash; Notation des QRC</p>\r\n",
    "code_year": 2015,
    "text_derog": "<p><strong>Veuillez d&eacute;crire le syst&egrave;me de notation des QCM</strong></p>\r\n",
    "display_order": 1,
    "rule": [
      49
    ]
  }
},
{
  "pk": 59,
  "model": "rules.paragraph",
  "fields": {
    "impact": [],
    "text_motiv": "",
    "is_in_use": true,
    "is_interaction": true,
    "is_cmp": true,
    "text_standard": "<p><em>Alin&eacute;a de composante &ndash; Notation des QCD</em></p>\r\n",
    "code_year": 2015,
    "text_derog": "<p><strong>Veuillez d&eacute;crire le syst&egrave;me de notation des QCD</strong></p>\r\n",
    "display_order": 1,
    "rule": [
      50
    ]
  }
},
{
  "pk": 60,
  "model": "rules.paragraph",
  "fields": {
    "impact": [],
    "text_motiv": "",
    "is_in_use": true,
    "is_interaction": false,
    "is_cmp": false,
    "text_standard": "<p>Les stages correspondent &agrave; des p&eacute;riodes temporaires de mise en situation en milieu professionnel au cours desquelles l&#39;&eacute;tudiant acquiert des comp&eacute;tences professionnelles et met en &oelig;uvre les acquis de sa formation en vue d&#39;obtenir un dipl&ocirc;me ou une certification et de favoriser son insertion professionnelle.</p>\r\n",
    "code_year": 2015,
    "text_derog": "",
    "display_order": 1,
    "rule": [
      78
    ]
  }
},
{
  "pk": 61,
  "model": "rules.paragraph",
  "fields": {
    "impact": [],
    "text_motiv": "",
    "is_in_use": true,
    "is_interaction": false,
    "is_cmp": false,
    "text_standard": "<p style=\"margin-left:1.7pt\">Par ailleurs, les stages sont int&eacute;gr&eacute;s &agrave; un cursus de formation, dont le volume p&eacute;dagogique d&rsquo;enseignement effectu&eacute; en pr&eacute;sence des &eacute;tudiants est de deux cent heures au minimum par ann&eacute;e d&rsquo;enseignement.</p>\r\n",
    "code_year": 2015,
    "text_derog": "",
    "display_order": 2,
    "rule": [
      78
    ]
  }
},
{
  "pk": 62,
  "model": "rules.paragraph",
  "fields": {
    "impact": [],
    "text_motiv": "",
    "is_in_use": true,
    "is_interaction": false,
    "is_cmp": false,
    "text_standard": "<p>Les stages obligatoires sont les stages pr&eacute;vus obligatoirement par les maquettes de formation.</p>\r\n",
    "code_year": 2015,
    "text_derog": "",
    "display_order": 3,
    "rule": [
      78
    ]
  }
},
{
  "pk": 63,
  "model": "rules.paragraph",
  "fields": {
    "impact": [],
    "text_motiv": "",
    "is_in_use": true,
    "is_interaction": false,
    "is_cmp": false,
    "text_standard": "<p>Les stages volontaires sont des stages effectu&eacute;s &agrave; l&rsquo;initiative de l&rsquo;&eacute;tudiant et accept&eacute;s par l&rsquo;&eacute;quipe p&eacute;dagogique de la formation. Ils sont int&eacute;gr&eacute;s au cursus p&eacute;dagogique par le biais d&rsquo;une UE.</p>\r\n",
    "code_year": 2015,
    "text_derog": "",
    "display_order": 4,
    "rule": [
      78
    ]
  }
},
{
  "pk": 64,
  "model": "rules.paragraph",
  "fields": {
    "impact": [],
    "text_motiv": "",
    "is_in_use": true,
    "is_interaction": false,
    "is_cmp": false,
    "text_standard": "<p style=\"margin-left:1.7pt\">Tout stage fait obligatoirement l&rsquo;objet d&rsquo;une restitution de la part du stagiaire donnant lieu &agrave; une &eacute;valuation de la part de l&rsquo;&eacute;quipe p&eacute;dagogique de la formation. L&rsquo;objectif de la restitution et de l&rsquo;&eacute;valuation est de permettre &agrave; l&rsquo;&eacute;tudiant de traduire sa mise en application des acquis de la formation et d&rsquo;exprimer les savoirs et comp&eacute;tences acquis.</p>\r\n\r\n<p>Le responsable p&eacute;dagogique s&rsquo;assure que le nombre d&rsquo;heures pr&eacute;vues dans le stage correspond au nombre d&rsquo;ECTS effectivement octroy&eacute;s.</p>\r\n",
    "code_year": 2015,
    "text_derog": "",
    "display_order": 5,
    "rule": [
      78
    ]
  }
},
{
  "pk": 65,
  "model": "rules.paragraph",
  "fields": {
    "impact": [],
    "text_motiv": "",
    "is_in_use": true,
    "is_interaction": true,
    "is_cmp": true,
    "text_standard": "<p>Alin&eacute;a de composante - UE Stage obligatoire</p>\r\n",
    "code_year": 2015,
    "text_derog": "<p>Pr&eacute;ciser l&rsquo;intitul&eacute; (stage d&rsquo;initiation &agrave; l&rsquo;officine, stage hospitalier, etc.), la dur&eacute;e, le semestre, &nbsp;la quotit&eacute; de travail (temps complet, mi-temps) du stage, ainsi que la nature de la restitution et de l&rsquo;&eacute;valuation du stage, notamment en fonction de(s) l&rsquo;objectif(s) et du type de stage, (Ex.&nbsp;: un m&eacute;moire ou un rapport, assorti ou non d&rsquo;une soutenance&nbsp;; une fiche de restitution donnant lieu &agrave; &eacute;valuation ou visa du tuteur p&eacute;dagogique.)</p>\r\n\r\n<p>Il est fortement recommand&eacute; que l&rsquo;&eacute;valuation comporte une appr&eacute;ciation de la part de la structure d&rsquo;accueil.</p>\r\n\r\n<p>Pr&eacute;ciser l&rsquo;instance ou la personne qui valide le stage&nbsp;(jury, par Doyen sur proposition du ma&icirc;tre de stage en sant&eacute;</p>\r\n",
    "display_order": 6,
    "rule": [
      78
    ]
  }
},
{
  "pk": 66,
  "model": "rules.paragraph",
  "fields": {
    "impact": [],
    "text_motiv": "",
    "is_in_use": true,
    "is_interaction": true,
    "is_cmp": true,
    "text_standard": "<p>Alin&eacute;a de composante - UE libre de stage</p>\r\n",
    "code_year": 2015,
    "text_derog": "<p>Pr&eacute;ciser la dur&eacute;e du stage, ainsi que la nature de la restitution et de l&rsquo;&eacute;valuation du stage, notamment en fonction de l&rsquo;objectif et du type de stage, de son caract&egrave;re obligatoire ou non, de sa dur&eacute;e. Ex.&nbsp;: un m&eacute;moire ou un rapport, assorti ou non d&rsquo;une soutenance&nbsp;; une fiche de restitution donnant lieu &agrave; &eacute;valuation ou visa du tuteur p&eacute;dagogique.</p>\r\n\r\n<p>Il est fortement recommand&eacute; que l&rsquo;&eacute;valuation comporte une appr&eacute;ciation de la part de la structure d&rsquo;accueil.</p>\r\n",
    "display_order": 7,
    "rule": [
      78
    ]
  }
},
{
  "pk": 67,
  "model": "rules.paragraph",
  "fields": {
    "impact": [],
    "text_motiv": "",
    "is_in_use": true,
    "is_interaction": true,
    "is_cmp": true,
    "text_standard": "<p>Alin&eacute;a de composante - UE suppl&eacute;mentaire de stage</p>\r\n",
    "code_year": 2015,
    "text_derog": "<p>Pr&eacute;ciser la dur&eacute;e du stage, ainsi que la nature de la restitution et de l&rsquo;&eacute;valuation du stage, notamment en fonction de l&rsquo;objectif et du type de stage, de son caract&egrave;re obligatoire ou non, de sa dur&eacute;e. Ex.&nbsp;: un m&eacute;moire ou un rapport, assorti ou non d&rsquo;une soutenance&nbsp;; une fiche de restitution donnant lieu &agrave; &eacute;valuation ou visa du tuteur p&eacute;dagogique.</p>\r\n\r\n<p>Il est fortement recommand&eacute; que l&rsquo;&eacute;valuation comporte une appr&eacute;ciation de la part de la structure d&rsquo;accueil.</p>\r\n",
    "display_order": 8,
    "rule": [
      78
    ]
  }
},
{
  "pk": 68,
  "model": "rules.paragraph",
  "fields": {
    "impact": [],
    "text_motiv": "",
    "is_in_use": true,
    "is_interaction": true,
    "is_cmp": true,
    "text_standard": "<p>Alin&eacute;a de composante &ndash; Stage volontaire (de d&eacute;couverte, d&rsquo;approfondissement, de r&eacute;orientation)</p>\r\n",
    "code_year": 2015,
    "text_derog": "<p>Pr&eacute;ciser la dur&eacute;e du stage, ainsi que la nature de la restitution et de l&rsquo;&eacute;valuation du stage, notamment en fonction de l&rsquo;objectif et du type de stage, de son caract&egrave;re obligatoire ou non, de sa dur&eacute;e. Ex.&nbsp;: un m&eacute;moire ou un rapport, assorti ou non d&rsquo;une soutenance&nbsp;; une fiche de restitution donnant lieu &agrave; &eacute;valuation ou visa du tuteur p&eacute;dagogique.</p>\r\n\r\n<p>Il est fortement recommand&eacute; que l&rsquo;&eacute;valuation comporte une appr&eacute;ciation de la part de la structure d&rsquo;accueil.</p>\r\n",
    "display_order": 9,
    "rule": [
      78
    ]
  }
},
{
  "pk": 69,
  "model": "rules.paragraph",
  "fields": {
    "impact": [],
    "text_motiv": "",
    "is_in_use": true,
    "is_interaction": false,
    "is_cmp": false,
    "text_standard": "<p>Lorsque le stagiaire interrompt sa p&eacute;riode de formation en milieu professionnel ou son stage pour un motif li&eacute; &agrave; la maladie, &agrave; un accident, &agrave; la grossesse, &agrave; la paternit&eacute;, &agrave; l&#39;adoption ou, en accord avec l&#39;&eacute;tablissement, en cas de non-respect des stipulations p&eacute;dagogiques de la convention ou en cas de rupture de la convention &agrave; l&#39;initiative de l&#39;organisme d&#39;accueil, l&rsquo;universit&eacute; valide la p&eacute;riode de formation en milieu professionnel ou le stage, m&ecirc;me s&#39;il n&#39;a pas atteint la dur&eacute;e pr&eacute;vue dans le cursus, ou propose au stagiaire une modalit&eacute; alternative de validation de sa formation.</p>\r\n\r\n<p>L&rsquo;&eacute;tudiant concern&eacute; par cette situation doit imp&eacute;rativement contacter son tuteur p&eacute;dagogique. Ce dernier, en accord avec l&rsquo;&eacute;quipe p&eacute;dagogique et, le cas &eacute;ch&eacute;ant, apr&egrave;s avis du ma&icirc;tre de stage &eacute;tudie la modalit&eacute; de validation alternative la plus ad&eacute;quate, en fonction de l&rsquo;&eacute;tat d&rsquo;avancement du stage au moment de l&rsquo;interruption et conform&eacute;ment aux modalit&eacute;s d&rsquo;&eacute;valuation et de contr&ocirc;le des</p>\r\n\r\n<p>connaissances. Cette modalit&eacute; alternative peut notamment prendre la forme suivante :</p>\r\n\r\n<p>- Un report de tout ou partie de la fin de la p&eacute;riode de stage en accord avec l&rsquo;organisme d&rsquo;accueil et &agrave; condition que ce report soit compatible avec le calendrier universitaire.</p>\r\n\r\n<p>- La r&eacute;daction d&rsquo;un m&eacute;moire/rapport de substitution</p>\r\n\r\n<p>- Une &eacute;preuve &eacute;crite et/ou orale de substitution.</p>\r\n",
    "code_year": 2015,
    "text_derog": "",
    "display_order": 10,
    "rule": [
      78
    ]
  }
},
{
  "pk": 70,
  "model": "rules.paragraph",
  "fields": {
    "impact": [],
    "text_motiv": "",
    "is_in_use": true,
    "is_interaction": false,
    "is_cmp": false,
    "text_standard": "<p>Le jury devant lequel ce m&eacute;moire est pr&eacute;sent&eacute; doit comporter au moins un membre habilit&eacute; &agrave; diriger des recherches.</p>\r\n",
    "code_year": 2015,
    "text_derog": "",
    "display_order": 1,
    "rule": [
      8
    ]
  }
},
{
  "pk": 71,
  "model": "rules.paragraph",
  "fields": {
    "impact": [],
    "text_motiv": "",
    "is_in_use": true,
    "is_interaction": false,
    "is_cmp": false,
    "text_standard": "<p>Les jurys sont d&eacute;sign&eacute;s par le pr&eacute;sident de l&rsquo;universit&eacute; sur proposition du directeur de composante.</p>\r\n",
    "code_year": 2015,
    "text_derog": "",
    "display_order": 1,
    "rule": [
      9
    ]
  }
},
{
  "pk": 72,
  "model": "rules.paragraph",
  "fields": {
    "impact": [],
    "text_motiv": "",
    "is_in_use": true,
    "is_interaction": false,
    "is_cmp": false,
    "text_standard": "<p style=\"margin-left:1.7pt\">Il est cr&eacute;&eacute; des jurys de semestre. Le jury de semestre arr&ecirc;te les notes et est souverain pour prononcer la validation ou la non-validation d&rsquo;un semestre.</p>\r\n\r\n<p style=\"margin-left:1.7pt\">Il est cr&eacute;&eacute; des jurys d&rsquo;ann&eacute;e. A l&rsquo;issue de chacune des deux sessions d&rsquo;examens, le jury d&rsquo;ann&eacute;e se prononce sur la validation de deux semestres imm&eacute;diatement cons&eacute;cutifs.</p>\r\n\r\n<p>Il est cr&eacute;&eacute; des jurys de dipl&ocirc;me. Le jury de dipl&ocirc;me prononce la d&eacute;livrance du dipl&ocirc;me.</p>\r\n",
    "code_year": 2015,
    "text_derog": "",
    "display_order": 2,
    "rule": [
      9
    ]
  }
},
{
  "pk": 73,
  "model": "rules.paragraph",
  "fields": {
    "impact": [],
    "text_motiv": "",
    "is_in_use": true,
    "is_interaction": false,
    "is_cmp": false,
    "text_standard": "<p style=\"margin-left:1.7pt\">Le DAEU est d&eacute;livr&eacute; par le pr&eacute;sident de l&rsquo;universit&eacute;, sur proposition d&rsquo;un jury compos&eacute; des enseignants participant &agrave; la formation.</p>\r\n\r\n<p>Ce jury est pr&eacute;sid&eacute; par un professeur ou un ma&icirc;tre de conf&eacute;rences d&eacute;sign&eacute; par le pr&eacute;sent de l&rsquo;universit&eacute; pour chacune des options A et B du dipl&ocirc;me.</p>\r\n",
    "code_year": 2015,
    "text_derog": "",
    "display_order": 1,
    "rule": [
      51
    ]
  }
},
{
  "pk": 74,
  "model": "rules.paragraph",
  "fields": {
    "impact": [],
    "text_motiv": "",
    "is_in_use": true,
    "is_interaction": false,
    "is_cmp": false,
    "text_standard": "<p style=\"margin-left:1.7pt\">Un jury pluridisciplinaire se r&eacute;unira pour d&eacute;lib&eacute;rer sur la validation&nbsp;:</p>\r\n\r\n<ul>\r\n\t<li>du Certificat de synth&egrave;se pharmaceutique (pharmacie)</li>\r\n\t<li>du Certificat de comp&eacute;tence clinique (m&eacute;decine)</li>\r\n\t<li>du Certificat de synth&egrave;se clinique et th&eacute;rapeutique (odontologie)</li>\r\n</ul>\r\n",
    "code_year": 2015,
    "text_derog": "",
    "display_order": 1,
    "rule": [
      52
    ]
  }
},
{
  "pk": 75,
  "model": "rules.paragraph",
  "fields": {
    "impact": [],
    "text_motiv": "",
    "is_in_use": true,
    "is_interaction": false,
    "is_cmp": false,
    "text_standard": "<p style=\"margin-left:1.85pt\">Le jury de th&egrave;se comprend au moins trois membres, dont le directeur de th&egrave;se&nbsp;:</p>\r\n\r\n<ul>\r\n\t<li>un enseignant-chercheur habilit&eacute; &agrave; diriger des recherches exer&ccedil;ant dans la composante, pr&eacute;sident&nbsp;;</li>\r\n\t<li>deux autres membres, dont une personnalit&eacute; qualifi&eacute;e ext&eacute;rieure &agrave; la composante. La participation d&rsquo;un responsable d&rsquo;une structure accueillant des &eacute;tudiants en stage est souhait&eacute;e.</li>\r\n</ul>\r\n\r\n<p>Deux membres du jury sont titulaires du dipl&ocirc;me d&rsquo;Etat de pharmacien ou de docteur en pharmacie.</p>\r\n",
    "code_year": 2015,
    "text_derog": "",
    "display_order": 1,
    "rule": [
      53
    ]
  }
},
{
  "pk": 76,
  "model": "rules.paragraph",
  "fields": {
    "impact": [],
    "text_motiv": "",
    "is_in_use": true,
    "is_interaction": false,
    "is_cmp": false,
    "text_standard": "<p>Le jury de th&egrave;se, pr&eacute;sid&eacute; par un professeur des universit&eacute;s des disciplines m&eacute;dicales titulaires, est compos&eacute; d&rsquo;au moins quatre membres dont trois enseignants titulaires des disciplines m&eacute;dicales d&eacute;sign&eacute;s par le pr&eacute;sident de l&rsquo;universit&eacute; sur proposition du directeur de composante.</p>\r\n",
    "code_year": 2015,
    "text_derog": "",
    "display_order": 1,
    "rule": [
      54
    ]
  }
},
{
  "pk": 77,
  "model": "rules.paragraph",
  "fields": {
    "impact": [],
    "text_motiv": "",
    "is_in_use": true,
    "is_interaction": false,
    "is_cmp": false,
    "text_standard": "<p style=\"margin-left:1.85pt\">Le jury de th&egrave;se comprend quatre membres, dont :</p>\r\n\r\n<ul>\r\n\t<li>un professeur des universit&eacute;s, praticien hospitalier des centres de soins, d&rsquo;enseignement et de recherche dentaire, pr&eacute;sident ;</li>\r\n\t<li>trois autres membres dont au moins deux personnels enseignants et hospitaliers titulaires des centres de soins d&rsquo;enseignement et de recherche dentaires. L&rsquo;un de ces trois membres peut &ecirc;tre un assistant hospitalier universitaire, un praticien hospitalier, un enseignant d&rsquo;une autre discipline universitaire ou un directeur de recherche.</li>\r\n</ul>\r\n\r\n<p>Une personnalit&eacute; ext&eacute;rieure invit&eacute;e sans voix d&eacute;lib&eacute;rative peut &ecirc;tre adjointe &agrave; ce jury.</p>\r\n",
    "code_year": 2015,
    "text_derog": "",
    "display_order": 1,
    "rule": [
      55
    ]
  }
},
{
  "pk": 78,
  "model": "rules.paragraph",
  "fields": {
    "impact": [],
    "text_motiv": "",
    "is_in_use": true,
    "is_interaction": false,
    "is_cmp": false,
    "text_standard": "<p style=\"margin-left:1.7pt\">Le DUT est d&eacute;livr&eacute; par le pr&eacute;sident de l&rsquo;universit&eacute;, sur proposition d&rsquo;un jury pr&eacute;sid&eacute; par le directeur de l&rsquo;IUT, comprenant les chefs de d&eacute;partement, les enseignants-chercheurs, les enseignants, les charg&eacute;s d&rsquo;enseignement et les personnalit&eacute;s ext&eacute;rieures exer&ccedil;ant des fonctions en relations &eacute;troite avec la sp&eacute;cialit&eacute; concern&eacute;e, choisies dans les conditions pr&eacute;vues &agrave; l&rsquo;article L. 613-1 du code de l&rsquo;&eacute;ducation.</p>\r\n\r\n<p>Ce jury de dipl&ocirc;me comprend au moins 50% d&rsquo;enseignants-chercheurs et d&rsquo;enseignants.</p>\r\n",
    "code_year": 2015,
    "text_derog": "",
    "display_order": 1,
    "rule": [
      56
    ]
  }
},
{
  "pk": 79,
  "model": "rules.paragraph",
  "fields": {
    "impact": [],
    "text_motiv": "",
    "is_in_use": true,
    "is_interaction": false,
    "is_cmp": false,
    "text_standard": "<p>Les jurys sont d&eacute;sign&eacute;s par le pr&eacute;sident de l&rsquo;universit&eacute; sur proposition du directeur ou des directeurs de l&rsquo;unit&eacute; ou des unit&eacute;s de formation et de recherche, ou du ou des d&eacute;partements de formation assurant les enseignements.</p>\r\n",
    "code_year": 2015,
    "text_derog": "",
    "display_order": 1,
    "rule": [
      77
    ]
  }
},
{
  "pk": 80,
  "model": "rules.paragraph",
  "fields": {
    "impact": [],
    "text_motiv": "",
    "is_in_use": true,
    "is_interaction": false,
    "is_cmp": false,
    "text_standard": "<p style=\"margin-left:1.7pt\">Il est cr&eacute;&eacute; des jurys de semestre. Le jury de semestre arr&ecirc;te les notes et est souverain pour prononcer la validation ou la non-validation d&rsquo;un semestre.</p>\r\n\r\n<p style=\"margin-left:1.7pt\">Il est cr&eacute;&eacute; des jurys d&rsquo;ann&eacute;e. A l&rsquo;issue de chacune des deux sessions d&rsquo;examens, le jury d&rsquo;ann&eacute;e se prononce sur la validation de deux semestres imm&eacute;diatement cons&eacute;cutifs.</p>\r\n\r\n<p style=\"margin-left:1.7pt\">Il est cr&eacute;&eacute; des jurys de dipl&ocirc;me. Le jury de dipl&ocirc;me prononce la d&eacute;livrance du dipl&ocirc;me.</p>\r\n",
    "code_year": 2015,
    "text_derog": "",
    "display_order": 2,
    "rule": [
      77
    ]
  }
},
{
  "pk": 81,
  "model": "rules.paragraph",
  "fields": {
    "impact": [],
    "text_motiv": "",
    "is_in_use": true,
    "is_interaction": false,
    "is_cmp": false,
    "text_standard": "<p>Ce jury est pr&eacute;sid&eacute; par un enseignant-chercheur.</p>\r\n",
    "code_year": 2015,
    "text_derog": "",
    "display_order": 3,
    "rule": [
      77
    ]
  }
},
{
  "pk": 82,
  "model": "rules.paragraph",
  "fields": {
    "impact": [],
    "text_motiv": "",
    "is_in_use": true,
    "is_interaction": false,
    "is_cmp": false,
    "text_standard": "<p style=\"margin-left:1.7pt\">Au niveau de l&rsquo;UE&nbsp;: les notes qui, affect&eacute;es de leurs coefficients respectifs, entrent dans le calcul de la note d&rsquo;une UE se compensent entre elles, sans note &eacute;liminatoire. L&rsquo;UE est valid&eacute;e d&egrave;s lors qu&rsquo;un &eacute;tudiant y obtient une moyenne g&eacute;n&eacute;rale &eacute;gale ou sup&eacute;rieure &agrave; 10/20. La validation d&rsquo;une UE emporte l&rsquo;obtention des cr&eacute;dits europ&eacute;ens correspondant.</p>\r\n\r\n<p style=\"margin-left:1.7pt\">En cas de dispense, l&rsquo;UE n&rsquo;est pas prise en compte dans le calcul du semestre.</p>\r\n",
    "code_year": 2015,
    "text_derog": "",
    "display_order": 1,
    "rule": [
      10
    ]
  }
},
{
  "pk": 83,
  "model": "rules.paragraph",
  "fields": {
    "impact": [],
    "text_motiv": "",
    "is_in_use": true,
    "is_interaction": false,
    "is_cmp": false,
    "text_standard": "<p>Au niveau du semestre: les notes des UE d&rsquo;un m&ecirc;me semestre se compensent entre elles, sans note&nbsp;&eacute;liminatoire. Le semestre est valid&eacute; si la moyenne des UE le composant, affect&eacute;es de leurs coefficients respectifs, est &eacute;gale ou&nbsp;sup&eacute;rieur &agrave; 10/20.</p>\r\n",
    "code_year": 2015,
    "text_derog": "",
    "display_order": 1,
    "rule": [
      11
    ]
  }
},
{
  "pk": 84,
  "model": "rules.paragraph",
  "fields": {
    "impact": [],
    "text_motiv": "",
    "is_in_use": true,
    "is_interaction": false,
    "is_cmp": false,
    "text_standard": "<p>Au niveau des deux semestres d&rsquo;une m&ecirc;me ann&eacute;e d&rsquo;&eacute;tudes et au niveau du dipl&ocirc;me&nbsp;: la compensation op&egrave;re entre les moyennes obtenues aux deux semestres imm&eacute;diatement cons&eacute;cutifs d&rsquo;une m&ecirc;me ann&eacute;e d&rsquo;&eacute;tudes, c&rsquo;est-&agrave;-dire entre les semestres 1 et 2, ou entre les semestres 3 et 4, ou entre les semestre 5 et 6.</p>\r\n",
    "code_year": 2015,
    "text_derog": "",
    "display_order": 2,
    "rule": [
      11
    ]
  }
},
{
  "pk": 85,
  "model": "rules.paragraph",
  "fields": {
    "impact": [],
    "text_motiv": "",
    "is_in_use": true,
    "is_interaction": false,
    "is_cmp": false,
    "text_standard": "<p>Toutefois, lorsqu&rsquo;un seul semestre n&rsquo;est pas valid&eacute; et que la moyenne des six semestres est &eacute;gale ou sup&eacute;rieure &agrave; 10/20, le jury de dipl&ocirc;me a la possibilit&eacute; d&rsquo;accorder la compensation de ce semestre non valid&eacute;. L&rsquo;&eacute;tudiant peut d&eacute;clarer renoncer au b&eacute;n&eacute;fice de cette compensation.</p>\r\n",
    "code_year": 2015,
    "text_derog": "",
    "display_order": 3,
    "rule": [
      11
    ]
  }
},
{
  "pk": 86,
  "model": "rules.paragraph",
  "fields": {
    "impact": [],
    "text_motiv": "",
    "is_in_use": true,
    "is_interaction": false,
    "is_cmp": false,
    "text_standard": "<p>La licence professionnelle est d&eacute;cern&eacute;e aux &eacute;tudiants qui ont obtenu &agrave; la fois une moyenne g&eacute;n&eacute;rale &eacute;gale ou sup&eacute;rieure &agrave; 10/20 &agrave; l&#39;ensemble des unit&eacute;s d&#39;enseignement, y compris le projet tutor&eacute; et le stage, et une moyenne &eacute;gale ou sup&eacute;rieure &agrave; 10/20 &agrave; l&#39;ensemble constitu&eacute; du projet tutor&eacute; et du stage.</p>\r\n\r\n<p>La compensation entre &eacute;l&eacute;ments constitutifs d&#39;une unit&eacute; d&#39;enseignement, d&#39;une part, et les unit&eacute;s d&#39;enseignement, d&#39;autre part, s&#39;effectue sans note &eacute;liminatoire.&nbsp;</p>\r\n",
    "code_year": 2015,
    "text_derog": "",
    "display_order": 1,
    "rule": [
      57
    ]
  }
},
{
  "pk": 87,
  "model": "rules.paragraph",
  "fields": {
    "impact": [],
    "text_motiv": "<p>Merci d&rsquo;indiquer, pour les conseils &eacute;lus, les motifs de votre choix.</p>\r\n",
    "is_in_use": true,
    "is_interaction": true,
    "is_cmp": false,
    "text_standard": "<p>Le cumul entre un syst&egrave;me de notes ind&eacute;pendantes et un syst&egrave;me de notes entre lesquelles des compensations peuvent &ecirc;tre &eacute;tables n&rsquo;est pas autoris&eacute;. &nbsp;</p>\r\n",
    "code_year": 2015,
    "text_derog": "<p>Veuillez indiquer le syst&egrave;me que vous souhaitez utiliser&nbsp;: syst&egrave;me de notes ind&eacute;pendantes (notes &eacute;liminatoires) ou syst&egrave;me avec compensation de notes.</p>\r\n\r\n<p>Si vous optez pour le syst&egrave;me de compensation, veuillez pr&eacute;ciser les diff&eacute;rents niveaux auxquels une compensation peut &ecirc;tre effectu&eacute;e (exemple&nbsp;: compensation de notes des UE d&rsquo;un m&ecirc;me semestre, compensation de notes des deux semestres etc.)</p>\r\n",
    "display_order": 1,
    "rule": [
      58
    ]
  }
},
{
  "pk": 88,
  "model": "rules.paragraph",
  "fields": {
    "impact": [],
    "text_motiv": "<p>Merci d&rsquo;indiquer, pour les conseils &eacute;lus, les motifs de votre demande.</p>\r\n",
    "is_in_use": true,
    "is_interaction": true,
    "is_cmp": false,
    "text_standard": "<p>Au niveau du semestre&nbsp;: les notes des UE d&rsquo;un m&ecirc;me semestre se compensent entre elles.</p>\r\n",
    "code_year": 2015,
    "text_derog": "<p>Vous souhaitez demander une d&eacute;rogation pour cette r&egrave;gle.&nbsp;</p>\r\n\r\n<p>Merci de reprendre le passage pour le modifier ou y substituer le texte de la r&egrave;gle que vous souhaitez voir valider pour votre formation. N&rsquo;oubliez pas de d&eacute;tailler, le cas &eacute;ch&eacute;ant, les enseignements auxquels s&rsquo;appliquent votre r&egrave;gle, et les conditions et les crit&egrave;res d&rsquo;application, ou tout autre &eacute;l&eacute;ment pertinent.</p>\r\n",
    "display_order": 1,
    "rule": [
      12
    ]
  }
},
{
  "pk": 89,
  "model": "rules.paragraph",
  "fields": {
    "impact": [],
    "text_motiv": "",
    "is_in_use": true,
    "is_interaction": false,
    "is_cmp": false,
    "text_standard": "<p>Le semestre est valid&eacute; si la moyenne des UE le composant, affect&eacute;es de leurs coefficients respectifs, est &eacute;gale ou sup&eacute;rieure &agrave; 10/20.</p>\r\n",
    "code_year": 2015,
    "text_derog": "",
    "display_order": 2,
    "rule": [
      12
    ]
  }
},
{
  "pk": 90,
  "model": "rules.paragraph",
  "fields": {
    "impact": [],
    "text_motiv": "<p>Merci d&rsquo;indiquer, pour les conseils &eacute;lus, les motifs de votre demande.</p>\r\n",
    "is_in_use": true,
    "is_interaction": true,
    "is_cmp": false,
    "text_standard": "<p>Au niveau des deux semestres d&rsquo;une m&ecirc;me ann&eacute;e d&rsquo;&eacute;tudes et au niveau du dipl&ocirc;me&nbsp;: les notes des semestres du Master ne se compensent pas entre elles.</p>\r\n",
    "code_year": 2015,
    "text_derog": "<p>Vous souhaitez demander une d&eacute;rogation pour cet alin&eacute;a.</p>\r\n\r\n<p>Merci de reprendre le passage pour le modifier ou y substituer le texte de l&rsquo;alin&eacute;a que vous souhaitez voir valider pour votre formation. N&rsquo;oubliez pas de d&eacute;tailler, le cas &eacute;ch&eacute;ant, les enseignements auxquels s&rsquo;appliquent votre alin&eacute;a, et les conditions et les crit&egrave;res d&rsquo;application, ou tout autre &eacute;l&eacute;ment pertinent.</p>\r\n",
    "display_order": 3,
    "rule": [
      12
    ]
  }
},
{
  "pk": 91,
  "model": "rules.paragraph",
  "fields": {
    "impact": [],
    "text_motiv": "",
    "is_in_use": true,
    "is_interaction": false,
    "is_cmp": false,
    "text_standard": "<p>Pour &ecirc;tre d&eacute;clar&eacute; admis, le candidat doit, dans le cas de l&rsquo;examen final, obtenir une note moyenne au moins &eacute;gale &agrave; 10/20 &agrave; l&rsquo;ensemble des &eacute;preuves.</p>\r\n",
    "code_year": 2015,
    "text_derog": "",
    "display_order": 1,
    "rule": [
      59
    ]
  }
},
{
  "pk": 92,
  "model": "rules.paragraph",
  "fields": {
    "impact": [],
    "text_motiv": "",
    "is_in_use": true,
    "is_interaction": false,
    "is_cmp": false,
    "text_standard": "<p>Pour &ecirc;tre d&eacute;clar&eacute; admis, le candidat doit, dans le cas de modules capitalisables, obtenir une note moyenne au moins &eacute;gale &agrave; 10/20 &agrave; chacune des &eacute;preuves. Les quatre modules de la formation peuvent &ecirc;tre pr&eacute;sent&eacute;s lors d&rsquo;une m&ecirc;me session.</p>\r\n",
    "code_year": 2015,
    "text_derog": "",
    "display_order": 1,
    "rule": [
      60
    ]
  }
},
{
  "pk": 93,
  "model": "rules.paragraph",
  "fields": {
    "impact": [],
    "text_motiv": "",
    "is_in_use": true,
    "is_interaction": false,
    "is_cmp": false,
    "text_standard": "<p>Les UE sont acquises et capitalisables d&egrave;s lros que l&rsquo;&eacute;tudiant y a obtenu la moyenne. Toute UE capitalis&eacute;e est prise en compte dans le dispositif de compensation, au m&ecirc;me titre et dans les m&ecirc;mes conditions que les autres UE.</p>\r\n",
    "code_year": 2015,
    "text_derog": "",
    "display_order": 1,
    "rule": [
      61
    ]
  }
},
{
  "pk": 94,
  "model": "rules.paragraph",
  "fields": {
    "impact": [],
    "text_motiv": "",
    "is_in_use": true,
    "is_interaction": false,
    "is_cmp": false,
    "text_standard": "<p>Le semestre est valid&eacute; lorsque l&rsquo;&eacute;tudiant obtient &agrave; la fois&nbsp;:</p>\r\n\r\n<ul>\r\n\t<li>Une moyenne g&eacute;n&eacute;rale au moins &eacute;gale &agrave; 10/20 et une un moyenne au moins &eacute;gale &agrave; 8/20 dans chacune des UE&nbsp;;</li>\r\n\t<li>La validation des semestres pr&eacute;c&eacute;dents, lorsqu&rsquo;ils existent.</li>\r\n</ul>\r\n",
    "code_year": 2015,
    "text_derog": "",
    "display_order": 2,
    "rule": [
      61
    ]
  }
},
{
  "pk": 95,
  "model": "rules.paragraph",
  "fields": {
    "impact": [],
    "text_motiv": "",
    "is_in_use": true,
    "is_interaction": false,
    "is_cmp": false,
    "text_standard": "<p>Si ces deux conditions ne sont pas remplies, la validation est assur&eacute;e par une compensation entre deux semestres cons&eacute;cutifs, sur la base d&rsquo;une moyenne g&eacute;n&eacute;rale au moins &eacute;gale &agrave; 10/20 et d&rsquo;une moyenne au moins &eacute;gale &agrave; 8/20 dans chacune des UE de ce semestre. Le semestre servant &agrave; compenser ne peut &ecirc;tre utilis&eacute; qu&rsquo;une fois au cours du cursus.</p>\r\n\r\n<p>L&rsquo;&eacute;tudiant peut renoncer au b&eacute;n&eacute;fice de cette compensation.</p>\r\n",
    "code_year": 2015,
    "text_derog": "",
    "display_order": 3,
    "rule": [
      61
    ]
  }
},
{
  "pk": 96,
  "model": "rules.paragraph",
  "fields": {
    "impact": [],
    "text_motiv": "",
    "is_in_use": true,
    "is_interaction": false,
    "is_cmp": false,
    "text_standard": "<p>En outre, le directeur de l&rsquo;IUT peut prononcer la validation d&rsquo;un semestre sur proposition du jury.</p>\r\n",
    "code_year": 2015,
    "text_derog": "",
    "display_order": 4,
    "rule": [
      61
    ]
  }
},
{
  "pk": 97,
  "model": "rules.paragraph",
  "fields": {
    "impact": [],
    "text_motiv": "",
    "is_in_use": true,
    "is_interaction": false,
    "is_cmp": false,
    "text_standard": "<p>La validation de tout semestre donne lieu &agrave; l&rsquo;obtention de l&rsquo;ensemble des UE qui le composent et des cr&eacute;dits europ&eacute;ens correspondants.</p>\r\n",
    "code_year": 2015,
    "text_derog": "",
    "display_order": 5,
    "rule": [
      61
    ]
  }
},
{
  "pk": 98,
  "model": "rules.paragraph",
  "fields": {
    "impact": [],
    "text_motiv": "<p>Merci d&rsquo;indiquer, pour les conseils &eacute;lus, les motifs de votre demande.</p>\r\n",
    "is_in_use": true,
    "is_interaction": true,
    "is_cmp": false,
    "text_standard": "<p style=\"margin-left:1.7pt\">Au niveau de l&rsquo;UE&nbsp;: les notes qui, affect&eacute;es de leurs coefficients respectifs, entrent dans le calcul de la note d&rsquo;une UE se compensent entre elles, sans note &eacute;liminatoire. L&rsquo;UE est valid&eacute;e d&egrave;s lors qu&rsquo;un &eacute;tudiant y obtient une moyenne g&eacute;n&eacute;rale &eacute;gale ou sup&eacute;rieure &agrave; 10/20.</p>\r\n\r\n<p style=\"margin-left:1.7pt\">En cas de dispense, l&rsquo;UE n&rsquo;est pas prise en compte dans le calcul du semestre.</p>\r\n",
    "code_year": 2015,
    "text_derog": "<p>Vous souhaitez demander une d&eacute;rogation pour cet alin&eacute;a.</p>\r\n\r\n<p>Merci de reprendre le passage pour le modifier ou y substituer le texte de l&rsquo;alin&eacute;a que vous souhaitez voir valider pour votre formation. <em>N&rsquo;oubliez pas de d&eacute;tailler, le cas &eacute;ch&eacute;ant, les enseignements auxquels s&rsquo;appliquent votre alin&eacute;a, et les conditions et les crit&egrave;res d&rsquo;application, ou tout autre &eacute;l&eacute;ment <strong>pertinent.</strong></em></p>\r\n",
    "display_order": 1,
    "rule": [
      62
    ]
  }
},
{
  "pk": 99,
  "model": "rules.paragraph",
  "fields": {
    "impact": [],
    "text_motiv": "<p>Merci d&rsquo;indiquer, pour les conseils &eacute;lus, les motifs de votre demande.</p>\r\n",
    "is_in_use": true,
    "is_interaction": true,
    "is_cmp": false,
    "text_standard": "<p>Au niveau du semestre : les notes des UE d&rsquo;un m&ecirc;me semestre se compensent entre elles, sans note&nbsp;&eacute;liminatoire. Le semestre est valid&eacute; si la moyenne des UE le composant, affect&eacute;es de leurs coefficients respectifs, est &eacute;gale ou&nbsp;sup&eacute;rieur &agrave; 10/20.</p>\r\n",
    "code_year": 2015,
    "text_derog": "<p>Vous souhaitez demander une d&eacute;rogation pour cet alin&eacute;a.</p>\r\n\r\n<p>Merci de reprendre le passage pour le modifier ou y substituer le texte de l&rsquo;alin&eacute;a que vous souhaitez voir valider pour votre formation. <em>N&rsquo;oubliez pas de d&eacute;tailler, le cas &eacute;ch&eacute;ant, les enseignements auxquels s&rsquo;appliquent votre alin&eacute;a, et les conditions et les crit&egrave;res d&rsquo;application, ou tout autre &eacute;l&eacute;ment pertinent.</em></p>\r\n",
    "display_order": 2,
    "rule": [
      62
    ]
  }
},
{
  "pk": 100,
  "model": "rules.paragraph",
  "fields": {
    "impact": [],
    "text_motiv": "",
    "is_in_use": true,
    "is_interaction": false,
    "is_cmp": false,
    "text_standard": "<p>Au niveau des deux semestres d&rsquo;une m&ecirc;me ann&eacute;e d&rsquo;&eacute;tudes et au niveau du dipl&ocirc;me, les&nbsp; notes des semestres ne se compensent pas entre elles.</p>\r\n",
    "code_year": 2015,
    "text_derog": "",
    "display_order": 3,
    "rule": [
      62
    ]
  }
},
{
  "pk": 101,
  "model": "rules.paragraph",
  "fields": {
    "impact": [],
    "text_motiv": "",
    "is_in_use": true,
    "is_interaction": false,
    "is_cmp": false,
    "text_standard": "<p>La moyenne g&eacute;n&eacute;rale obtenue au dipl&ocirc;me est la moyenne des notes des six semestres, sans pond&eacute;ration des semestres.</p>\r\n",
    "code_year": 2015,
    "text_derog": "",
    "display_order": 1,
    "rule": [
      13
    ]
  }
},
{
  "pk": 102,
  "model": "rules.paragraph",
  "fields": {
    "impact": [],
    "text_motiv": "<p><strong>Merci d&rsquo;indiquer, pour les conseils &eacute;lus, les motifs de votre demande.</strong></p>\r\n",
    "is_in_use": true,
    "is_interaction": true,
    "is_cmp": false,
    "text_standard": "<p>La moyenne g&eacute;n&eacute;rale au dipl&ocirc;me&nbsp; est la moyenne des notes des quatre semestres, sans pond&eacute;ration des semestres.</p>\r\n",
    "code_year": 2015,
    "text_derog": "<p>Vous souhaitez demander une d&eacute;rogation pour cet alin&eacute;a.</p>\r\n\r\n<p>Merci de reprendre le passage pour le modifier ou y substituer le texte de l&rsquo;alin&eacute;a que vous souhaitez voir valider pour votre formation. <em>N&rsquo;oubliez pas de d&eacute;tailler, le cas &eacute;ch&eacute;ant, les enseignements auxquels s&rsquo;appliquent votre alin&eacute;a, et les conditions et les crit&egrave;res d&rsquo;application, ou tout autre &eacute;l&eacute;ment pertinent.</em></p>\r\n",
    "display_order": 1,
    "rule": [
      14
    ]
  }
},
{
  "pk": 103,
  "model": "rules.paragraph",
  "fields": {
    "impact": [],
    "text_motiv": "",
    "is_in_use": true,
    "is_interaction": false,
    "is_cmp": false,
    "text_standard": "<p>La moyenne g&eacute;n&eacute;rale obtenue en DEUST est la moyenne de l&rsquo;ensemble des notes obtenues, pond&eacute;r&eacute;es par les coefficients.</p>\r\n",
    "code_year": 2015,
    "text_derog": "",
    "display_order": 1,
    "rule": [
      63
    ]
  }
},
{
  "pk": 104,
  "model": "rules.paragraph",
  "fields": {
    "impact": [],
    "text_motiv": "",
    "is_in_use": true,
    "is_interaction": false,
    "is_cmp": false,
    "text_standard": "<p>L&rsquo;ann&eacute;e universitaire de PACES est sanctionn&eacute;e par un concours.</p>\r\n\r\n<p>La validation de l&rsquo;ensemble des unit&eacute;s d&rsquo;enseignements permet l&rsquo;acquisition de 60 ECTS.</p>\r\n",
    "code_year": 2015,
    "text_derog": "",
    "display_order": 1,
    "rule": [
      64
    ]
  }
},
{
  "pk": 105,
  "model": "rules.paragraph",
  "fields": {
    "impact": [],
    "text_motiv": "",
    "is_in_use": true,
    "is_interaction": false,
    "is_cmp": false,
    "text_standard": "<p>Pour &ecirc;tre admis &agrave; poursuivre des &eacute;tudes m&eacute;dicales, odontologiques, pharmaceutiques ou de sage-femme au-del&agrave; de la premi&egrave;re ann&eacute;e des &eacute;tudes de sant&eacute;, les candidats doivent figurer en rang utile (num&eacute;rus clausus) sur la liste des classements correspondant &agrave; la fili&egrave;re de sant&eacute; choisie. Lorsque dans la limite des numerus clausus fix&eacute;s se trouvent des &eacute;tudiants de nationalit&eacute; &eacute;trang&egrave;re, une majoration&nbsp; &eacute;gale au nombre d&rsquo;&eacute;tudiants &eacute;trangers class&eacute;s en rang utile peut &ecirc;tre effectu&eacute;e sans exc&eacute;der 8% du contingentement propre &agrave; chacune des fili&egrave;res.</p>\r\n",
    "code_year": 2015,
    "text_derog": "",
    "display_order": 2,
    "rule": [
      64
    ]
  }
},
{
  "pk": 106,
  "model": "rules.paragraph",
  "fields": {
    "impact": [],
    "text_motiv": "",
    "is_in_use": true,
    "is_interaction": false,
    "is_cmp": false,
    "text_standard": "<p>Le classement se fera sur la base des notes obtenues au tronc commun ainsi qu&rsquo;&agrave; l&rsquo;UE sp&eacute;cifique, chaque UE &eacute;tant affect&eacute;e d&rsquo;un coefficient de pond&eacute;ration propre &agrave; chaque fili&egrave;re.</p>\r\n",
    "code_year": 2015,
    "text_derog": "",
    "display_order": 3,
    "rule": [
      64
    ]
  }
},
{
  "pk": 107,
  "model": "rules.paragraph",
  "fields": {
    "impact": [],
    "text_motiv": "",
    "is_in_use": true,
    "is_interaction": false,
    "is_cmp": false,
    "text_standard": "<p>Le dipl&ocirc;me est d&eacute;livr&eacute; aux &eacute;tudiants qui ont acquis les quatre semestres de la fili&egrave;re apr&egrave;s la PACES, par l&rsquo;obtention de 180 ECTS et les stages aff&eacute;rents. Ce dipl&ocirc;me conf&egrave;re le grade de licence.</p>\r\n",
    "code_year": 2015,
    "text_derog": "",
    "display_order": 1,
    "rule": [
      65
    ]
  }
},
{
  "pk": 108,
  "model": "rules.paragraph",
  "fields": {
    "impact": [],
    "text_motiv": "",
    "is_in_use": true,
    "is_interaction": false,
    "is_cmp": false,
    "text_standard": "<p><em>Le dipl&ocirc;me est d&eacute;livr&eacute; aux &eacute;tudiants qui ont acquis&nbsp;:</em></p>\r\n\r\n<ul>\r\n\t<li><em>en sciences pharmaceutiques&nbsp;: les quatre semestres par l&rsquo;obtention de 120 ECTS, les stages aff&eacute;rents et le certificat de synth&egrave;se pharmaceutique</em></li>\r\n\t<li><em>en sciences m&eacute;dicales&nbsp;: les six semestres par l&rsquo;obtention de 120 ECTS, les stages aff&eacute;rents et le certificat de comp&eacute;tence clinique</em></li>\r\n\t<li><em>en sciences odontologiques&nbsp;: les quatre semestres par l&rsquo;obtention de 120 ECTS, les stages aff&eacute;rents et le certificat de synth&egrave;se clinique et th&eacute;rapeutiques</em></li>\r\n</ul>\r\n\r\n<p><em>Ce dipl&ocirc;me conf&egrave;re le grade de master.</em></p>\r\n",
    "code_year": 2015,
    "text_derog": "",
    "display_order": 1,
    "rule": [
      66
    ]
  }
},
{
  "pk": 109,
  "model": "rules.paragraph",
  "fields": {
    "impact": [],
    "text_motiv": "",
    "is_in_use": true,
    "is_interaction": false,
    "is_cmp": false,
    "text_standard": "<p>Le dipl&ocirc;me d&rsquo;Etat de Docteur est d&eacute;livr&eacute; aux &eacute;tudiants ayant valid&eacute; les trois cycles d&rsquo;&eacute;tudes et soutenu avec succ&egrave;s leur th&egrave;se.</p>\r\n",
    "code_year": 2015,
    "text_derog": "",
    "display_order": 1,
    "rule": [
      67
    ]
  }
},
{
  "pk": 110,
  "model": "rules.paragraph",
  "fields": {
    "impact": [],
    "text_motiv": "",
    "is_in_use": true,
    "is_interaction": false,
    "is_cmp": false,
    "text_standard": "<p>Le jury de th&egrave;se peut refuser la th&egrave;se et demander des modifications.</p>\r\n\r\n<p>Il peut l&rsquo;admettre avec l&rsquo;une des mentions suivantes&nbsp;: passable, assez bien, bien ou tr&egrave;s bien.</p>\r\n",
    "code_year": 2015,
    "text_derog": "",
    "display_order": 2,
    "rule": [
      67
    ]
  }
},
{
  "pk": 111,
  "model": "rules.paragraph",
  "fields": {
    "impact": [],
    "text_motiv": "",
    "is_in_use": true,
    "is_interaction": false,
    "is_cmp": false,
    "text_standard": "<p>En cas de dispense de semestre, la moyenne g&eacute;n&eacute;rale au dipl&ocirc;me est la moyenne des notes des seuls semestres effectu&eacute;s &agrave; l&rsquo;Universit&eacute; de Strasbourg.</p>\r\n",
    "code_year": 2015,
    "text_derog": "",
    "display_order": 1,
    "rule": [
      15
    ]
  }
},
{
  "pk": 112,
  "model": "rules.paragraph",
  "fields": {
    "impact": [],
    "text_motiv": "",
    "is_in_use": true,
    "is_interaction": false,
    "is_cmp": false,
    "text_standard": "<p style=\"margin-left:1.7pt\">Les &eacute;tudes accomplies &agrave; l&rsquo;&eacute;tranger, selon un contrat p&eacute;dagogique mis en &oelig;uvre dans le cadre d&rsquo;&eacute;changes internationaux conventionn&eacute;s, sont consid&eacute;r&eacute;es comme des &eacute;tudes accomplies &agrave; l&rsquo;Universit&eacute; de Strasbourg. Les modalit&eacute;s d&rsquo;&eacute;valuation de l&rsquo;&eacute;tudiant en mobilit&eacute; sont pr&eacute;cis&eacute;es dans son contrat p&eacute;dagogique.</p>\r\n",
    "code_year": 2015,
    "text_derog": "",
    "display_order": 2,
    "rule": [
      15
    ]
  }
},
{
  "pk": 113,
  "model": "rules.paragraph",
  "fields": {
    "impact": [],
    "text_motiv": "",
    "is_in_use": true,
    "is_interaction": false,
    "is_cmp": false,
    "text_standard": "<p>En cas de r&eacute;orientation, la moyenne g&eacute;n&eacute;rale obtenue au dipl&ocirc;me est la moyenne des notes des seuls semestres effectu&eacute;s dans le dipl&ocirc;me terminal.</p>\r\n",
    "code_year": 2015,
    "text_derog": "",
    "display_order": 3,
    "rule": [
      15
    ]
  }
},
{
  "pk": 114,
  "model": "rules.paragraph",
  "fields": {
    "impact": [],
    "text_motiv": "",
    "is_in_use": true,
    "is_interaction": false,
    "is_cmp": false,
    "text_standard": "<p>L&rsquo;attribution d&rsquo;une mention (assez bien&nbsp;: 12/20&nbsp;; bien&nbsp;: 14/20&nbsp;; tr&egrave;s bien&nbsp;: 16/20) est calcul&eacute;e sur la moyenne g&eacute;n&eacute;rale obtenue au dipl&ocirc;me. Des points de jury peuvent &ecirc;tre accord&eacute;s pour l&rsquo;attribution d&rsquo;une mention.</p>\r\n",
    "code_year": 2015,
    "text_derog": "",
    "display_order": 4,
    "rule": [
      15
    ]
  }
},
{
  "pk": 115,
  "model": "rules.paragraph",
  "fields": {
    "impact": [],
    "text_motiv": "",
    "is_in_use": true,
    "is_interaction": false,
    "is_cmp": false,
    "text_standard": "<p style=\"margin-left:1.7pt\">La r&eacute;ussite au dipl&ocirc;me interm&eacute;diaire de DEUG repose sur la r&eacute;ussite aux quatre premiers semestres de Licence. Toutefois, la compensation op&egrave;re, sans note &eacute;liminatoire, entre les semestres 1 et 2 et entre les semestres 3 et 4.</p>\r\n\r\n<p>La moyenne g&eacute;n&eacute;rale obtenue au DEUG est la moyenne des quatre premiers semestres de Licence, sans pond&eacute;ration des semestres.</p>\r\n",
    "code_year": 2015,
    "text_derog": "",
    "display_order": 1,
    "rule": [
      16
    ]
  }
},
{
  "pk": 116,
  "model": "rules.paragraph",
  "fields": {
    "impact": [],
    "text_motiv": "",
    "is_in_use": true,
    "is_interaction": false,
    "is_cmp": false,
    "text_standard": "<p>En cas de dispense de semestre, la moyenne obtenue au DEUG est la moyenne des notes des seuls semestres effectu&eacute;s &agrave; l&rsquo;Universit&eacute; de Strasbourg.</p>\r\n",
    "code_year": 2015,
    "text_derog": "",
    "display_order": 2,
    "rule": [
      16
    ]
  }
},
{
  "pk": 117,
  "model": "rules.paragraph",
  "fields": {
    "impact": [],
    "text_motiv": "<p>Merci d&rsquo;indiquer, pour les conseils &eacute;lus, les motifs de votre demande.</p>\r\n",
    "is_in_use": true,
    "is_interaction": true,
    "is_cmp": false,
    "text_standard": "<p>La r&eacute;ussite au dipl&ocirc;me interm&eacute;diaire de Ma&icirc;trise repose sur la r&eacute;ussite &agrave; chacun des deux premiers semestres du Master. Les semestres ne se compensent pas entre eux.</p>\r\n",
    "code_year": 2015,
    "text_derog": "<p>Vous souhaitez demander une d&eacute;rogation pour cet alin&eacute;a.</p>\r\n\r\n<p>Merci de reprendre le passage pour le modifier ou y substituer le texte de l&rsquo;alin&eacute;a que vous souhaitez voir valider pour votre formation. <em>N&rsquo;oubliez pas de d&eacute;tailler, le cas &eacute;ch&eacute;ant, les enseignements auxquels s&rsquo;appliquent votre alin&eacute;a, et les conditions et les crit&egrave;res d&rsquo;application, ou tout autre &eacute;l&eacute;ment pertinent.</em></p>\r\n",
    "display_order": 1,
    "rule": [
      17
    ]
  }
},
{
  "pk": 118,
  "model": "rules.paragraph",
  "fields": {
    "impact": [],
    "text_motiv": "",
    "is_in_use": true,
    "is_interaction": false,
    "is_cmp": false,
    "text_standard": "<p>La note de Ma&icirc;trise est la moyenne des notes des deux premiers semestres du Master, sans pond&eacute;ration des semestres.</p>\r\n",
    "code_year": 2015,
    "text_derog": "",
    "display_order": 2,
    "rule": [
      17
    ]
  }
},
{
  "pk": 119,
  "model": "rules.paragraph",
  "fields": {
    "impact": [],
    "text_motiv": "<p><strong>Merci d&rsquo;indiquer, pour les conseils &eacute;lus, les motifs de votre demande.</strong></p>\r\n",
    "is_in_use": true,
    "is_interaction": true,
    "is_cmp": false,
    "text_standard": "<p>Les notes sup&eacute;rieures ou &eacute;gales &agrave; 10/20 obtenues &agrave; des &eacute;preuves dans des UE non acquises ne sont pas conserv&eacute;es d&rsquo;une ann&eacute;e &agrave; l&rsquo;autre.</p>\r\n",
    "code_year": 2015,
    "text_derog": "<p>Vous souhaitez demander une d&eacute;rogation pour cet alin&eacute;a.</p>\r\n\r\n<p>Merci de reprendre le passage pour le modifier ou y substituer le texte de l&rsquo;alin&eacute;a que vous souhaitez voir valider pour votre formation. <em>N&rsquo;oubliez pas de d&eacute;tailler, le cas &eacute;ch&eacute;ant, les enseignements auxquels s&rsquo;appliquent votre alin&eacute;a, et les conditions et les crit&egrave;res d&rsquo;application, ou tout autre &eacute;l&eacute;ment <strong>pertinent.</strong></em></p>\r\n",
    "display_order": 1,
    "rule": [
      18
    ]
  }
},
{
  "pk": 120,
  "model": "rules.paragraph",
  "fields": {
    "impact": [],
    "text_motiv": "",
    "is_in_use": true,
    "is_interaction": false,
    "is_cmp": false,
    "text_standard": "<p>Les U.E. ne peuvent se valider ind&eacute;pendamment, l&#39;admission finale portant sur la</p>\r\n\r\n<p>somme des notes obtenues aux diff&eacute;rents examens. Leurs notes ne peuvent &ecirc;tre report&eacute;es ni conserv&eacute;es en cas de r&eacute;-inscription en PACES.</p>\r\n",
    "code_year": 2015,
    "text_derog": "",
    "display_order": 1,
    "rule": [
      68
    ]
  }
},
{
  "pk": 121,
  "model": "rules.paragraph",
  "fields": {
    "impact": [],
    "text_motiv": "",
    "is_in_use": true,
    "is_interaction": false,
    "is_cmp": false,
    "text_standard": "<p>Une UE dont la note est sup&eacute;rieure ou &eacute;gale &agrave; 10/20 est valid&eacute;e.</p>\r\n",
    "code_year": 2015,
    "text_derog": "",
    "display_order": 1,
    "rule": [
      19
    ]
  }
},
{
  "pk": 122,
  "model": "rules.paragraph",
  "fields": {
    "impact": [],
    "text_motiv": "",
    "is_in_use": true,
    "is_interaction": false,
    "is_cmp": false,
    "text_standard": "<p style=\"margin-left:1.7pt\">L&rsquo;acquisition d&rsquo;une UE emporte celle des cr&eacute;dits europ&eacute;ens correspondants.</p>\r\n\r\n<p>Les &eacute;l&eacute;ments constitutifs d&rsquo;une UE ne sont pas affect&eacute;s individuellement de cr&eacute;dits europ&eacute;ens.</p>\r\n",
    "code_year": 2015,
    "text_derog": "",
    "display_order": 2,
    "rule": [
      19
    ]
  }
},
{
  "pk": 123,
  "model": "rules.paragraph",
  "fields": {
    "impact": [],
    "text_motiv": "<p><strong>Merci d&rsquo;indiquer, pour les conseils &eacute;lus, les motifs de votre demande.</strong></p>\r\n",
    "is_in_use": true,
    "is_interaction": true,
    "is_cmp": false,
    "text_standard": "<p>Une UE acquise ne peut plus &ecirc;tre repr&eacute;sent&eacute;e &agrave; un examen, quel que soit le parcours d&rsquo;&eacute;tudes o&ugrave; elle est inscrite.</p>\r\n",
    "code_year": 2015,
    "text_derog": "<p>Vous souhaitez demander une d&eacute;rogation pour cet alin&eacute;a.</p>\r\n\r\n<p>Merci de reprendre le passage pour le modifier ou y substituer le texte de l&rsquo;alin&eacute;a que vous souhaitez voir valider pour votre formation. <em>N&rsquo;oubliez pas de d&eacute;tailler, le cas &eacute;ch&eacute;ant, les enseignements auxquels s&rsquo;appliquent votre alin&eacute;a, et les conditions et les crit&egrave;res d&rsquo;application, ou tout autre &eacute;l&eacute;ment <strong>pertinent.</strong></em></p>\r\n",
    "display_order": 3,
    "rule": [
      19
    ]
  }
},
{
  "pk": 124,
  "model": "rules.paragraph",
  "fields": {
    "impact": [],
    "text_motiv": "",
    "is_in_use": true,
    "is_interaction": false,
    "is_cmp": false,
    "text_standard": "<p>Une UE non acquise appartenant &agrave; un semestre valid&eacute; ne peut pas &ecirc;tre repr&eacute;sent&eacute;e &agrave; un examen en vue d&rsquo;am&eacute;liorer la note de ce semestre. Elle peut toutefois &ecirc;tre repr&eacute;sent&eacute;e &agrave; un examen si elle est inscrite dans un autre dipl&ocirc;me (mention ou sp&eacute;cialit&eacute;).</p>\r\n",
    "code_year": 2015,
    "text_derog": "",
    "display_order": 4,
    "rule": [
      19
    ]
  }
},
{
  "pk": 125,
  "model": "rules.paragraph",
  "fields": {
    "impact": [],
    "text_motiv": "",
    "is_in_use": true,
    "is_interaction": false,
    "is_cmp": false,
    "text_standard": "<p>En cas de redoublement ou de modification de l&rsquo;offre de formation, les UE acquises au titre d&rsquo;une ann&eacute;e universitaire ant&eacute;rieure et ne figurant plus au programme du dipl&ocirc;me font l&rsquo;objet de mesures transitoires. Les mesures transitoires pr&eacute;servent le nombre de cr&eacute;dits europ&eacute;ens acquis par l&rsquo;&eacute;tudiant.</p>\r\n",
    "code_year": 2015,
    "text_derog": "",
    "display_order": 5,
    "rule": [
      19
    ]
  }
},
{
  "pk": 126,
  "model": "rules.paragraph",
  "fields": {
    "impact": [],
    "text_motiv": "",
    "is_in_use": true,
    "is_interaction": false,
    "is_cmp": false,
    "text_standard": "<p>Lorsque la licence professionnelle n&#39;a pas &eacute;t&eacute; obtenue, les unit&eacute;s d&#39;enseignement dans lesquelles la moyenne de 10 a &eacute;t&eacute; obtenue sont capitalisables. Par ailleurs, l&#39;&eacute;tudiant peut conserver, &agrave; sa demande, le b&eacute;n&eacute;fice des unit&eacute;s d&#39;enseignement pour lesquelles il a obtenu une note &eacute;gale ou sup&eacute;rieure &agrave; 8 sur 20.&nbsp;</p>\r\n",
    "code_year": 2015,
    "text_derog": "",
    "display_order": 1,
    "rule": [
      69
    ]
  }
},
{
  "pk": 127,
  "model": "rules.paragraph",
  "fields": {
    "impact": [],
    "text_motiv": "",
    "is_in_use": true,
    "is_interaction": false,
    "is_cmp": false,
    "text_standard": "<p style=\"margin-left:1.7pt\">L&rsquo;acquisition d&rsquo;une UE emporte celle des cr&eacute;dits europ&eacute;ens correspondants.</p>\r\n\r\n<p>Les &eacute;l&eacute;ments constitutifs d&rsquo;une UE ne sont pas affect&eacute;s individuellement de cr&eacute;dits europ&eacute;ens.</p>\r\n",
    "code_year": 2015,
    "text_derog": "",
    "display_order": 1,
    "rule": [
      70
    ]
  }
},
{
  "pk": 128,
  "model": "rules.paragraph",
  "fields": {
    "impact": [],
    "text_motiv": "",
    "is_in_use": true,
    "is_interaction": false,
    "is_cmp": false,
    "text_standard": "<p>Une UE acquise peut &ecirc;tre repr&eacute;sent&eacute;e &agrave; un examen, dans le cas de redoublement d&rsquo;un semestre, notamment pour am&eacute;liorer les conditions de r&eacute;ussite de sa formation. La compensation prend en compte le r&eacute;sultat le plus favorable pour l&rsquo;&eacute;tudiant.</p>\r\n",
    "code_year": 2015,
    "text_derog": "",
    "display_order": 2,
    "rule": [
      70
    ]
  }
},
{
  "pk": 129,
  "model": "rules.paragraph",
  "fields": {
    "impact": [],
    "text_motiv": "",
    "is_in_use": true,
    "is_interaction": false,
    "is_cmp": false,
    "text_standard": "<p>Une UE non acquise appartenant &agrave; un semestre valid&eacute; ne peut pas &ecirc;tre repr&eacute;sent&eacute;e &agrave; un examen en vue d&rsquo;am&eacute;liorer la note de ce semestre. Elle peut toutefois &ecirc;tre repr&eacute;sent&eacute;e &agrave; un examen si elle est inscrite dans un autre dipl&ocirc;me (mention ou sp&eacute;cialit&eacute;).</p>\r\n",
    "code_year": 2015,
    "text_derog": "",
    "display_order": 3,
    "rule": [
      70
    ]
  }
},
{
  "pk": 130,
  "model": "rules.paragraph",
  "fields": {
    "impact": [],
    "text_motiv": "",
    "is_in_use": true,
    "is_interaction": false,
    "is_cmp": false,
    "text_standard": "<p>En cas de redoublement ou de modification de l&rsquo;offre de formation, les UE acquises au titre d&rsquo;une ann&eacute;e universitaire ant&eacute;rieure et ne figurant plus au programme du dipl&ocirc;me font l&rsquo;objet de mesures transitoires. Les mesures transitoires pr&eacute;servent le nombre de cr&eacute;dits europ&eacute;ens acquis par l&rsquo;&eacute;tudiant.</p>\r\n",
    "code_year": 2015,
    "text_derog": "",
    "display_order": 4,
    "rule": [
      70
    ]
  }
},
{
  "pk": 131,
  "model": "rules.paragraph",
  "fields": {
    "impact": [],
    "text_motiv": "",
    "is_in_use": true,
    "is_interaction": false,
    "is_cmp": false,
    "text_standard": "<p>Deux sessions d&rsquo;examens sont organis&eacute;es pour chaque semestre durant l&rsquo;ann&eacute;e universitaire. La session de rattrapage concerne les &eacute;tudiants d&eacute;faillants ou ajourn&eacute;s apr&egrave;s la tenue du jury.</p>\r\n",
    "code_year": 2015,
    "text_derog": "",
    "display_order": 1,
    "rule": [
      20
    ]
  }
},
{
  "pk": 132,
  "model": "rules.paragraph",
  "fields": {
    "impact": [],
    "text_motiv": "",
    "is_in_use": true,
    "is_interaction": false,
    "is_cmp": false,
    "text_standard": "<p>Les modalit&eacute;s d&rsquo;&eacute;valuation des &eacute;tudiants peuvent &ecirc;tre pr&eacute;vues sous la forme d&rsquo;un contr&ocirc;le continu. Dans ce cas, il peut constituer int&eacute;gralement la session principale d&rsquo;examens et contribuer &agrave; la session de rattrapage sous la forme d&rsquo;un report de notes de TD et/ou de TP.</p>\r\n",
    "code_year": 2015,
    "text_derog": "",
    "display_order": 2,
    "rule": [
      20
    ]
  }
},
{
  "pk": 133,
  "model": "rules.paragraph",
  "fields": {
    "impact": [],
    "text_motiv": "",
    "is_in_use": true,
    "is_interaction": false,
    "is_cmp": false,
    "text_standard": "<p>Une session de rattrapage intervient dans un d&eacute;lai qui ne peut &ecirc;tre inf&eacute;rieur &agrave; deux semaines apr&egrave;s la publication des r&eacute;sultats semestriels.</p>\r\n",
    "code_year": 2015,
    "text_derog": "",
    "display_order": 3,
    "rule": [
      20
    ]
  }
},
{
  "pk": 134,
  "model": "rules.paragraph",
  "fields": {
    "impact": [],
    "text_motiv": "",
    "is_in_use": true,
    "is_interaction": false,
    "is_cmp": false,
    "text_standard": "<p>S&#39;agissant d&#39;un concours, il n&#39;y a pas de session de rattrapage pour les absent(e)s</p>\r\n\r\n<p>[excus&eacute;(e)s ou non] aux &eacute;preuves &eacute;crites anonymes de janvier ou de juin.</p>\r\n",
    "code_year": 2015,
    "text_derog": "",
    "display_order": 1,
    "rule": [
      71
    ]
  }
},
{
  "pk": 135,
  "model": "rules.paragraph",
  "fields": {
    "impact": [],
    "text_motiv": "<p><strong>Merci d&rsquo;indiquer, pour les conseils &eacute;lus, les motifs de votre demande.</strong></p>\r\n",
    "is_in_use": true,
    "is_interaction": true,
    "is_cmp": false,
    "text_standard": "<p>La session de rattrapage comporte des &eacute;preuves terminales en m&ecirc;me nombre et de m&ecirc;me nature que la premi&egrave;re.</p>\r\n",
    "code_year": 2015,
    "text_derog": "<p>Vous souhaitez demander une d&eacute;rogation pour cet alin&eacute;a.</p>\r\n\r\n<p>Merci de reprendre le passage pour le modifier ou y substituer le texte de l&rsquo;alin&eacute;a que vous souhaitez voir valider pour votre formation. <em>N&rsquo;oubliez pas de d&eacute;tailler, le cas &eacute;ch&eacute;ant, les enseignements auxquels s&rsquo;appliquent votre alin&eacute;a, et les conditions et les crit&egrave;res d&rsquo;application, ou tout autre &eacute;l&eacute;ment pertinent.</em></p>\r\n",
    "display_order": 1,
    "rule": [
      72
    ]
  }
},
{
  "pk": 136,
  "model": "rules.paragraph",
  "fields": {
    "impact": [],
    "text_motiv": "<p><strong>Merci d&rsquo;indiquer, pour les conseils &eacute;lus, les motifs de votre demande.</strong></p>\r\n",
    "is_in_use": true,
    "is_interaction": true,
    "is_cmp": false,
    "text_standard": "<p>Une session de rattrapage peut &ecirc;tre organis&eacute;e.</p>\r\n",
    "code_year": 2015,
    "text_derog": "<p>Vous souhaitez demander une d&eacute;rogation pour cet alin&eacute;a.</p>\r\n\r\n<p>Merci de reprendre le passage pour le modifier ou y substituer le texte de l&rsquo;alin&eacute;a que vous souhaitez voir valider pour votre formation. <em>N&rsquo;oubliez pas de d&eacute;tailler, le cas &eacute;ch&eacute;ant, les enseignements auxquels s&rsquo;appliquent votre alin&eacute;a, et les conditions et les crit&egrave;res d&rsquo;application, ou tout autre &eacute;l&eacute;ment pertinent.</em></p>\r\n",
    "display_order": 1,
    "rule": [
      21
    ]
  }
},
{
  "pk": 137,
  "model": "rules.paragraph",
  "fields": {
    "impact": [],
    "text_motiv": "",
    "is_in_use": true,
    "is_interaction": false,
    "is_cmp": false,
    "text_standard": "<p>La session de rattrapage concerne les &eacute;tudiants d&eacute;faillants ou ajourn&eacute;s apr&egrave;s la tenue du jury.</p>\r\n",
    "code_year": 2015,
    "text_derog": "",
    "display_order": 2,
    "rule": [
      21
    ]
  }
},
{
  "pk": 138,
  "model": "rules.paragraph",
  "fields": {
    "impact": [],
    "text_motiv": "",
    "is_in_use": true,
    "is_interaction": false,
    "is_cmp": false,
    "text_standard": "<p>Une session de rattrapage intervient dans un d&eacute;lai qui ne peut &ecirc;tre inf&eacute;rieur &agrave; deux semaines apr&egrave;s la publication des r&eacute;sultats semestriels.</p>\r\n",
    "code_year": 2015,
    "text_derog": "",
    "display_order": 3,
    "rule": [
      21
    ]
  }
},
{
  "pk": 139,
  "model": "rules.paragraph",
  "fields": {
    "impact": [],
    "text_motiv": "",
    "is_in_use": true,
    "is_interaction": false,
    "is_cmp": false,
    "text_standard": "<p>L&rsquo;appr&eacute;ciation des r&eacute;sultats du contr&ocirc;le des connaissances donne lieu &agrave; deux sessions &agrave; un semestre au plus d&rsquo;intervalle (une session d&rsquo;examen par semestre).</p>\r\n",
    "code_year": 2015,
    "text_derog": "",
    "display_order": 1,
    "rule": [
      73
    ]
  }
},
{
  "pk": 140,
  "model": "rules.paragraph",
  "fields": {
    "impact": [],
    "text_motiv": "<p><strong>Merci d&rsquo;indiquer, pour les conseils &eacute;lus, les motifs de votre demande.</strong></p>\r\n",
    "is_in_use": true,
    "is_interaction": true,
    "is_cmp": false,
    "text_standard": "<p>Une session de rattrapage peut &ecirc;tre organis&eacute;e. La session de rattrapage concerne les &eacute;tudiants d&eacute;faillants ou ajourn&eacute;s apr&egrave;s la tenue du jury.</p>\r\n",
    "code_year": 2015,
    "text_derog": "<p>Vous souhaitez demander une d&eacute;rogation pour cet alin&eacute;a.</p>\r\n\r\n<p>Merci de reprendre le passage pour le modifier ou y substituer le texte de l&rsquo;alin&eacute;a que vous souhaitez voir valider pour votre formation. <em>N&rsquo;oubliez pas de d&eacute;tailler, le cas &eacute;ch&eacute;ant, les enseignements auxquels s&rsquo;appliquent votre alin&eacute;a, et les conditions et les crit&egrave;res d&rsquo;application, ou tout autre &eacute;l&eacute;ment pertinent.</em></p>\r\n",
    "display_order": 2,
    "rule": [
      73
    ]
  }
},
{
  "pk": 141,
  "model": "rules.paragraph",
  "fields": {
    "impact": [],
    "text_motiv": "<p><strong>Merci d&rsquo;indiquer, pour les conseils &eacute;lus, les motifs de votre demande.</strong></p>\r\n",
    "is_in_use": true,
    "is_interaction": true,
    "is_cmp": false,
    "text_standard": "<p>Lorsqu&rsquo;est organis&eacute;e une session de rattrapage, elle comporte des &eacute;preuves terminales en m&ecirc;me nombre et de m&ecirc;me nature que la premi&egrave;re.</p>\r\n",
    "code_year": 2015,
    "text_derog": "<p>Vous souhaitez demander une d&eacute;rogation pour cet alin&eacute;a.</p>\r\n\r\n<p>Merci de reprendre le passage pour le modifier ou y substituer le texte de l&rsquo;alin&eacute;a que vous souhaitez voir valider pour votre formation. <em>N&rsquo;oubliez pas de d&eacute;tailler, le cas &eacute;ch&eacute;ant, les enseignements auxquels s&rsquo;appliquent votre alin&eacute;a, et les conditions et les crit&egrave;res d&rsquo;application, ou tout autre &eacute;l&eacute;ment pertinent.</em></p>\r\n",
    "display_order": 1,
    "rule": [
      74
    ]
  }
},
{
  "pk": 142,
  "model": "rules.paragraph",
  "fields": {
    "impact": [],
    "text_motiv": "",
    "is_in_use": true,
    "is_interaction": false,
    "is_cmp": false,
    "text_standard": "<p style=\"margin-left:1.7pt\">L&rsquo;&eacute;valuation continue int&eacute;grale consiste en une pluralit&eacute; d&rsquo;&eacute;valuations diversifi&eacute;es, r&eacute;parties r&eacute;guli&egrave;rement sur l&rsquo;ensemble des&nbsp; semaines du semestre et pour l&rsquo;ensemble des enseignements dont l&rsquo;objectif est de renforcer la dimension formative des &eacute;valuations et de conf&eacute;rer aux retours sur les &eacute;valuations un r&ocirc;le important dans la progression des &eacute;tudiants.</p>\r\n\r\n<p>Elle doit permettre &agrave; l&rsquo;&eacute;quipe p&eacute;dagogique d&rsquo;attester que l&rsquo;&eacute;tudiant ma&icirc;trise les connaissances et comp&eacute;tences vis&eacute;es dans une UE. Elle n&rsquo;a pas n&eacute;cessairement pour objectif d&rsquo;&eacute;valuer tous les contenus p&eacute;dagogiques d&rsquo;une UE.</p>\r\n",
    "code_year": 2015,
    "text_derog": "",
    "display_order": 1,
    "rule": [
      22
    ]
  }
},
{
  "pk": 143,
  "model": "rules.paragraph",
  "fields": {
    "impact": [],
    "text_motiv": "",
    "is_in_use": true,
    "is_interaction": false,
    "is_cmp": false,
    "text_standard": "<p>L&rsquo;organisation temporelle de toutes les &eacute;valuations (avec et sans convocation) est &eacute;tablie de fa&ccedil;on concert&eacute;e dans l&rsquo;&eacute;quipe p&eacute;dagogique de la formation. Le responsable du parcours ou de la sp&eacute;cialit&eacute; concern&eacute;e, ou le directeur des &eacute;tudes (ou appellation &eacute;quivalente) si cette fonction est pr&eacute;vue par la composante porteuse de la formation, est le responsable de ce calendrier. Il a donc autorit&eacute; au sein de l&rsquo;&eacute;quipe p&eacute;dagogique pour garantir la meilleure coordonnation possible entre les &eacute;valuations. L&rsquo;organisation pratique est coordonn&eacute;e par l&rsquo;&eacute;quipe p&eacute;dagogique et la scolarit&eacute; de la composante et la DALI.</p>\r\n",
    "code_year": 2015,
    "text_derog": "",
    "display_order": 1,
    "rule": [
      23
    ]
  }
},
{
  "pk": 144,
  "model": "rules.paragraph",
  "fields": {
    "impact": [],
    "text_motiv": "",
    "is_in_use": true,
    "is_interaction": false,
    "is_cmp": false,
    "text_standard": "<p>La r&eacute;partition r&eacute;guli&egrave;re des &eacute;valuations peut &ecirc;tre garantie par le recours syst&eacute;matique &agrave; des cr&eacute;neaux hebdomadaires identifi&eacute;s dans l&rsquo;emploi du temps.</p>\r\n",
    "code_year": 2015,
    "text_derog": "",
    "display_order": 2,
    "rule": [
      23
    ]
  }
},
{
  "pk": 145,
  "model": "rules.paragraph",
  "fields": {
    "impact": [],
    "text_motiv": "",
    "is_in_use": true,
    "is_interaction": false,
    "is_cmp": false,
    "text_standard": "<p>Le planning des &eacute;valuations avec convocation (qui doivent &ecirc;tre identifi&eacute;es comme telles dans les modalit&eacute;s d&rsquo;&eacute;valuation de chaque formation sera publi&eacute; au cours des deux premi&egrave;res semaines du semestre. Si des modifications doivent &ecirc;tre apport&eacute;es au planning des &eacute;valuations en cours de semestre pour des raisons imp&eacute;rieuses, elles devront &ecirc;tre communiqu&eacute;es obligatoirement 15 jours avant l&rsquo;&eacute;valuation.</p>\r\n",
    "code_year": 2015,
    "text_derog": "",
    "display_order": 3,
    "rule": [
      23
    ]
  }
},
{
  "pk": 146,
  "model": "rules.paragraph",
  "fields": {
    "impact": [],
    "text_motiv": "",
    "is_in_use": true,
    "is_interaction": false,
    "is_cmp": false,
    "text_standard": "<p style=\"margin-left:1.7pt\">Des &eacute;valuations peuvent &eacute;galement &ecirc;tre r&eacute;alis&eacute;es sans convocation dans les cr&eacute;neaux d&rsquo;enseignement de l&rsquo;emploi du temps (&eacute;valuations en TD et TP, par exemple). Pour ces derni&egrave;res, des am&eacute;nagements ou des d&eacute;rogations sont accord&eacute;s au profit des &eacute;tudiants &agrave; profil sp&eacute;cifique (&eacute;tudiants salari&eacute;s, sportifs ou musiciens de haut niveau, en situation de handicap, etc.)</p>\r\n",
    "code_year": 2015,
    "text_derog": "",
    "display_order": 4,
    "rule": [
      23
    ]
  }
},
{
  "pk": 147,
  "model": "rules.paragraph",
  "fields": {
    "impact": [],
    "text_motiv": "",
    "is_in_use": true,
    "is_interaction": false,
    "is_cmp": false,
    "text_standard": "<p style=\"margin-left:1.7pt\">L&rsquo;&eacute;l&eacute;ment de base de l&rsquo;&eacute;valuation et de la compensation est l&rsquo;UE.</p>\r\n\r\n<p>Le nombre global de notes est &agrave; appr&eacute;cier en fonction du nombre d&rsquo;ECTS et/ou du nombre d&rsquo;enseignements qui composent l&rsquo;UE, ainsi que de la nature et de la dur&eacute;e des &eacute;preuves.</p>\r\n",
    "code_year": 2015,
    "text_derog": "",
    "display_order": 1,
    "rule": [
      24
    ]
  }
},
{
  "pk": 148,
  "model": "rules.paragraph",
  "fields": {
    "impact": [],
    "text_motiv": "<p>Merci d&rsquo;indiquer, pour les conseils &eacute;lus, les motifs de votre demande.</p>\r\n",
    "is_in_use": true,
    "is_interaction": true,
    "is_cmp": false,
    "text_standard": "<p>Aucune note ne peut contribuer pour plus de 50% de la moyenne de l&rsquo;UE.</p>\r\n",
    "code_year": 2015,
    "text_derog": "<p>Vous souhaitez demander une d&eacute;rogation pour cet alin&eacute;a.</p>\r\n\r\n<p>Merci de reprendre le passage pour le modifier ou y substituer le texte de l&rsquo;alin&eacute;a que vous souhaitez voir valider pour votre formation. <em>N&rsquo;oubliez pas de d&eacute;tailler, le cas &eacute;ch&eacute;ant, les enseignements auxquels s&rsquo;appliquent votre alin&eacute;a, et les conditions et les crit&egrave;res d&rsquo;application, ou tout autre &eacute;l&eacute;ment pertinent.</em></p>\r\n",
    "display_order": 2,
    "rule": [
      24
    ]
  }
},
{
  "pk": 149,
  "model": "rules.paragraph",
  "fields": {
    "impact": [],
    "text_motiv": "<p>Merci d&rsquo;indiquer, pour les conseils &eacute;lus, les motifs de votre demande.</p>\r\n",
    "is_in_use": true,
    "is_interaction": true,
    "is_cmp": false,
    "text_standard": "<p style=\"margin-left:1.7pt\">Un minimum de trois notes est fortement encourag&eacute; pour permettre une v&eacute;ritable progression de l&rsquo;&eacute;tudiant et des rem&eacute;diations entre les &eacute;valuations. <strong>Ce minimum est exig&eacute; pour des UE de plus de 3 ECTS.</strong></p>\r\n",
    "code_year": 2015,
    "text_derog": "<p>Vous souhaitez demander une d&eacute;rogation pour cet alin&eacute;a.</p>\r\n\r\n<p>Merci de reprendre le passage pour le modifier ou y substituer le texte de l&rsquo;alin&eacute;a que vous souhaitez voir valider pour votre formation. <em>N&rsquo;oubliez pas de d&eacute;tailler, le cas &eacute;ch&eacute;ant, les enseignements auxquels s&rsquo;appliquent votre alin&eacute;a, et les conditions et les crit&egrave;res d&rsquo;application, ou tout autre &eacute;l&eacute;ment pertinent.</em></p>\r\n",
    "display_order": 3,
    "rule": [
      24
    ]
  }
},
{
  "pk": 150,
  "model": "rules.paragraph",
  "fields": {
    "impact": [],
    "text_motiv": "",
    "is_in_use": true,
    "is_interaction": false,
    "is_cmp": false,
    "text_standard": "<p>Chaque &eacute;preuve doit &ecirc;tre corrig&eacute;e dans un d&eacute;lai raisonnable, et en tout &eacute;tat de cause avant l&rsquo;&eacute;valuation suivante. Elle fait l&rsquo;objet d&rsquo;une correction selon des modalit&eacute;s laiss&eacute;es &agrave; l&rsquo;appr&eacute;ciation des enseignants. Le corrig&eacute; renforce la dimension formative de l&rsquo;UE. En particulier, il est remis en perspective par rapport aux attendus (connaissances et comp&eacute;tence) de l&rsquo;enseignement.</p>\r\n",
    "code_year": 2015,
    "text_derog": "",
    "display_order": 1,
    "rule": [
      25
    ]
  }
},
{
  "pk": 151,
  "model": "rules.paragraph",
  "fields": {
    "impact": [],
    "text_motiv": "",
    "is_in_use": true,
    "is_interaction": false,
    "is_cmp": false,
    "text_standard": "<p><u>En cas d&rsquo;absence &agrave; une &eacute;preuve avec convocation,</u> l&rsquo;&eacute;tudiant doit imp&eacute;rativement pr&eacute;senter une justification au service de scolarit&eacute; dans un d&eacute;lai de rigueur de sept jours ouvr&eacute;s, sauf cas de force majeure. Seule un certificat original est recevable.</p>\r\n",
    "code_year": 2015,
    "text_derog": "",
    "display_order": 1,
    "rule": [
      26
    ]
  }
},
{
  "pk": 152,
  "model": "rules.paragraph",
  "fields": {
    "impact": [],
    "text_motiv": "<p>Merci d&rsquo;indiquer, pour les conseils &eacute;lus, les motifs de votre demande.</p>\r\n",
    "is_in_use": true,
    "is_interaction": true,
    "is_cmp": false,
    "text_standard": "<p>A d&eacute;faut de justification recevable, l&rsquo;&eacute;tudiant est d&eacute;clar&eacute; d&eacute;faillant quels que soient les r&eacute;sultats obtenus par ailleurs. Il devra donc repasser tous les &eacute;l&eacute;ments non valid&eacute;s lors de la session de rattrapage.</p>\r\n",
    "code_year": 2015,
    "text_derog": "<p>Vous souhaitez demander une d&eacute;rogation pour cet alin&eacute;a.</p>\r\n\r\n<p>Merci de reprendre le passage pour le modifier ou y substituer le texte de l&rsquo;alin&eacute;a que vous souhaitez voir valider pour votre formation. <em>N&rsquo;oubliez pas de d&eacute;tailler, le cas &eacute;ch&eacute;ant, les enseignements auxquels s&rsquo;appliquent votre alin&eacute;a, et les conditions et les crit&egrave;res d&rsquo;application, ou tout autre &eacute;l&eacute;ment pertinent.</em></p>\r\n",
    "display_order": 2,
    "rule": [
      26
    ]
  }
},
{
  "pk": 153,
  "model": "rules.paragraph",
  "fields": {
    "impact": [],
    "text_motiv": "<p>[Pas de motivation n&eacute;cessaire] (saisir <em>N&eacute;ant</em>)</p>\r\n",
    "is_in_use": true,
    "is_interaction": true,
    "is_cmp": false,
    "text_standard": "<p>Toutefois, une &eacute;preuve de remplacement peut &ecirc;tre accord&eacute;e par le Pr&eacute;sident du jury ou le responsable de la formation, au cas par cas, en particulier dans les circonstances suivantes&nbsp;:</p>\r\n\r\n<ul>\r\n\t<li>Une convocation &agrave; un concours de recrutement de la fonction publique&nbsp;; la convocation doit &ecirc;tre d&eacute;pos&eacute;e au moins trois jours avant les &eacute;preuves aupr&egrave;s du service de scolarit&eacute;.</li>\r\n\t<li>Un emp&ecirc;chement subit et grave, ind&eacute;pendant de la volont&eacute; de l&rsquo;&eacute;tudiant et attest&eacute; apr&egrave;s du service de scolarit&eacute; par un justificatif original dans un d&eacute;lai n&rsquo;exc&eacute;dant pas sept jours ouvr&eacute;s apr&egrave;s les &eacute;preuves concern&eacute;s. Un accident, une maladie obligeant &agrave; un arr&ecirc;t, une hospitalisation, le d&eacute;c&egrave;s d&rsquo;un proche constituent des cas recevables dans cette circonstance.</li>\r\n</ul>\r\n\r\n<p>La pr&eacute;sence &agrave; ces &eacute;preuves est obligatoire sauf pour les cas de dispense.</p>\r\n",
    "code_year": 2015,
    "text_derog": "<p><strong>Vous souhaitez ajouter des motifs de justifications d&rsquo;absence en examen &agrave; la liste propos&eacute;e par les r&egrave;gles g&eacute;n&eacute;rales des MECC. Merci de les ajouter &agrave; la suite du texte reproduit ci-dessous, en adoptant une r&eacute;daction pr&eacute;cise quant aux circonstances et crit&egrave;res d&rsquo;absence que vous estimez excusables.</strong></p>\r\n",
    "display_order": 3,
    "rule": [
      26
    ]
  }
},
{
  "pk": 154,
  "model": "rules.paragraph",
  "fields": {
    "impact": [],
    "text_motiv": "",
    "is_in_use": true,
    "is_interaction": false,
    "is_cmp": false,
    "text_standard": "<p>Des dispositions particuli&egrave;res peuvent &ecirc;tre appliqu&eacute;es aux &eacute;tudiants &agrave; profil sp&eacute;cifique.</p>\r\n",
    "code_year": 2015,
    "text_derog": "",
    "display_order": 4,
    "rule": [
      26
    ]
  }
},
{
  "pk": 155,
  "model": "rules.paragraph",
  "fields": {
    "impact": [],
    "text_motiv": "<p>Merci d&rsquo;indiquer, pour les conseils &eacute;lus, les motifs de votre demande.</p>\r\n",
    "is_in_use": true,
    "is_interaction": true,
    "is_cmp": false,
    "text_standard": "<p style=\"margin-left:1.85pt\">La pr&eacute;sence aux &eacute;preuves n&rsquo;ayant pas donn&eacute; lieu &agrave; convocation est obligatoire, sauf dans les cas de dispense.</p>\r\n\r\n<p>En cas d&rsquo;absence &agrave; une &eacute;preuve sans convocation, l&rsquo;&eacute;tudiant doit imp&eacute;rativement pr&eacute;senter une justification au service de scolarit&eacute; dans un d&eacute;lai de rigueur de sept jours ouvr&eacute;s, sauf en cas de force majeure. Seul un certificat original est recevable.</p>\r\n",
    "code_year": 2015,
    "text_derog": "<p>Vous souhaitez demander une d&eacute;rogation pour cet alin&eacute;a.</p>\r\n\r\n<p>Merci de reprendre le passage pour le modifier ou y substituer le texte de l&rsquo;alin&eacute;a que vous souhaitez voir valider pour votre formation. <em>N&rsquo;oubliez pas de d&eacute;tailler, le cas &eacute;ch&eacute;ant, les enseignements auxquels s&rsquo;appliquent votre alin&eacute;a, et les conditions et les crit&egrave;res d&rsquo;application, ou tout autre &eacute;l&eacute;ment pertinent.</em></p>\r\n",
    "display_order": 1,
    "rule": [
      27
    ]
  }
},
{
  "pk": 156,
  "model": "rules.paragraph",
  "fields": {
    "impact": [],
    "text_motiv": "<p>[Pas de motivation n&eacute;cessaire] (saisir <em>N&eacute;ant</em>)</p>\r\n",
    "is_in_use": true,
    "is_interaction": true,
    "is_cmp": false,
    "text_standard": "<p style=\"margin-left:1.85pt\">Sont consid&eacute;r&eacute;es comme des justifications recevables&nbsp;:</p>\r\n\r\n<ul>\r\n\t<li>Une convocation &agrave; un concours de recrutement de la fonction publique&nbsp;; la convocation doit &ecirc;tre d&eacute;pos&eacute;e au moins trois jours avant les &eacute;preuves aupr&egrave;s du service de scolarit&eacute;.</li>\r\n\t<li>Un emp&ecirc;chement subit et grave, ind&eacute;pendant de la volont&eacute; de l&rsquo;&eacute;tudiant et attest&eacute; aupr&egrave;s du service de scolarit&eacute; par un justificatif original, dans un d&eacute;lai n&rsquo;exc&eacute;dant pas sept jours ouvr&eacute;s apr&egrave;s les &eacute;preuves concern&eacute;es. Un accident, une maladie obligeant &agrave; un arr&ecirc;t, une hospitalisation, le d&eacute;c&egrave;s d&rsquo;un proche constituent des cas recevables dans cette circonstance.</li>\r\n</ul>\r\n",
    "code_year": 2015,
    "text_derog": "<p><strong>Vous souhaitez ajouter des motifs de justifications d&rsquo;absence en examen &agrave; la liste propos&eacute;e par les r&egrave;gles g&eacute;n&eacute;rales des MECC. Merci de les ajouter &agrave; la suite du texte reproduit ci-dessous, en adoptant une r&eacute;daction pr&eacute;cise quant aux circonstances et crit&egrave;res d&rsquo;absence que vous estimez excusables.</strong></p>\r\n",
    "display_order": 2,
    "rule": [
      27
    ]
  }
},
{
  "pk": 157,
  "model": "rules.paragraph",
  "fields": {
    "impact": [],
    "text_motiv": "<p>Merci d&rsquo;indiquer, pour les conseils &eacute;lus, les motifs de votre demande.</p>\r\n",
    "is_in_use": true,
    "is_interaction": true,
    "is_cmp": false,
    "text_standard": "<p><em>En cas d&rsquo;absence injustifi&eacute;e, l&rsquo;&eacute;tudiant est sanctionn&eacute; par la note z&eacute;ro &agrave; cette &eacute;preuve.</em></p>\r\n",
    "code_year": 2015,
    "text_derog": "<p>Vous souhaitez demander une d&eacute;rogation pour cet alin&eacute;a.</p>\r\n\r\n<p>Merci de reprendre le passage pour le modifier ou y substituer le texte de l&rsquo;alin&eacute;a que vous souhaitez voir valider pour votre formation. <em>N&rsquo;oubliez pas de d&eacute;tailler, le cas &eacute;ch&eacute;ant, les enseignements auxquels s&rsquo;appliquent votre alin&eacute;a, et les conditions et les crit&egrave;res d&rsquo;application, ou tout autre &eacute;l&eacute;ment pertinent.</em></p>\r\n",
    "display_order": 3,
    "rule": [
      27
    ]
  }
},
{
  "pk": 158,
  "model": "rules.paragraph",
  "fields": {
    "impact": [],
    "text_motiv": "",
    "is_in_use": true,
    "is_interaction": false,
    "is_cmp": false,
    "text_standard": "<p style=\"margin-left:1.85pt\">Une dispense totale ou partielle de pr&eacute;sence aux &eacute;preuves sans convocation peut &ecirc;tre accord&eacute;e dans les conditions suivantes.</p>\r\n\r\n<ul>\r\n\t<li>Les &eacute;tudiants relevant d&rsquo;un profil sp&eacute;cifique peuvent b&eacute;n&eacute;ficier d&rsquo;une dispense totale de pr&eacute;sence aux &eacute;preuves sans convocation. Ils doivent en faire la demande aupr&egrave;s de leur service de scolarit&eacute; avant la fin du premier mois des enseignements ou dans les quinze jours suivant leur accession &agrave; ce profil sp&eacute;cifique.</li>\r\n\t<li>Une dispense partielle de pr&eacute;sence aux &eacute;preuves sans convocation peut &ecirc;tre accord&eacute;e pour des raisons jug&eacute;es recevables. L&rsquo;&eacute;tudiant doit en faire la demande et produite les justificatifs aupr&egrave;s de son service de scolarit&eacute; avant l&rsquo;&eacute;preuve ou, en cas d&rsquo;&eacute;v&eacute;nement impr&eacute;vu, au plus tard sept jours apr&egrave;s l&rsquo;&eacute;preuve. Une &eacute;preuve de remplacement peut lui &ecirc;tre propos&eacute;e par l&rsquo;enseignant responsable de l&rsquo;&eacute;preuve initiale, qui en d&eacute;finit les modalit&eacute;s&nbsp;; elles peuvent &ecirc;tre diff&eacute;rentes de celles de l&rsquo;&eacute;preuve initiale. A d&eacute;faut, il n&rsquo;est pas tenu compte de la note manquante.</li>\r\n</ul>\r\n",
    "code_year": 2015,
    "text_derog": "",
    "display_order": 4,
    "rule": [
      27
    ]
  }
},
{
  "pk": 159,
  "model": "rules.paragraph",
  "fields": {
    "impact": [],
    "text_motiv": "",
    "is_in_use": true,
    "is_interaction": false,
    "is_cmp": false,
    "text_standard": "<p>Par d&eacute;finition, dans un r&eacute;gime d&rsquo;&eacute;valuation continue int&eacute;grale dont l&rsquo;objectif est de favoriser la r&eacute;ussite et les apprentissages des &eacute;tudiants par des &eacute;preuves formatives, multiples et diversifi&eacute;es, la session de rattrapage est avant tout destin&eacute;e aux &eacute;tudiants emp&ecirc;ch&eacute;s de composer au cours du semestre.</p>\r\n",
    "code_year": 2015,
    "text_derog": "",
    "display_order": 1,
    "rule": [
      28
    ]
  }
},
{
  "pk": 160,
  "model": "rules.paragraph",
  "fields": {
    "impact": [],
    "text_motiv": "<p>Merci d&rsquo;indiquer, pour les conseils &eacute;lus, les motifs de votre demande.</p>\r\n",
    "is_in_use": true,
    "is_interaction": true,
    "is_cmp": false,
    "text_standard": "<p>Elle comportera une &eacute;preuve unique par UE.</p>\r\n",
    "code_year": 2015,
    "text_derog": "<p>Vous souhaitez demander une d&eacute;rogation pour cet alin&eacute;a.</p>\r\n\r\n<p>Merci de reprendre le passage pour le modifier ou y substituer le texte de l&rsquo;alin&eacute;a que vous souhaitez voir valider pour votre formation. <em>N&rsquo;oubliez pas de d&eacute;tailler, le cas &eacute;ch&eacute;ant, les enseignements auxquels s&rsquo;appliquent votre alin&eacute;a, et les conditions et les crit&egrave;res d&rsquo;application, ou tout autre &eacute;l&eacute;ment pertinent.</em></p>\r\n",
    "display_order": 2,
    "rule": [
      28
    ]
  }
},
{
  "pk": 161,
  "model": "rules.paragraph",
  "fields": {
    "impact": [],
    "text_motiv": "<p>Merci d&rsquo;indiquer, pour les conseils &eacute;lus, les motifs de votre demande.</p>\r\n",
    "is_in_use": true,
    "is_interaction": true,
    "is_cmp": false,
    "text_standard": "<p>Les candidats ne peuvent acc&eacute;der &agrave; la salle d&rsquo;examen au-del&agrave; de la premi&egrave;re heure de l&rsquo;&eacute;preuve, ou au-del&agrave; de la moiti&eacute; de la dur&eacute;e de l&rsquo;&eacute;preuve lorsque celle-ci est inf&eacute;rieure ou &eacute;gale &agrave; une heure. Aucun &eacute;tudiant n&#39;est autoris&eacute; &agrave; quitter la salle d&#39;examen avant que la moiti&eacute; de la dur&eacute;e de l&rsquo;&eacute;preuve ne soit &eacute;coul&eacute;e, ni 10 minutes avant la fin de l&rsquo;&eacute;preuve.</p>\r\n\r\n<p>Les candidats retardataires ne b&eacute;n&eacute;ficient d&rsquo;aucune dur&eacute;e suppl&eacute;mentaire.</p>\r\n",
    "code_year": 2015,
    "text_derog": "<p>Vous souhaitez demander une d&eacute;rogation pour cet alin&eacute;a.</p>\r\n\r\n<p>Merci de reprendre le passage pour le modifier ou y substituer le texte de l&rsquo;alin&eacute;a que vous souhaitez voir valider pour votre formation. <em>N&rsquo;oubliez pas de d&eacute;tailler, le cas &eacute;ch&eacute;ant, les enseignements auxquels s&rsquo;appliquent votre alin&eacute;a, et les conditions et les crit&egrave;res d&rsquo;application, ou tout autre &eacute;l&eacute;ment pertinent.</em></p>\r\n",
    "display_order": 1,
    "rule": [
      29
    ]
  }
},
{
  "pk": 162,
  "model": "rules.paragraph",
  "fields": {
    "impact": [],
    "text_motiv": "<p>Merci d&rsquo;indiquer, pour les conseils &eacute;lus, les motifs de votre demande.</p>\r\n",
    "is_in_use": true,
    "is_interaction": true,
    "is_cmp": false,
    "text_standard": "<p>En cas d&rsquo;absence &agrave; une &eacute;preuve de contr&ocirc;le terminal, l&rsquo;&eacute;tudiant est d&eacute;clar&eacute; d&eacute;faillant quels que soient les r&eacute;sultats obtenus par ailleurs.</p>\r\n",
    "code_year": 2015,
    "text_derog": "<p>Vous souhaitez demander une d&eacute;rogation pour cet alin&eacute;a.</p>\r\n\r\n<p>Merci de reprendre le passage pour le modifier ou y substituer le texte de l&rsquo;alin&eacute;a que vous souhaitez voir valider pour votre formation. <em>N&rsquo;oubliez pas de d&eacute;tailler, le cas &eacute;ch&eacute;ant, les enseignements auxquels s&rsquo;appliquent votre alin&eacute;a, et les conditions et les crit&egrave;res d&rsquo;application, ou tout autre &eacute;l&eacute;ment pertinent.</em></p>\r\n",
    "display_order": 2,
    "rule": [
      29
    ]
  }
},
{
  "pk": 163,
  "model": "rules.paragraph",
  "fields": {
    "impact": [],
    "text_motiv": "",
    "is_in_use": true,
    "is_interaction": false,
    "is_cmp": false,
    "text_standard": "<p style=\"margin-left:1.85pt\">Toutefois, une &eacute;preuve de remplacement peut &ecirc;tre accord&eacute;e par le Pr&eacute;sident du jury, au cas par cas, en particulier dans les circonstances suivantes&nbsp;:</p>\r\n\r\n<ul>\r\n\t<li>Convocation &agrave; un concours de recrutement de la fonction publique&nbsp;; la convocation doit &ecirc;tre d&eacute;pos&eacute;e au moins trois jours avant les &eacute;preuves aupr&egrave;s de leur service de scolarit&eacute;.</li>\r\n\t<li>Emp&ecirc;chement subit et grave, ind&eacute;pendant de la volont&eacute; de l&rsquo;&eacute;tudiant, et attest&eacute; par un justificatif original pr&eacute;sent&eacute; au service de scolarit&eacute;, dans un d&eacute;lai de rigueur de sept jours ouvr&eacute;s, sauf en cas de force majeure. Un accident, une maladie obligeant &agrave; un arr&ecirc;t, une hospitalisation, le d&eacute;c&egrave;s d&rsquo;un proche constituent des cas recevables dans cette circonstance.</li>\r\n</ul>\r\n\r\n<p>Des dispositions particuli&egrave;res peuvent &ecirc;tre appliqu&eacute;es aux &eacute;tudiants &agrave; profil sp&eacute;cifique.</p>\r\n",
    "code_year": 2015,
    "text_derog": "",
    "display_order": 3,
    "rule": [
      29
    ]
  }
},
{
  "pk": 164,
  "model": "rules.paragraph",
  "fields": {
    "impact": [],
    "text_motiv": "",
    "is_in_use": true,
    "is_interaction": false,
    "is_cmp": false,
    "text_standard": "<p>En cas d&#39;absence sans excuse valable &agrave; l&#39;une des &eacute;preuves &eacute;crites d&#39;un examen, l&#39;&eacute;tudiant ne peut plus participer au classement final de la fili&egrave;re. Il sera de ce fait ajourn&eacute; &agrave; l&#39;issue du 1 er semestre ou de l&#39;ann&eacute;e.</p>\r\n\r\n<p>En cas d&#39;absence non excus&eacute;e &agrave; l&#39;une des parties des &eacute;preuves d&#39;une m&ecirc;me unit&eacute;</p>\r\n\r\n<p>d&#39;enseignement, c&#39;est la mention &laquo;absent&raquo; qui appara&icirc;tra dans le proc&egrave;s-verbal final. La note 0 ne peut &ecirc;tre attribu&eacute;e en cas d&#39;absence.</p>\r\n",
    "code_year": 2015,
    "text_derog": "",
    "display_order": 1,
    "rule": [
      75
    ]
  }
},
{
  "pk": 165,
  "model": "rules.paragraph",
  "fields": {
    "impact": [],
    "text_motiv": "",
    "is_in_use": true,
    "is_interaction": false,
    "is_cmp": false,
    "text_standard": "<p>Tout &eacute;tudiant n&#39;ayant pas r&eacute;pondu &agrave; l&#39;appel de son nom avant le d&eacute;but des</p>\r\n\r\n<p>examens est d&eacute;clar&eacute; absent &agrave; chacune des &eacute;preuves correspondantes.</p>\r\n\r\n<p>Le d&eacute;but de l&#39;&eacute;preuve est d&eacute;termin&eacute; par l&#39;autorisation d&#39;ouverture de la pochette</p>\r\n\r\n<p>contenant les sujets donn&eacute;s par le responsable de salle. Apr&egrave;s l&#39;ouverture de cette pochette plus aucun &eacute;tudiant ne peut &ecirc;tre autoris&eacute; &agrave; composer quels que soient le motif ou la dur&eacute;e de son retard.</p>\r\n",
    "code_year": 2015,
    "text_derog": "",
    "display_order": 2,
    "rule": [
      75
    ]
  }
},
{
  "pk": 166,
  "model": "rules.paragraph",
  "fields": {
    "impact": [],
    "text_motiv": "",
    "is_in_use": true,
    "is_interaction": false,
    "is_cmp": false,
    "text_standard": "<p>Si l&#39;emp&ecirc;chement &agrave; une ou plusieurs &eacute;preuves d&#39;examen est motiv&eacute; notamment par</p>\r\n\r\n<p>une raison de sant&eacute;, le candidat doit adresser au Pr&eacute;sident du jury, dans un d&eacute;lai de 8 jours un certificat d&eacute;livr&eacute; par un m&eacute;decin asserment&eacute; ou, s&#39;il y a eu hospitalisation, par le Chef du service hospitalier.</p>\r\n\r\n<p>En cas d&#39;absence valablement excus&eacute;e, reconnue par le Pr&eacute;sident du jury pour les examens des sessions de janvier et/ou de juin, l&#39;&eacute;tudiant(e) continue &agrave; participer aux &eacute;preuves de classement - avec la mention A.E. [absent(e) excus&eacute;(e)] - par les notes obtenues aux &eacute;preuves pr&eacute;sent&eacute;es. Le total porte, comme pour tous les &eacute;tudiants, sur le m&ecirc;me nombre des points de chaque concours.</p>\r\n\r\n<p>Les &eacute;tudiant(e)s class&eacute;(e)s en rang utile avec la mention A. E. &agrave; l&#39;une ou l&#39;autre &eacute;preuve</p>\r\n\r\n<p>sont d&eacute;clar&eacute;(e)s admis(es) au concours, sauf dans le cas d&rsquo;une absence aux &eacute;preuves sanctionnant&nbsp; l&rsquo;UE 8 sp&eacute;cifique.</p>\r\n",
    "code_year": 2015,
    "text_derog": "",
    "display_order": 3,
    "rule": [
      75
    ]
  }
},
{
  "pk": 167,
  "model": "rules.paragraph",
  "fields": {
    "impact": [],
    "text_motiv": "",
    "is_in_use": true,
    "is_interaction": false,
    "is_cmp": false,
    "text_standard": "<p>Toute absence aux &eacute;preuves sanctionnant les U.E.8 sp&eacute;cifiques interdit le classement dans la fili&egrave;re concern&eacute;e, sans incidence sur le classement des autres fili&egrave;res, sauf si l&#39;examen porte sur un &eacute;l&eacute;ment p&eacute;dagogique mutualis&eacute;.</p>\r\n",
    "code_year": 2015,
    "text_derog": "",
    "display_order": 4,
    "rule": [
      75
    ]
  }
},
{
  "pk": 168,
  "model": "rules.paragraph",
  "fields": {
    "impact": [],
    "text_motiv": "<p>Merci d&rsquo;indiquer, pour les conseils &eacute;lus, les motifs de votre demande.</p>\r\n",
    "is_in_use": true,
    "is_interaction": true,
    "is_cmp": false,
    "text_standard": "<p style=\"margin-left:1.85pt\">La pr&eacute;sence aux &eacute;preuves de contr&ocirc;le continu est obligatoire, sauf dans les cas de dispense. <strong>En cas d&rsquo;absence injustifi&eacute;e &agrave; une &eacute;preuve de contr&ocirc;le continu, l&rsquo;&eacute;tudiant est sanctionn&eacute; par un z&eacute;ro &agrave; cette &eacute;preuve. </strong></p>\r\n",
    "code_year": 2015,
    "text_derog": "<p>Vous souhaitez demander une d&eacute;rogation pour cet alin&eacute;a.</p>\r\n\r\n<p>Merci de reprendre le passage pour le modifier ou y substituer le texte de l&rsquo;alin&eacute;a que vous souhaitez voir valider pour votre formation. <em>N&rsquo;oubliez pas de d&eacute;tailler, le cas &eacute;ch&eacute;ant, les enseignements auxquels s&rsquo;appliquent votre alin&eacute;a, et les conditions et les crit&egrave;res d&rsquo;application, ou tout autre &eacute;l&eacute;ment pertinent.</em></p>\r\n",
    "display_order": 1,
    "rule": [
      30
    ]
  }
},
{
  "pk": 169,
  "model": "rules.paragraph",
  "fields": {
    "impact": [],
    "text_motiv": "<p>Merci d&rsquo;indiquer, pour les conseils &eacute;lus, les motifs de votre demande.</p>\r\n",
    "is_in_use": true,
    "is_interaction": true,
    "is_cmp": false,
    "text_standard": "<p>Lorsque la session principale ne comporte que des &eacute;preuves de contr&ocirc;le continu et que l&rsquo;&eacute;tudiant est absent &agrave; toutes ces &eacute;preuves, sans justification, il est d&eacute;clar&eacute; d&eacute;faillant quels que soient les r&eacute;sultats obtenus par ailleurs.</p>\r\n",
    "code_year": 2015,
    "text_derog": "<p>Vous souhaitez demander une d&eacute;rogation pour cet alin&eacute;a.</p>\r\n\r\n<p>Merci de reprendre le passage pour le modifier ou y substituer le texte de l&rsquo;alin&eacute;a que vous souhaitez voir valider pour votre formation. <em>N&rsquo;oubliez pas de d&eacute;tailler, le cas &eacute;ch&eacute;ant, les enseignements auxquels s&rsquo;appliquent votre alin&eacute;a, et les conditions et les crit&egrave;res d&rsquo;application, ou tout autre &eacute;l&eacute;ment pertinent.</em></p>\r\n",
    "display_order": 2,
    "rule": [
      30
    ]
  }
},
{
  "pk": 170,
  "model": "rules.paragraph",
  "fields": {
    "impact": [],
    "text_motiv": "",
    "is_in_use": true,
    "is_interaction": false,
    "is_cmp": false,
    "text_standard": "<p style=\"margin-left:1.85pt\">Une dispense totale ou partielle de contr&ocirc;le continu peut &ecirc;tre accord&eacute;e dans les conditions suivantes.</p>\r\n\r\n<ul>\r\n\t<li>Les &eacute;tudiants relevant d&rsquo;un profil sp&eacute;cifique attest&eacute; peuvent b&eacute;n&eacute;ficier d&rsquo;une dispense totale de contr&ocirc;le continu. Ils doivent en faire la demande aupr&egrave;s de leur service de scolarit&eacute; avant la fin du premier mois des enseignements ou dans les quinze jours suivants leur accession &agrave; ce profil sp&eacute;cifique. Lorsque la session principale ne comporte que des &eacute;preuves de contr&ocirc;le continu, une &eacute;preuve de substitution doit &ecirc;tre pr&eacute;vue dans le r&egrave;glement des examens.</li>\r\n\t<li>Une dispense partielle de contr&ocirc;le continu peut &ecirc;tre accord&eacute;e pour des raisons jug&eacute;es recevables. L&rsquo;&eacute;tudiant doit en faire la demande et produire les justificatifs originaux aupr&egrave;s de son service de scolarit&eacute; avant l&rsquo;&eacute;preuve ou, en cas d&rsquo;&eacute;v&eacute;nement impr&eacute;vu, au plus tard dans un d&eacute;lai de rigueur de sept jours ouvr&eacute;s, sauf en cas de force majeure.</li>\r\n</ul>\r\n\r\n<p>Une &eacute;preuve de remplacement peut lui &ecirc;tre propos&eacute;e. A d&eacute;faut, il n&rsquo;est pas tenu compte de la note manquante.</p>\r\n",
    "code_year": 2015,
    "text_derog": "",
    "display_order": 3,
    "rule": [
      30
    ]
  }
},
{
  "pk": 171,
  "model": "rules.paragraph",
  "fields": {
    "impact": [],
    "text_motiv": "",
    "is_in_use": true,
    "is_interaction": false,
    "is_cmp": false,
    "text_standard": "<p>Lorsque l&rsquo;&eacute;valuation comporte un contr&ocirc;le continu et une &eacute;preuve terminale, l&rsquo;organisation du contr&ocirc;le continu doit intervenir au moins quinze jours avant la fin du semestre. Ce d&eacute;lai de quinze jours ne s&rsquo;impose pas &agrave; un enseignement &eacute;valu&eacute; uniquement gr&acirc;ce &agrave; un contr&ocirc;le continu, ou aux travaux dirig&eacute;s ou aux travaux pratiques.</p>\r\n",
    "code_year": 2015,
    "text_derog": "",
    "display_order": 1,
    "rule": [
      31
    ]
  }
},
{
  "pk": 172,
  "model": "rules.paragraph",
  "fields": {
    "impact": [],
    "text_motiv": "",
    "is_in_use": true,
    "is_interaction": false,
    "is_cmp": false,
    "text_standard": "<p>Des &eacute;preuves terminales anticip&eacute;es peuvent &ecirc;tre organis&eacute;es si l&rsquo;enseignement s&rsquo;ach&egrave;ve avant la fin du semestre.</p>\r\n",
    "code_year": 2015,
    "text_derog": "",
    "display_order": 2,
    "rule": [
      31
    ]
  }
},
{
  "pk": 173,
  "model": "rules.paragraph",
  "fields": {
    "impact": [],
    "text_motiv": "",
    "is_in_use": true,
    "is_interaction": false,
    "is_cmp": false,
    "text_standard": "<p>Les &eacute;preuves &eacute;crites terminales sont anonymes.</p>\r\n",
    "code_year": 2015,
    "text_derog": "",
    "display_order": 1,
    "rule": [
      32
    ]
  }
},
{
  "pk": 174,
  "model": "rules.paragraph",
  "fields": {
    "impact": [],
    "text_motiv": "<p>Merci d&rsquo;indiquer, pour les conseils &eacute;lus, les motifs de votre demande.</p>\r\n",
    "is_in_use": true,
    "is_interaction": true,
    "is_cmp": false,
    "text_standard": "<p>Les notes sup&eacute;rieures ou &eacute;gales &agrave; 10/20 des &eacute;preuves d&rsquo;une UE non valid&eacute;e sont report&eacute;es de la session principale &agrave; la session de rattrapage, sans possibilit&eacute; de renonciation.</p>\r\n",
    "code_year": 2015,
    "text_derog": "<p>Vous souhaitez demander une d&eacute;rogation pour cet alin&eacute;a.</p>\r\n\r\n<p>Merci de reprendre le passage pour le modifier ou y substituer le texte de l&rsquo;alin&eacute;a que vous souhaitez voir valider pour votre formation. <em>N&rsquo;oubliez pas de d&eacute;tailler, le cas &eacute;ch&eacute;ant, les enseignements auxquels s&rsquo;appliquent votre alin&eacute;a, et les conditions et les crit&egrave;res d&rsquo;application, ou tout autre &eacute;l&eacute;ment pertinent.</em></p>\r\n",
    "display_order": 1,
    "rule": [
      33
    ]
  }
},
{
  "pk": 175,
  "model": "rules.paragraph",
  "fields": {
    "impact": [],
    "text_motiv": "<p>Merci d&rsquo;indiquer, pour les conseils &eacute;lus, les motifs de votre demande.</p>\r\n",
    "is_in_use": true,
    "is_interaction": true,
    "is_cmp": false,
    "text_standard": "<p>En cas d&rsquo;ajournement ou d&eacute;faillance &agrave; la session principale, l&rsquo;&eacute;tudiant conserve pour la session de rattrapage, les notes des UE valid&eacute;es lors de la session principale.</p>\r\n\r\n<p>Dans les 7 jours qui suivent la mise &agrave; disposition du relev&eacute; de notes, l&rsquo;&eacute;tudiant peut y renoncer par demande &eacute;crite au service de scolarit&eacute;. Dans ce cas, <em>seule la note obtenue &agrave; la session de rattrapage sera retenue et consid&eacute;r&eacute;e comme d&eacute;finitive.</em></p>\r\n",
    "code_year": 2015,
    "text_derog": "<p>Vous souhaitez demander une d&eacute;rogation pour cet alin&eacute;a.</p>\r\n\r\n<p>Merci de reprendre le passage pour le modifier ou y substituer le texte de l&rsquo;alin&eacute;a que vous souhaitez voir valider pour votre formation. <em>N&rsquo;oubliez pas de d&eacute;tailler, le cas &eacute;ch&eacute;ant, les enseignements auxquels s&rsquo;appliquent votre alin&eacute;a, et les conditions et les crit&egrave;res d&rsquo;application, ou tout autre &eacute;l&eacute;ment pertinent.</em></p>\r\n",
    "display_order": 1,
    "rule": [
      76
    ]
  }
},
{
  "pk": 176,
  "model": "rules.paragraph",
  "fields": {
    "impact": [],
    "text_motiv": "<p>Merci d&rsquo;indiquer, pour les conseils &eacute;lus, les motifs de votre demande.</p>\r\n",
    "is_in_use": true,
    "is_interaction": true,
    "is_cmp": false,
    "text_standard": "<p>Les notes sup&eacute;rieures ou &eacute;gales &agrave; 10/20 des &eacute;preuves d&rsquo;une UE non valid&eacute;e sont report&eacute;es de la session principale &agrave; la session de rattrapage, sans possibilit&eacute; de renonciation.</p>\r\n",
    "code_year": 2015,
    "text_derog": "<p>Vous souhaitez demander une d&eacute;rogation pour cet alin&eacute;a.</p>\r\n\r\n<p>Merci de reprendre le passage pour le modifier ou y substituer le texte de l&rsquo;alin&eacute;a que vous souhaitez voir valider pour votre formation. <em>N&rsquo;oubliez pas de d&eacute;tailler, le cas &eacute;ch&eacute;ant, les enseignements auxquels s&rsquo;appliquent votre alin&eacute;a, et les conditions et les crit&egrave;res d&rsquo;application, ou tout autre &eacute;l&eacute;ment pertinent.</em></p>\r\n",
    "display_order": 2,
    "rule": [
      76
    ]
  }
},
{
  "pk": 1,
  "model": "training.training",
  "fields": {
    "date_res_des": null,
    "MECC_type": "E",
    "supply_cmp": "CHM",
    "date_val_cmp": null,
    "institutes": [
      26,
      28
    ],
    "ref_si_scol": "",
    "is_used": true,
    "session_type": "2",
    "date_visa_des": null,
    "ref_cpa_rof": "",
    "progress_rule": "",
    "MECC_tab": true,
    "date_val_cfvu": null,
    "code_year": 2015,
    "resp_formations": [
      34
    ],
    "progress_table": "",
    "degree_type": 7,
    "label": "Master 1 Chimie et biologie"
  }
},
{
  "pk": 2,
  "model": "training.training",
  "fields": {
    "date_res_des": null,
    "MECC_type": "E",
    "supply_cmp": "CHM",
    "date_val_cmp": null,
    "institutes": [
      28
    ],
    "ref_si_scol": "",
    "is_used": true,
    "session_type": "2",
    "date_visa_des": null,
    "ref_cpa_rof": "",
    "progress_rule": "",
    "MECC_tab": true,
    "date_val_cfvu": null,
    "code_year": 2015,
    "resp_formations": [
      36
    ],
    "progress_table": "",
    "degree_type": 7,
    "label": "Master 2 Chimie et biologie"
  }
},
{
  "pk": 6,
  "model": "training.training",
  "fields": {
    "date_res_des": null,
    "MECC_type": "E",
    "supply_cmp": "ART",
    "date_val_cmp": null,
    "institutes": [
      1
    ],
    "ref_si_scol": "",
    "is_used": true,
    "session_type": "2",
    "date_visa_des": null,
    "ref_cpa_rof": "",
    "progress_rule": "",
    "MECC_tab": true,
    "date_val_cfvu": null,
    "code_year": 2015,
    "resp_formations": [],
    "progress_table": "",
    "degree_type": 5,
    "label": "L1 Musique"
  }
},
{
  "pk": 1,
  "model": "auth.permission",
  "fields": {
    "name": "Can add permission",
    "content_type": 1,
    "codename": "add_permission"
  }
},
{
  "pk": 2,
  "model": "auth.permission",
  "fields": {
    "name": "Can change permission",
    "content_type": 1,
    "codename": "change_permission"
  }
},
{
  "pk": 3,
  "model": "auth.permission",
  "fields": {
    "name": "Can delete permission",
    "content_type": 1,
    "codename": "delete_permission"
  }
},
{
  "pk": 4,
  "model": "auth.permission",
  "fields": {
    "name": "Can add group",
    "content_type": 2,
    "codename": "add_group"
  }
},
{
  "pk": 5,
  "model": "auth.permission",
  "fields": {
    "name": "Can change group",
    "content_type": 2,
    "codename": "change_group"
  }
},
{
  "pk": 6,
  "model": "auth.permission",
  "fields": {
    "name": "Can delete group",
    "content_type": 2,
    "codename": "delete_group"
  }
},
{
  "pk": 7,
  "model": "auth.permission",
  "fields": {
    "name": "Can add user",
    "content_type": 3,
    "codename": "add_user"
  }
},
{
  "pk": 8,
  "model": "auth.permission",
  "fields": {
    "name": "Can change user",
    "content_type": 3,
    "codename": "change_user"
  }
},
{
  "pk": 9,
  "model": "auth.permission",
  "fields": {
    "name": "Can delete user",
    "content_type": 3,
    "codename": "delete_user"
  }
},
{
  "pk": 10,
  "model": "auth.permission",
  "fields": {
    "name": "Can add content type",
    "content_type": 4,
    "codename": "add_contenttype"
  }
},
{
  "pk": 11,
  "model": "auth.permission",
  "fields": {
    "name": "Can change content type",
    "content_type": 4,
    "codename": "change_contenttype"
  }
},
{
  "pk": 12,
  "model": "auth.permission",
  "fields": {
    "name": "Can delete content type",
    "content_type": 4,
    "codename": "delete_contenttype"
  }
},
{
  "pk": 13,
  "model": "auth.permission",
  "fields": {
    "name": "Can add session",
    "content_type": 5,
    "codename": "add_session"
  }
},
{
  "pk": 14,
  "model": "auth.permission",
  "fields": {
    "name": "Can change session",
    "content_type": 5,
    "codename": "change_session"
  }
},
{
  "pk": 15,
  "model": "auth.permission",
  "fields": {
    "name": "Can delete session",
    "content_type": 5,
    "codename": "delete_session"
  }
},
{
  "pk": 16,
  "model": "auth.permission",
  "fields": {
    "name": "Can add site",
    "content_type": 6,
    "codename": "add_site"
  }
},
{
  "pk": 17,
  "model": "auth.permission",
  "fields": {
    "name": "Can change site",
    "content_type": 6,
    "codename": "change_site"
  }
},
{
  "pk": 18,
  "model": "auth.permission",
  "fields": {
    "name": "Can delete site",
    "content_type": 6,
    "codename": "delete_site"
  }
},
{
  "pk": 19,
  "model": "auth.permission",
  "fields": {
    "name": "Can add log entry",
    "content_type": 7,
    "codename": "add_logentry"
  }
},
{
  "pk": 20,
  "model": "auth.permission",
  "fields": {
    "name": "Can change log entry",
    "content_type": 7,
    "codename": "change_logentry"
  }
},
{
  "pk": 21,
  "model": "auth.permission",
  "fields": {
    "name": "Can delete log entry",
    "content_type": 7,
    "codename": "delete_logentry"
  }
},
{
  "pk": 22,
  "model": "auth.permission",
  "fields": {
    "name": "Can add tgt",
    "content_type": 8,
    "codename": "add_tgt"
  }
},
{
  "pk": 23,
  "model": "auth.permission",
  "fields": {
    "name": "Can change tgt",
    "content_type": 8,
    "codename": "change_tgt"
  }
},
{
  "pk": 24,
  "model": "auth.permission",
  "fields": {
    "name": "Can delete tgt",
    "content_type": 8,
    "codename": "delete_tgt"
  }
},
{
  "pk": 25,
  "model": "auth.permission",
  "fields": {
    "name": "Can add pgt iou",
    "content_type": 9,
    "codename": "add_pgtiou"
  }
},
{
  "pk": 26,
  "model": "auth.permission",
  "fields": {
    "name": "Can change pgt iou",
    "content_type": 9,
    "codename": "change_pgtiou"
  }
},
{
  "pk": 27,
  "model": "auth.permission",
  "fields": {
    "name": "Can delete pgt iou",
    "content_type": 9,
    "codename": "delete_pgtiou"
  }
},
{
  "pk": 28,
  "model": "auth.permission",
  "fields": {
    "name": "Can add session service ticket",
    "content_type": 10,
    "codename": "add_sessionserviceticket"
  }
},
{
  "pk": 29,
  "model": "auth.permission",
  "fields": {
    "name": "Can change session service ticket",
    "content_type": 10,
    "codename": "change_sessionserviceticket"
  }
},
{
  "pk": 30,
  "model": "auth.permission",
  "fields": {
    "name": "Can delete session service ticket",
    "content_type": 10,
    "codename": "delete_sessionserviceticket"
  }
},
{
  "pk": 31,
  "model": "auth.permission",
  "fields": {
    "name": "Can add eci commission member",
    "content_type": 11,
    "codename": "add_ecicommissionmember"
  }
},
{
  "pk": 32,
  "model": "auth.permission",
  "fields": {
    "name": "Can change eci commission member",
    "content_type": 11,
    "codename": "change_ecicommissionmember"
  }
},
{
  "pk": 33,
  "model": "auth.permission",
  "fields": {
    "name": "Can delete eci commission member",
    "content_type": 11,
    "codename": "delete_ecicommissionmember"
  }
},
{
  "pk": 34,
  "model": "auth.permission",
  "fields": {
    "name": "Peut voir les membres de la commission ECI",
    "content_type": 11,
    "codename": "can_view_eci_commission_member"
  }
},
{
  "pk": 35,
  "model": "auth.permission",
  "fields": {
    "name": "Can add degree type",
    "content_type": 12,
    "codename": "add_degreetype"
  }
},
{
  "pk": 36,
  "model": "auth.permission",
  "fields": {
    "name": "Can change degree type",
    "content_type": 12,
    "codename": "change_degreetype"
  }
},
{
  "pk": 37,
  "model": "auth.permission",
  "fields": {
    "name": "Can delete degree type",
    "content_type": 12,
    "codename": "delete_degreetype"
  }
},
{
  "pk": 38,
  "model": "auth.permission",
  "fields": {
    "name": "Peut voir les types de dip\u00f4me",
    "content_type": 12,
    "codename": "can_view_degree_type"
  }
},
{
  "pk": 39,
  "model": "auth.permission",
  "fields": {
    "name": "Can add degree",
    "content_type": 13,
    "codename": "add_degree"
  }
},
{
  "pk": 40,
  "model": "auth.permission",
  "fields": {
    "name": "Can change degree",
    "content_type": 13,
    "codename": "change_degree"
  }
},
{
  "pk": 41,
  "model": "auth.permission",
  "fields": {
    "name": "Can delete degree",
    "content_type": 13,
    "codename": "delete_degree"
  }
},
{
  "pk": 42,
  "model": "auth.permission",
  "fields": {
    "name": "Can add academic field",
    "content_type": 14,
    "codename": "add_academicfield"
  }
},
{
  "pk": 43,
  "model": "auth.permission",
  "fields": {
    "name": "Can change academic field",
    "content_type": 14,
    "codename": "change_academicfield"
  }
},
{
  "pk": 44,
  "model": "auth.permission",
  "fields": {
    "name": "Can delete academic field",
    "content_type": 14,
    "codename": "delete_academicfield"
  }
},
{
  "pk": 45,
  "model": "auth.permission",
  "fields": {
    "name": "Can add institute",
    "content_type": 15,
    "codename": "add_institute"
  }
},
{
  "pk": 46,
  "model": "auth.permission",
  "fields": {
    "name": "Can change institute",
    "content_type": 15,
    "codename": "change_institute"
  }
},
{
  "pk": 47,
  "model": "auth.permission",
  "fields": {
    "name": "Can delete institute",
    "content_type": 15,
    "codename": "delete_institute"
  }
},
{
  "pk": 48,
  "model": "auth.permission",
  "fields": {
    "name": "Can add scol manager",
    "content_type": 16,
    "codename": "add_scolmanager"
  }
},
{
  "pk": 49,
  "model": "auth.permission",
  "fields": {
    "name": "Can change scol manager",
    "content_type": 16,
    "codename": "change_scolmanager"
  }
},
{
  "pk": 50,
  "model": "auth.permission",
  "fields": {
    "name": "Can delete scol manager",
    "content_type": 16,
    "codename": "delete_scolmanager"
  }
},
{
  "pk": 51,
  "model": "auth.permission",
  "fields": {
    "name": "Can add institute",
    "content_type": 17,
    "codename": "add_institute"
  }
},
{
  "pk": 52,
  "model": "auth.permission",
  "fields": {
    "name": "Can change institute",
    "content_type": 17,
    "codename": "change_institute"
  }
},
{
  "pk": 53,
  "model": "auth.permission",
  "fields": {
    "name": "Can delete institute",
    "content_type": 17,
    "codename": "delete_institute"
  }
},
{
  "pk": 54,
  "model": "auth.permission",
  "fields": {
    "name": "Peut voir les composantes",
    "content_type": 17,
    "codename": "can_view_institute"
  }
},
{
  "pk": 55,
  "model": "auth.permission",
  "fields": {
    "name": "Can add institute year",
    "content_type": 18,
    "codename": "add_instituteyear"
  }
},
{
  "pk": 56,
  "model": "auth.permission",
  "fields": {
    "name": "Can change institute year",
    "content_type": 18,
    "codename": "change_instituteyear"
  }
},
{
  "pk": 57,
  "model": "auth.permission",
  "fields": {
    "name": "Can delete institute year",
    "content_type": 18,
    "codename": "delete_instituteyear"
  }
},
{
  "pk": 58,
  "model": "auth.permission",
  "fields": {
    "name": "Can add university year",
    "content_type": 19,
    "codename": "add_universityyear"
  }
},
{
  "pk": 59,
  "model": "auth.permission",
  "fields": {
    "name": "Can change university year",
    "content_type": 19,
    "codename": "change_universityyear"
  }
},
{
  "pk": 60,
  "model": "auth.permission",
  "fields": {
    "name": "Can delete university year",
    "content_type": 19,
    "codename": "delete_universityyear"
  }
},
{
  "pk": 61,
  "model": "auth.permission",
  "fields": {
    "name": "Can add institute year2",
    "content_type": 20,
    "codename": "add_instituteyear2"
  }
},
{
  "pk": 62,
  "model": "auth.permission",
  "fields": {
    "name": "Can change institute year2",
    "content_type": 20,
    "codename": "change_instituteyear2"
  }
},
{
  "pk": 63,
  "model": "auth.permission",
  "fields": {
    "name": "Can delete institute year2",
    "content_type": 20,
    "codename": "delete_instituteyear2"
  }
},
{
  "pk": 64,
  "model": "auth.permission",
  "fields": {
    "name": "Can add profile",
    "content_type": 21,
    "codename": "add_profile"
  }
},
{
  "pk": 65,
  "model": "auth.permission",
  "fields": {
    "name": "Can change profile",
    "content_type": 21,
    "codename": "change_profile"
  }
},
{
  "pk": 66,
  "model": "auth.permission",
  "fields": {
    "name": "Can delete profile",
    "content_type": 21,
    "codename": "delete_profile"
  }
},
{
  "pk": 67,
  "model": "auth.permission",
  "fields": {
    "name": "Donne acc\u00e8s \u00e0 un large panel de fonctionnalit\u00e9",
    "content_type": 21,
    "codename": "DES1"
  }
},
{
  "pk": 68,
  "model": "auth.permission",
  "fields": {
    "name": "Donne acc\u00e8s \u00e0 un panel restreint",
    "content_type": 21,
    "codename": "DES2"
  }
},
{
  "pk": 69,
  "model": "auth.permission",
  "fields": {
    "name": "Peut usurper l'identit\u00e9 des utilisateurs",
    "content_type": 21,
    "codename": "DES3"
  }
},
{
  "pk": 70,
  "model": "auth.permission",
  "fields": {
    "name": "Appratient au groupe VP",
    "content_type": 21,
    "codename": "VP"
  }
},
{
  "pk": 71,
  "model": "auth.permission",
  "fields": {
    "name": "Can change paragraph",
    "content_type": 22,
    "codename": "change_paragraph"
  }
},
{
  "pk": 72,
  "model": "auth.permission",
  "fields": {
    "name": "Can delete paragraph",
    "content_type": 22,
    "codename": "delete_paragraph"
  }
},
{
  "pk": 73,
  "model": "auth.permission",
  "fields": {
    "name": "Peut voir les composantes",
    "content_type": 15,
    "codename": "can_view_institute"
  }
},
{
  "pk": 74,
  "model": "auth.permission",
  "fields": {
    "name": "Can add institute year",
    "content_type": 16,
    "codename": "add_instituteyear"
  }
},
{
  "pk": 75,
  "model": "auth.permission",
  "fields": {
    "name": "Can change institute year",
    "content_type": 16,
    "codename": "change_instituteyear"
  }
},
{
  "pk": 76,
  "model": "auth.permission",
  "fields": {
    "name": "Can delete institute year",
    "content_type": 16,
    "codename": "delete_instituteyear"
  }
},
{
  "pk": 77,
  "model": "auth.permission",
  "fields": {
    "name": "Can add university year",
    "content_type": 17,
    "codename": "add_universityyear"
  }
},
{
  "pk": 78,
  "model": "auth.permission",
  "fields": {
    "name": "Can change university year",
    "content_type": 17,
    "codename": "change_universityyear"
  }
},
{
  "pk": 79,
  "model": "auth.permission",
  "fields": {
    "name": "Can delete university year",
    "content_type": 17,
    "codename": "delete_universityyear"
  }
},
{
  "pk": 80,
  "model": "auth.permission",
  "fields": {
    "name": "Can add profile",
    "content_type": 18,
    "codename": "add_profile"
  }
},
{
  "pk": 81,
  "model": "auth.permission",
  "fields": {
    "name": "Can change profile",
    "content_type": 18,
    "codename": "change_profile"
  }
},
{
  "pk": 82,
  "model": "auth.permission",
  "fields": {
    "name": "Can delete profile",
    "content_type": 18,
    "codename": "delete_profile"
  }
},
{
  "pk": 83,
  "model": "auth.permission",
  "fields": {
    "name": "Donne acc\u00e8s \u00e0 un large panel de fonctionnalit\u00e9",
    "content_type": 18,
    "codename": "DES1"
  }
},
{
  "pk": 84,
  "model": "auth.permission",
  "fields": {
    "name": "Donne acc\u00e8s \u00e0 un panel restreint",
    "content_type": 18,
    "codename": "DES2"
  }
},
{
  "pk": 85,
  "model": "auth.permission",
  "fields": {
    "name": "Peut usurper l'identit\u00e9 des utilisateurs",
    "content_type": 18,
    "codename": "DES3"
  }
},
{
  "pk": 86,
  "model": "auth.permission",
  "fields": {
    "name": "Can add mecc user",
    "content_type": 19,
    "codename": "add_meccuser"
  }
},
{
  "pk": 87,
  "model": "auth.permission",
  "fields": {
    "name": "Can change mecc user",
    "content_type": 19,
    "codename": "change_meccuser"
  }
},
{
  "pk": 88,
  "model": "auth.permission",
  "fields": {
    "name": "Can delete mecc user",
    "content_type": 19,
    "codename": "delete_meccuser"
  }
},
{
  "pk": 89,
  "model": "auth.permission",
  "fields": {
    "name": "Can add impact",
    "content_type": 20,
    "codename": "add_impact"
  }
},
{
  "pk": 90,
  "model": "auth.permission",
  "fields": {
    "name": "Can change impact",
    "content_type": 20,
    "codename": "change_impact"
  }
},
{
  "pk": 91,
  "model": "auth.permission",
  "fields": {
    "name": "Can delete impact",
    "content_type": 20,
    "codename": "delete_impact"
  }
},
{
  "pk": 92,
  "model": "auth.permission",
  "fields": {
    "name": "Can add rule",
    "content_type": 21,
    "codename": "add_rule"
  }
},
{
  "pk": 93,
  "model": "auth.permission",
  "fields": {
    "name": "Can change rule",
    "content_type": 21,
    "codename": "change_rule"
  }
},
{
  "pk": 94,
  "model": "auth.permission",
  "fields": {
    "name": "Can delete rule",
    "content_type": 21,
    "codename": "delete_rule"
  }
},
{
  "pk": 95,
  "model": "auth.permission",
  "fields": {
    "name": "Can add paragraph",
    "content_type": 22,
    "codename": "add_paragraph"
  }
},
{
  "pk": 96,
  "model": "auth.permission",
  "fields": {
    "name": "Can add training",
    "content_type": 23,
    "codename": "add_training"
  }
},
{
  "pk": 97,
  "model": "auth.permission",
  "fields": {
    "name": "Can change training",
    "content_type": 23,
    "codename": "change_training"
  }
},
{
  "pk": 98,
  "model": "auth.permission",
  "fields": {
    "name": "Can delete training",
    "content_type": 23,
    "codename": "delete_training"
  }
},
{
  "pk": 1,
  "model": "auth.group",
  "fields": {
    "name": "DES1",
    "permissions": [
      67
    ]
  }
},
{
  "pk": 2,
  "model": "auth.group",
  "fields": {
    "name": "DES2",
    "permissions": [
      68
    ]
  }
},
{
  "pk": 3,
  "model": "auth.group",
  "fields": {
    "name": "DES3",
    "permissions": [
      69
    ]
  }
},
{
  "pk": 4,
  "model": "auth.group",
  "fields": {
    "name": "VP",
    "permissions": [
      70
    ]
  }
},
{
  "pk": 1,
  "model": "auth.user",
  "fields": {
    "password": "",
    "is_staff": true,
    "first_name": "",
    "last_login": "2016-07-25T09:40:53.927Z",
    "username": "ibis.ismail",
    "email": "",
    "is_active": true,
    "user_permissions": [],
    "is_superuser": true,
    "date_joined": "2016-03-01T11:52:40.697Z",
    "last_name": "",
    "groups": []
  }
},
{
  "pk": 2,
  "model": "auth.user",
  "fields": {
    "password": "pbkdf2_sha256$20000$RMIMZmRvyhhb$9Ojaf3Lm+Un3Zjm2b313zzPYWb0sgZQ5ot9b/gNY/NE=",
    "is_staff": false,
    "first_name": "",
    "last_login": null,
    "username": "DES3",
    "email": "",
    "is_active": true,
    "user_permissions": [],
    "is_superuser": false,
    "date_joined": "2016-03-01T11:56:15.208Z",
    "last_name": "",
    "groups": [
      3
    ]
  }
},
{
  "pk": 3,
  "model": "auth.user",
  "fields": {
    "password": "",
    "is_staff": false,
    "first_name": "",
    "last_login": "2016-06-29T12:46:46.481Z",
    "username": "test",
    "email": "",
    "is_active": true,
    "user_permissions": [],
    "is_superuser": false,
    "date_joined": "2016-03-01T11:56:37.409Z",
    "last_name": "",
    "groups": []
  }
},
{
  "pk": 4,
  "model": "auth.user",
  "fields": {
    "password": "",
    "is_staff": true,
    "first_name": "",
    "last_login": "2016-08-30T09:46:15.306Z",
    "username": "weible",
    "email": "",
    "is_active": true,
    "user_permissions": [],
    "is_superuser": true,
    "date_joined": "2016-03-01T12:00:08.149Z",
    "last_name": "",
    "groups": []
  }
},
{
  "pk": 5,
  "model": "auth.user",
  "fields": {
    "password": "",
    "is_staff": false,
    "first_name": "Nathalie",
    "last_login": "2016-03-22T08:22:47.066Z",
    "username": "grout",
    "email": "grout@unistra.fr",
    "is_active": true,
    "user_permissions": [],
    "is_superuser": false,
    "date_joined": "2016-03-21T13:17:42.098Z",
    "last_name": "GROUT",
    "groups": []
  }
},
{
  "pk": 7,
  "model": "auth.user",
  "fields": {
    "password": "",
    "is_staff": false,
    "first_name": "Brigitte",
    "last_login": "2016-07-06T12:36:15.090Z",
    "username": "brigitte.got",
    "email": "brigitte.got@unistra.fr",
    "is_active": true,
    "user_permissions": [],
    "is_superuser": false,
    "date_joined": "2016-03-21T13:18:18.186Z",
    "last_name": "GOT",
    "groups": []
  }
},
{
  "pk": 8,
  "model": "auth.user",
  "fields": {
    "password": "",
    "is_staff": false,
    "first_name": "Jean-Marc",
    "last_login": "2016-07-06T12:35:48.683Z",
    "username": "planeix",
    "email": "planeix@unistra.fr",
    "is_active": true,
    "user_permissions": [],
    "is_superuser": false,
    "date_joined": "2016-03-21T13:18:18.666Z",
    "last_name": "PLANEIX",
    "groups": []
  }
},
{
  "pk": 18,
  "model": "auth.user",
  "fields": {
    "password": "",
    "is_staff": false,
    "first_name": "Pierre",
    "last_login": "2016-03-21T15:56:14.642Z",
    "username": "plitzler",
    "email": "plitzler@unistra.fr",
    "is_active": true,
    "user_permissions": [],
    "is_superuser": false,
    "date_joined": "2016-03-21T15:51:21.975Z",
    "last_name": "LITZLER",
    "groups": []
  }
},
{
  "pk": 22,
  "model": "auth.user",
  "fields": {
    "password": "",
    "is_staff": false,
    "first_name": "Jeanine",
    "last_login": "2016-07-06T12:38:11.164Z",
    "username": "jeanine.birkel",
    "email": "",
    "is_active": true,
    "user_permissions": [],
    "is_superuser": false,
    "date_joined": "2016-03-22T08:26:03.226Z",
    "last_name": "BIRKEL",
    "groups": []
  }
},
{
  "pk": 23,
  "model": "auth.user",
  "fields": {
    "password": "",
    "is_staff": false,
    "first_name": "Nathalie",
    "last_login": null,
    "username": "nathalie.rueff",
    "email": "",
    "is_active": true,
    "user_permissions": [],
    "is_superuser": false,
    "date_joined": "2016-03-22T08:26:14.944Z",
    "last_name": "RUEFF",
    "groups": []
  }
},
{
  "pk": 24,
  "model": "auth.user",
  "fields": {
    "password": "",
    "is_staff": false,
    "first_name": "Jean-Pierre",
    "last_login": "2016-07-06T12:42:33.228Z",
    "username": "leny",
    "email": "",
    "is_active": true,
    "user_permissions": [],
    "is_superuser": false,
    "date_joined": "2016-03-22T08:30:55.011Z",
    "last_name": "LE NY",
    "groups": []
  }
},
{
  "pk": 25,
  "model": "auth.user",
  "fields": {
    "password": "",
    "is_staff": false,
    "first_name": "Agnes",
    "last_login": null,
    "username": "agnes.vogt",
    "email": "",
    "is_active": true,
    "user_permissions": [],
    "is_superuser": false,
    "date_joined": "2016-03-22T08:31:38.729Z",
    "last_name": "VOGT",
    "groups": []
  }
},
{
  "pk": 29,
  "model": "auth.user",
  "fields": {
    "password": "",
    "is_staff": false,
    "first_name": "Bertrand",
    "last_login": "2016-07-06T12:36:43.487Z",
    "username": "b.pinard",
    "email": "",
    "is_active": true,
    "user_permissions": [],
    "is_superuser": false,
    "date_joined": "2016-03-22T14:49:47.821Z",
    "last_name": "PINARD",
    "groups": []
  }
},
{
  "pk": 31,
  "model": "auth.user",
  "fields": {
    "password": "",
    "is_staff": false,
    "first_name": "Valerie",
    "last_login": "2016-03-23T12:23:49.186Z",
    "username": "v.fritsch",
    "email": "v.fritsch@unistra.fr",
    "is_active": true,
    "user_permissions": [],
    "is_superuser": false,
    "date_joined": "2016-03-23T12:21:08.604Z",
    "last_name": "Fritsch-Noirard",
    "groups": []
  }
},
{
  "pk": 32,
  "model": "auth.user",
  "fields": {
    "password": "",
    "is_staff": false,
    "first_name": "Lauriane",
    "last_login": null,
    "username": "laurianekuhn",
    "email": "lauriane.kuhn@etu.unistra.fr",
    "is_active": true,
    "user_permissions": [],
    "is_superuser": false,
    "date_joined": "2016-03-23T12:23:06.649Z",
    "last_name": "Kuhn",
    "groups": []
  }
},
{
  "pk": 33,
  "model": "auth.user",
  "fields": {
    "password": "",
    "is_staff": false,
    "first_name": "Marie-Alexandra",
    "last_login": "2016-07-06T12:39:01.964Z",
    "username": "chinetti",
    "email": "chinetti@unistra.fr",
    "is_active": true,
    "user_permissions": [],
    "is_superuser": false,
    "date_joined": "2016-03-30T06:51:56.176Z",
    "last_name": "Chinetti",
    "groups": [
      1
    ]
  }
},
{
  "pk": 34,
  "model": "auth.user",
  "fields": {
    "password": "",
    "is_staff": false,
    "first_name": "Gilles",
    "last_login": "2016-03-30T12:00:08.734Z",
    "username": "gerb",
    "email": "gerb@unistra.fr",
    "is_active": true,
    "user_permissions": [],
    "is_superuser": false,
    "date_joined": "2016-03-30T08:58:40.190Z",
    "last_name": "Erb",
    "groups": []
  }
},
{
  "pk": 35,
  "model": "auth.user",
  "fields": {
    "password": "",
    "is_staff": false,
    "first_name": "Abderrahman",
    "last_login": null,
    "username": "abellahcene",
    "email": "abellahcene@unistra.fr",
    "is_active": true,
    "user_permissions": [],
    "is_superuser": false,
    "date_joined": "2016-03-30T09:04:09.581Z",
    "last_name": "BELLAHCENE",
    "groups": []
  }
},
{
  "pk": 36,
  "model": "auth.user",
  "fields": {
    "password": "",
    "is_staff": false,
    "first_name": "Thierry",
    "last_login": "2016-06-14T09:43:59.094Z",
    "username": "thierry.rosique",
    "email": "thierry.rosique@unistra.fr",
    "is_active": true,
    "user_permissions": [],
    "is_superuser": false,
    "date_joined": "2016-03-30T09:04:10.203Z",
    "last_name": "ROSIQUE",
    "groups": []
  }
},
{
  "pk": 37,
  "model": "auth.user",
  "fields": {
    "password": "",
    "is_staff": false,
    "first_name": "Arnaud",
    "last_login": null,
    "username": "piombini",
    "email": "",
    "is_active": true,
    "user_permissions": [],
    "is_superuser": false,
    "date_joined": "2016-03-30T09:08:27.956Z",
    "last_name": "PIOMBINI",
    "groups": []
  }
},
{
  "pk": 38,
  "model": "auth.user",
  "fields": {
    "password": "",
    "is_staff": false,
    "first_name": "Aziza",
    "last_login": null,
    "username": "azizaamettalsi",
    "email": "",
    "is_active": true,
    "user_permissions": [],
    "is_superuser": false,
    "date_joined": "2016-03-30T09:09:11.510Z",
    "last_name": "AMETTALSI",
    "groups": []
  }
},
{
  "pk": 41,
  "model": "auth.user",
  "fields": {
    "password": "",
    "is_staff": false,
    "first_name": "Fran\u00e7ois",
    "last_login": null,
    "username": "gauer",
    "email": "gauer@inci-cnrs.unistra.fr",
    "is_active": true,
    "user_permissions": [],
    "is_superuser": false,
    "date_joined": "2016-04-06T09:34:43.191Z",
    "last_name": "Gauer",
    "groups": [
      4
    ]
  }
},
{
  "pk": 42,
  "model": "auth.user",
  "fields": {
    "password": "",
    "is_staff": false,
    "first_name": "",
    "last_login": "2016-07-07T11:46:29.493Z",
    "username": "WEIBLE",
    "email": "",
    "is_active": true,
    "user_permissions": [],
    "is_superuser": false,
    "date_joined": "2016-04-13T11:06:09.354Z",
    "last_name": "",
    "groups": []
  }
},
{
  "pk": 43,
  "model": "auth.user",
  "fields": {
    "password": "",
    "is_staff": false,
    "first_name": "",
    "last_login": "2016-04-18T12:13:25.248Z",
    "username": "bidon",
    "email": "",
    "is_active": true,
    "user_permissions": [],
    "is_superuser": false,
    "date_joined": "2016-04-18T12:13:25.171Z",
    "last_name": "",
    "groups": []
  }
},
{
  "pk": 44,
  "model": "auth.user",
  "fields": {
    "password": "",
    "is_staff": false,
    "first_name": "Kathalyne",
    "last_login": "2016-06-03T13:58:50.227Z",
    "username": "k.bertrand",
    "email": "kathalyne.bertrand@unistra.fr",
    "is_active": true,
    "user_permissions": [],
    "is_superuser": false,
    "date_joined": "2016-05-17T12:31:05.771Z",
    "last_name": "Bertrand",
    "groups": [
      2
    ]
  }
},
{
  "pk": 46,
  "model": "auth.user",
  "fields": {
    "password": "",
    "is_staff": false,
    "first_name": "St\u00e9phane",
    "last_login": "2016-07-28T07:18:44.191Z",
    "username": "vuilleumier",
    "email": "vuilleumier@unistra.fr",
    "is_active": true,
    "user_permissions": [],
    "is_superuser": false,
    "date_joined": "2016-07-28T07:14:56.175Z",
    "last_name": "Vuilleumier",
    "groups": []
  }
},
{
  "pk": 48,
  "model": "auth.user",
  "fields": {
    "password": "",
    "is_staff": false,
    "first_name": "Valerie",
    "last_login": null,
    "username": "vberl",
    "email": "vberl@unistra.fr",
    "is_active": true,
    "user_permissions": [],
    "is_superuser": false,
    "date_joined": "2016-07-28T07:18:11.834Z",
    "last_name": "BerlBauder(Berl)",
    "groups": []
  }
},
{
  "pk": 1,
  "model": "admin.logentry",
  "fields": {
    "object_id": "6",
    "change_message": "",
    "action_flag": 3,
    "object_repr": "plitzler",
    "content_type": 3,
    "user": 1,
    "action_time": "2016-03-21T15:50:19.015Z"
  }
},
{
  "pk": 2,
  "model": "admin.logentry",
  "fields": {
    "object_id": "6",
    "change_message": "",
    "action_flag": 3,
    "object_repr": "plitzler",
    "content_type": 3,
    "user": 1,
    "action_time": "2016-03-21T15:50:19.204Z"
  }
},
{
  "pk": 3,
  "model": "admin.logentry",
  "fields": {
    "object_id": "14",
    "change_message": "",
    "action_flag": 3,
    "object_repr": "arnaud.vincent",
    "content_type": 3,
    "user": 1,
    "action_time": "2016-03-21T15:51:59.732Z"
  }
},
{
  "pk": 4,
  "model": "admin.logentry",
  "fields": {
    "object_id": "10",
    "change_message": "",
    "action_flag": 3,
    "object_repr": "douce",
    "content_type": 3,
    "user": 1,
    "action_time": "2016-03-21T15:52:00.034Z"
  }
},
{
  "pk": 5,
  "model": "admin.logentry",
  "fields": {
    "object_id": "9",
    "change_message": "",
    "action_flag": 3,
    "object_repr": "ewolf",
    "content_type": 3,
    "user": 1,
    "action_time": "2016-03-21T15:52:01.236Z"
  }
},
{
  "pk": 6,
  "model": "admin.logentry",
  "fields": {
    "object_id": "15",
    "change_message": "",
    "action_flag": 3,
    "object_repr": "grabocz",
    "content_type": 3,
    "user": 1,
    "action_time": "2016-03-21T15:52:01.702Z"
  }
},
{
  "pk": 7,
  "model": "admin.logentry",
  "fields": {
    "object_id": "11",
    "change_message": "",
    "action_flag": 3,
    "object_repr": "aghisolfi",
    "content_type": 3,
    "user": 1,
    "action_time": "2016-03-21T15:52:01.946Z"
  }
},
{
  "pk": 8,
  "model": "admin.logentry",
  "fields": {
    "object_id": "13",
    "change_message": "",
    "action_flag": 3,
    "object_repr": "amiot",
    "content_type": 3,
    "user": 1,
    "action_time": "2016-03-21T15:52:02.162Z"
  }
},
{
  "pk": 9,
  "model": "admin.logentry",
  "fields": {
    "object_id": "16",
    "change_message": "",
    "action_flag": 3,
    "object_repr": "c.imbert",
    "content_type": 3,
    "user": 1,
    "action_time": "2016-03-21T15:52:02.341Z"
  }
},
{
  "pk": 10,
  "model": "admin.logentry",
  "fields": {
    "object_id": "12",
    "change_message": "",
    "action_flag": 3,
    "object_repr": "cdaveiga",
    "content_type": 3,
    "user": 1,
    "action_time": "2016-03-21T15:52:02.506Z"
  }
},
{
  "pk": 11,
  "model": "admin.logentry",
  "fields": {
    "object_id": "17",
    "change_message": "",
    "action_flag": 3,
    "object_repr": "chscherrer",
    "content_type": 3,
    "user": 1,
    "action_time": "2016-03-21T15:52:02.665Z"
  }
},
{
  "pk": 12,
  "model": "admin.logentry",
  "fields": {
    "object_id": "26",
    "change_message": "",
    "action_flag": 3,
    "object_repr": "b.pinard",
    "content_type": 3,
    "user": 1,
    "action_time": "2016-03-22T14:46:39.530Z"
  }
},
{
  "pk": 13,
  "model": "admin.logentry",
  "fields": {
    "object_id": "28",
    "change_message": "",
    "action_flag": 3,
    "object_repr": "b.pinard",
    "content_type": 3,
    "user": 1,
    "action_time": "2016-03-22T14:49:29.068Z"
  }
},
{
  "pk": 14,
  "model": "admin.logentry",
  "fields": {
    "object_id": "33",
    "change_message": "",
    "action_flag": 1,
    "object_repr": "chinetti",
    "content_type": 3,
    "user": 4,
    "action_time": "2016-03-30T06:51:56.224Z"
  }
},
{
  "pk": 15,
  "model": "admin.logentry",
  "fields": {
    "object_id": "33",
    "change_message": "Modifi\u00e9 last_name, first_name, email et groups.",
    "action_flag": 2,
    "object_repr": "chinetti",
    "content_type": 3,
    "user": 4,
    "action_time": "2016-03-30T06:52:14.947Z"
  }
},
{
  "pk": 16,
  "model": "admin.logentry",
  "fields": {
    "object_id": "39",
    "change_message": "",
    "action_flag": 1,
    "object_repr": "gauer",
    "content_type": 3,
    "user": 4,
    "action_time": "2016-04-05T09:58:02.127Z"
  }
},
{
  "pk": 17,
  "model": "admin.logentry",
  "fields": {
    "object_id": "39",
    "change_message": "",
    "action_flag": 3,
    "object_repr": "gauer",
    "content_type": 3,
    "user": 4,
    "action_time": "2016-04-05T09:58:21.921Z"
  }
},
{
  "pk": 18,
  "model": "admin.logentry",
  "fields": {
    "object_id": "40",
    "change_message": "",
    "action_flag": 1,
    "object_repr": "aze",
    "content_type": 3,
    "user": 1,
    "action_time": "2016-04-06T09:20:42.748Z"
  }
},
{
  "pk": 19,
  "model": "admin.logentry",
  "fields": {
    "object_id": "40",
    "change_message": "",
    "action_flag": 3,
    "object_repr": "aze",
    "content_type": 3,
    "user": 1,
    "action_time": "2016-04-06T09:20:46.353Z"
  }
},
{
  "pk": 20,
  "model": "admin.logentry",
  "fields": {
    "object_id": "41",
    "change_message": "",
    "action_flag": 1,
    "object_repr": "gauer",
    "content_type": 3,
    "user": 4,
    "action_time": "2016-04-06T09:34:43.242Z"
  }
},
{
  "pk": 21,
  "model": "admin.logentry",
  "fields": {
    "object_id": "41",
    "change_message": "Modifi\u00e9 last_name, first_name, email et groups.",
    "action_flag": 2,
    "object_repr": "gauer",
    "content_type": 3,
    "user": 4,
    "action_time": "2016-04-06T09:36:00.821Z"
  }
},
{
  "pk": 22,
  "model": "admin.logentry",
  "fields": {
    "object_id": "44",
    "change_message": "",
    "action_flag": 1,
    "object_repr": "k.bertrand",
    "content_type": 3,
    "user": 4,
    "action_time": "2016-05-17T12:31:05.817Z"
  }
},
{
  "pk": 23,
  "model": "admin.logentry",
  "fields": {
    "object_id": "44",
    "change_message": "Modifi\u00e9 last_name, first_name, email et groups.",
    "action_flag": 2,
    "object_repr": "k.bertrand",
    "content_type": 3,
    "user": 4,
    "action_time": "2016-05-17T12:31:58.179Z"
  }
},
{
  "pk": 24,
  "model": "admin.logentry",
  "fields": {
    "object_id": "45",
    "change_message": "",
    "action_flag": 3,
    "object_repr": "kevin.ismail",
    "content_type": 3,
    "user": 1,
    "action_time": "2016-08-18T12:49:04.323Z"
  }
},
{
  "pk": 1,
  "model": "adm.meccuser",
  "fields": {
    "is_ref_app": false,
    "status": "",
    "user": 5,
    "profile": [
      5
    ],
    "cmp": "ART"
  }
},
{
  "pk": 3,
  "model": "adm.meccuser",
  "fields": {
    "is_ref_app": false,
    "status": "",
    "user": 7,
    "profile": [
      5
    ],
    "cmp": "CHM"
  }
},
{
  "pk": 4,
  "model": "adm.meccuser",
  "fields": {
    "is_ref_app": false,
    "status": "",
    "user": 8,
    "profile": [
      6
    ],
    "cmp": "CHM"
  }
},
{
  "pk": 14,
  "model": "adm.meccuser",
  "fields": {
    "is_ref_app": false,
    "status": "",
    "user": 18,
    "profile": [
      6
    ],
    "cmp": "ART"
  }
},
{
  "pk": 18,
  "model": "adm.meccuser",
  "fields": {
    "is_ref_app": false,
    "status": "",
    "user": 22,
    "profile": [
      3
    ],
    "cmp": "CHM"
  }
},
{
  "pk": 19,
  "model": "adm.meccuser",
  "fields": {
    "is_ref_app": false,
    "status": "",
    "user": 23,
    "profile": [
      3
    ],
    "cmp": "CHM"
  }
},
{
  "pk": 20,
  "model": "adm.meccuser",
  "fields": {
    "is_ref_app": false,
    "status": "",
    "user": 24,
    "profile": [
      2
    ],
    "cmp": "CHM"
  }
},
{
  "pk": 21,
  "model": "adm.meccuser",
  "fields": {
    "is_ref_app": false,
    "status": "",
    "user": 25,
    "profile": [
      3
    ],
    "cmp": "CHM"
  }
},
{
  "pk": 25,
  "model": "adm.meccuser",
  "fields": {
    "is_ref_app": true,
    "status": "",
    "user": 29,
    "profile": [
      8
    ],
    "cmp": "CHM"
  }
},
{
  "pk": 27,
  "model": "adm.meccuser",
  "fields": {
    "is_ref_app": false,
    "status": "",
    "user": 31,
    "profile": [
      7
    ],
    "cmp": ""
  }
},
{
  "pk": 28,
  "model": "adm.meccuser",
  "fields": {
    "is_ref_app": false,
    "status": "",
    "user": 32,
    "profile": [
      7
    ],
    "cmp": ""
  }
},
{
  "pk": 29,
  "model": "adm.meccuser",
  "fields": {
    "is_ref_app": false,
    "status": "",
    "user": 34,
    "profile": [
      7
    ],
    "cmp": ""
  }
},
{
  "pk": 30,
  "model": "adm.meccuser",
  "fields": {
    "is_ref_app": false,
    "status": "",
    "user": 35,
    "profile": [
      5
    ],
    "cmp": "GEO"
  }
},
{
  "pk": 31,
  "model": "adm.meccuser",
  "fields": {
    "is_ref_app": false,
    "status": "",
    "user": 36,
    "profile": [
      6
    ],
    "cmp": "GEO"
  }
},
{
  "pk": 32,
  "model": "adm.meccuser",
  "fields": {
    "is_ref_app": false,
    "status": "",
    "user": 37,
    "profile": [
      2
    ],
    "cmp": "GEO"
  }
},
{
  "pk": 33,
  "model": "adm.meccuser",
  "fields": {
    "is_ref_app": false,
    "status": "",
    "user": 38,
    "profile": [
      3
    ],
    "cmp": "GEO"
  }
},
{
  "pk": 34,
  "model": "adm.meccuser",
  "fields": {
    "is_ref_app": false,
    "status": "",
    "user": 46,
    "profile": [
      4
    ],
    "cmp": "VIE"
  }
},
{
  "pk": 36,
  "model": "adm.meccuser",
  "fields": {
    "is_ref_app": false,
    "status": "",
    "user": 48,
    "profile": [
      4
    ],
    "cmp": "CHM"
  }
}
]
