[{
    "fields": {
        "member_type": "commission",
        "username": "v.fritsch",
        "first_name": "Valerie",
        "email": "v.fritsch@unistra.fr",
        "last_name": "Fritsch-Noirard"
    },
    "pk": 1,
    "model": "commission.ecicommissionmember"
}, {
    "fields": {
        "member_type": "tenured",
        "username": "laurianekuhn",
        "first_name": "Lauriane",
        "email": "lauriane.kuhn@etu.unistra.fr",
        "last_name": "Kuhn"
    },
    "pk": 2,
    "model": "commission.ecicommissionmember"
}, {
    "fields": {
        "member_type": "commission",
        "username": "gerb",
        "first_name": "Gilles",
        "email": "gerb@unistra.fr",
        "last_name": "Erb"
    },
    "pk": 3,
    "model": "commission.ecicommissionmember"
}, {
    "fields": {
        "display_order": 1,
        "is_in_use": true,
        "long_label": "Dipl\u00f4me d'acc\u00e8s aux \u00e9tudes universitaires",
        "ROF_code": "DA",
        "short_label": "DAEU"
    },
    "pk": 1,
    "model": "degree.degreetype"
}, {
    "fields": {
        "display_order": 2,
        "is_in_use": true,
        "long_label": "Capacit\u00e9",
        "ROF_code": "AC",
        "short_label": "Capacit\u00e9 (Droit)"
    },
    "pk": 2,
    "model": "degree.degreetype"
}, {
    "fields": {
        "display_order": 3,
        "is_in_use": true,
        "long_label": "Dipl\u00f4me Universitaire de Technologie",
        "ROF_code": "DT",
        "short_label": "DUT"
    },
    "pk": 3,
    "model": "degree.degreetype"
}, {
    "fields": {
        "display_order": 4,
        "is_in_use": true,
        "long_label": "Dipl\u00f4me d'Etudes Universitaires Scientifiques et Techniques",
        "ROF_code": "DE",
        "short_label": "DEUST"
    },
    "pk": 4,
    "model": "degree.degreetype"
}, {
    "fields": {
        "display_order": 5,
        "is_in_use": true,
        "long_label": "Licence",
        "ROF_code": "XA",
        "short_label": "Licence"
    },
    "pk": 5,
    "model": "degree.degreetype"
}, {
    "fields": {
        "display_order": 6,
        "is_in_use": true,
        "long_label": "Licence professionnelle",
        "ROF_code": "DP",
        "short_label": "Licence professionnelle"
    },
    "pk": 6,
    "model": "degree.degreetype"
}, {
    "fields": {
        "display_order": 7,
        "is_in_use": true,
        "long_label": "Master",
        "ROF_code": "XB",
        "short_label": "Master"
    },
    "pk": 7,
    "model": "degree.degreetype"
}, {
    "fields": {
        "display_order": 20,
        "is_in_use": true,
        "long_label": "Dipl\u00f4me d'Universit\u00e9",
        "ROF_code": "1",
        "short_label": "DU - Dipl\u00f4me d'Universit\u00e9"
    },
    "pk": 8,
    "model": "degree.degreetype"
}, {
    "fields": {
        "display_order": 30,
        "is_in_use": true,
        "long_label": "Dipl\u00f4me d'ing\u00e9nieur",
        "ROF_code": "UF",
        "short_label": "ECOLE - Dipl\u00f4me d'ing\u00e9nieur"
    },
    "pk": 9,
    "model": "degree.degreetype"
}, {
    "fields": {
        "display_order": 31,
        "is_in_use": true,
        "long_label": "Dipl\u00f4me de l'Institut d'Etudes Politiques",
        "ROF_code": "",
        "short_label": "ECOLE - Dipl\u00f4me IEP"
    },
    "pk": 10,
    "model": "degree.degreetype"
}, {
    "fields": {
        "display_order": 32,
        "is_in_use": true,
        "long_label": "Dipl\u00f4me Grande Ecole",
        "ROF_code": "",
        "short_label": "ECOLE - Dipl\u00f4me Grande Ecole"
    },
    "pk": 11,
    "model": "degree.degreetype"
}, {
    "fields": {
        "display_order": 40,
        "is_in_use": true,
        "long_label": "Pr\u00e9paration Ecole d'ing\u00e9nieur",
        "ROF_code": "EI",
        "short_label": "PREPA - Pr\u00e9paration Ecole Ing\u00e9nieur"
    },
    "pk": 12,
    "model": "degree.degreetype"
}, {
    "fields": {
        "display_order": 41,
        "is_in_use": true,
        "long_label": "Pr\u00e9paration aux concours",
        "ROF_code": "PR",
        "short_label": "PREPA - Pr\u00e9paration aux concours "
    },
    "pk": 13,
    "model": "degree.degreetype"
}, {
    "fields": {
        "display_order": 50,
        "is_in_use": true,
        "long_label": "Premi\u00e8re Ann\u00e9e Commune des Etudes de Sant\u00e9",
        "ROF_code": "PS",
        "short_label": "SANTE - PACES"
    },
    "pk": 14,
    "model": "degree.degreetype"
}, {
    "fields": {
        "display_order": 51,
        "is_in_use": true,
        "long_label": "Dipl\u00f4me de Formation G\u00e9n\u00e9rale en Sant\u00e9",
        "ROF_code": "DF",
        "short_label": "SANTE - DFGS"
    },
    "pk": 15,
    "model": "degree.degreetype"
}, {
    "fields": {
        "display_order": 52,
        "is_in_use": true,
        "long_label": "Dipl\u00f4me de Formation Approfondie en Sant\u00e9",
        "ROF_code": "DS",
        "short_label": "SANTE - DFAS"
    },
    "pk": 16,
    "model": "degree.degreetype"
}, {
    "fields": {
        "display_order": 53,
        "is_in_use": true,
        "long_label": "Dipl\u00f4me d'Etat de Docteur en Pharmacie",
        "ROF_code": "FH",
        "short_label": "SANTE - Dipl\u00f4me d'Etat en Pharmacie"
    },
    "pk": 17,
    "model": "degree.degreetype"
}, {
    "fields": {
        "display_order": 54,
        "is_in_use": true,
        "long_label": "Dipl\u00f4me d'Etat de Docteur en Dentaire",
        "ROF_code": "",
        "short_label": "SANTE - Dipl\u00f4me d'Etat en Dentaire"
    },
    "pk": 18,
    "model": "degree.degreetype"
}, {
    "fields": {
        "display_order": 55,
        "is_in_use": true,
        "long_label": "Dipl\u00f4me d'Etat de Docteur en M\u00e9decine",
        "ROF_code": "IB",
        "short_label": "SANTE - Dipl\u00f4me d'Etat en M\u00e9decine"
    },
    "pk": 19,
    "model": "degree.degreetype"
}, {
    "fields": {
        "display_order": 56,
        "is_in_use": true,
        "long_label": "Dipl\u00f4me de Formation M\u00e9dicale Sp\u00e9cialis\u00e9e",
        "ROF_code": "DM",
        "short_label": "SANTE - DFMS"
    },
    "pk": 20,
    "model": "degree.degreetype"
}, {
    "fields": {
        "display_order": 57,
        "is_in_use": true,
        "long_label": "Dipl\u00f4me de  Formation M\u00e9dicale Sp\u00e9cialis\u00e9e Approfondie",
        "ROF_code": "AP",
        "short_label": "SANTE - DFMSA"
    },
    "pk": 21,
    "model": "degree.degreetype"
}, {
    "fields": {
        "display_order": 58,
        "is_in_use": true,
        "long_label": "Certificat d'\u00e9tudes cliniques sp\u00e9cialis\u00e9es",
        "ROF_code": "JB",
        "short_label": "SANTE - CECS (CECSMO)"
    },
    "pk": 22,
    "model": "degree.degreetype"
}, {
    "fields": {
        "display_order": 59,
        "is_in_use": true,
        "long_label": "Capacit\u00e9",
        "ROF_code": "KG",
        "short_label": "SANTE - Capacit\u00e9 Sant\u00e9"
    },
    "pk": 23,
    "model": "degree.degreetype"
}, {
    "fields": {
        "display_order": 60,
        "is_in_use": true,
        "long_label": "Certificat d'Etudes Sup\u00e9rieures dentaire",
        "ROF_code": "SD",
        "short_label": "SANTE - CES dentaire"
    },
    "pk": 24,
    "model": "degree.degreetype"
}, {
    "fields": {
        "display_order": 61,
        "is_in_use": true,
        "long_label": "Certificat d'Etudes Sup\u00e9rieures m\u00e9decine",
        "ROF_code": "CM",
        "short_label": "SANTE - CES m\u00e9decine"
    },
    "pk": 25,
    "model": "degree.degreetype"
}, {
    "fields": {
        "display_order": 0,
        "is_in_use": true,
        "long_label": "CATALOGUE enseignements NS",
        "ROF_code": "",
        "short_label": "CATALOGUE OF NS"
    },
    "pk": 26,
    "model": "degree.degreetype"
}, {
    "fields": {
        "start_year": 2013,
        "APOGEE_code": "CH015-232",
        "degree_type": 7,
        "degree_type_label": "Master",
        "label": "Master - STS - Chimie - Agr\u00e9gation chimie",
        "ROF_code": "",
        "is_used": true,
        "end_year": 2017,
        "institutes": [
            28
        ]
    },
    "pk": 1,
    "model": "degree.degree"
}, {
    "fields": {
        "start_year": 2013,
        "APOGEE_code": "CH1G5-232",
        "degree_type": 7,
        "degree_type_label": "Master",
        "label": "Master - STS - Chimie - Chimie verte",
        "ROF_code": "",
        "is_used": true,
        "end_year": 2017,
        "institutes": [
            28
        ]
    },
    "pk": 2,
    "model": "degree.degree"
}, {
    "fields": {
        "start_year": 2013,
        "APOGEE_code": "CH103-401-232-233-234",
        "degree_type": 5,
        "degree_type_label": "Licence",
        "label": "Licence - STS - Chimie",
        "ROF_code": "",
        "is_used": true,
        "end_year": 2017,
        "institutes": [
            28
        ]
    },
    "pk": 3,
    "model": "degree.degree"
}, {
    "fields": {
        "name": "Arts, Lettres, Langues"
    },
    "pk": 1,
    "model": "institute.academicfield"
}, {
    "fields": {
        "name": "Droit, \u00e9conomie, gestion et sciences politiques et sociales"
    },
    "pk": 2,
    "model": "institute.academicfield"
}, {
    "fields": {
        "name": "Sant\u00e9"
    },
    "pk": 3,
    "model": "institute.academicfield"
}, {
    "fields": {
        "name": "Sciences humaines et sociales"
    },
    "pk": 4,
    "model": "institute.academicfield"
}, {
    "fields": {
        "name": "Sciences, Technologies"
    },
    "pk": 5,
    "model": "institute.academicfield"
}, {
    "fields": {
        "code": "ART",
        "scol_manager": [],
        "id_dircomp": "LITZLER Pierre",
        "rac": null,
        "is_on_duty": true,
        "dircomp": null,
        "diretu": [],
        "id_rac": "GROUT Nathalie",
        "ROF_support": false,
        "label": "Facult\u00e9 des arts",
        "ROF_code": "0672503G",
        "field": 1
    },
    "pk": 1,
    "model": "institute.institute"
}, {
    "fields": {
        "code": "LVI",
        "scol_manager": [],
        "id_dircomp": "",
        "rac": null,
        "is_on_duty": true,
        "dircomp": null,
        "diretu": [],
        "id_rac": "",
        "ROF_support": false,
        "label": "Facult\u00e9 des langues et des cultures \u00e9trang\u00e8res",
        "ROF_code": "0671874Y",
        "field": 1
    },
    "pk": 2,
    "model": "institute.institute"
}, {
    "fields": {
        "code": "LGA",
        "scol_manager": [],
        "id_dircomp": "",
        "rac": null,
        "is_on_duty": true,
        "dircomp": null,
        "diretu": [],
        "id_rac": "",
        "ROF_support": false,
        "label": "Facult\u00e9 des langues et sciences humaines appliqu\u00e9es (LSHA)",
        "ROF_code": "0672502F",
        "field": 1
    },
    "pk": 3,
    "model": "institute.institute"
}, {
    "fields": {
        "code": "LET",
        "scol_manager": [],
        "id_dircomp": "",
        "rac": null,
        "is_on_duty": true,
        "dircomp": null,
        "diretu": [],
        "id_rac": "",
        "ROF_support": false,
        "label": "Facult\u00e9 des lettres",
        "ROF_code": "0671875Z",
        "field": 1
    },
    "pk": 4,
    "model": "institute.institute"
}, {
    "fields": {
        "code": "CPI",
        "scol_manager": [],
        "id_dircomp": "",
        "rac": null,
        "is_on_duty": true,
        "dircomp": null,
        "diretu": [],
        "id_rac": "",
        "ROF_support": false,
        "label": "Centre d '\u00e9tudes internationales de la propri\u00e9t\u00e9 intellectuelle (CEIPI)",
        "ROF_code": "0671551X",
        "field": 2
    },
    "pk": 5,
    "model": "institute.institute"
}, {
    "fields": {
        "code": "CUJ",
        "scol_manager": [],
        "id_dircomp": "",
        "rac": null,
        "is_on_duty": true,
        "dircomp": null,
        "diretu": [],
        "id_rac": "",
        "ROF_support": false,
        "label": "Centre universitaire d'enseignement du journalisme (CUEJ)",
        "ROF_code": "0671881F",
        "field": 2
    },
    "pk": 6,
    "model": "institute.institute"
}, {
    "fields": {
        "code": "EMS",
        "scol_manager": [],
        "id_dircomp": "",
        "rac": null,
        "is_on_duty": true,
        "dircomp": null,
        "diretu": [],
        "id_rac": "",
        "ROF_support": false,
        "label": "Ecole de management Strasbourg (EM)",
        "ROF_code": "0673015N",
        "field": 2
    },
    "pk": 7,
    "model": "institute.institute"
}, {
    "fields": {
        "code": "DRT",
        "scol_manager": [],
        "id_dircomp": "",
        "rac": null,
        "is_on_duty": true,
        "dircomp": null,
        "diretu": [],
        "id_rac": "",
        "ROF_support": false,
        "label": "Facult\u00e9 de droit, de sciences politiques et de gestion",
        "ROF_code": "0671879D",
        "field": 2
    },
    "pk": 8,
    "model": "institute.institute"
}, {
    "fields": {
        "code": "SEG",
        "scol_manager": [],
        "id_dircomp": "",
        "rac": null,
        "is_on_duty": true,
        "dircomp": null,
        "diretu": [],
        "id_rac": "",
        "ROF_support": false,
        "label": "Facult\u00e9 de sciences \u00e9conomiques et de gestion (FSEG)",
        "ROF_code": "0671872W",
        "field": 2
    },
    "pk": 9,
    "model": "institute.institute"
}, {
    "fields": {
        "code": "PAG",
        "scol_manager": [],
        "id_dircomp": "",
        "rac": null,
        "is_on_duty": true,
        "dircomp": null,
        "diretu": [],
        "id_rac": "",
        "ROF_support": false,
        "label": "Institut de pr\u00e9paration \u00e0 l'administration g\u00e9n\u00e9rale (IPAG)",
        "ROF_code": "0670151A",
        "field": 2
    },
    "pk": 10,
    "model": "institute.institute"
}, {
    "fields": {
        "code": "IEP",
        "scol_manager": [],
        "id_dircomp": "",
        "rac": null,
        "is_on_duty": true,
        "dircomp": null,
        "diretu": [],
        "id_rac": "",
        "ROF_support": false,
        "label": "Institut d'\u00e9tudes politiques (IEP)",
        "ROF_code": "0670178E",
        "field": 2
    },
    "pk": 11,
    "model": "institute.institute"
}, {
    "fields": {
        "code": "ODO",
        "scol_manager": [],
        "id_dircomp": "",
        "rac": null,
        "is_on_duty": true,
        "dircomp": null,
        "diretu": [],
        "id_rac": "",
        "ROF_support": false,
        "label": "Facult\u00e9 de chirurgie dentaire",
        "ROF_code": "0671863L",
        "field": 3
    },
    "pk": 12,
    "model": "institute.institute"
}, {
    "fields": {
        "code": "MED",
        "scol_manager": [],
        "id_dircomp": "",
        "rac": null,
        "is_on_duty": true,
        "dircomp": null,
        "diretu": [],
        "id_rac": "",
        "ROF_support": false,
        "label": "Facult\u00e9 de m\u00e9decine",
        "ROF_code": "0671860H",
        "field": 3
    },
    "pk": 13,
    "model": "institute.institute"
}, {
    "fields": {
        "code": "PHA",
        "scol_manager": [],
        "id_dircomp": "",
        "rac": null,
        "is_on_duty": true,
        "dircomp": null,
        "diretu": [],
        "id_rac": "",
        "ROF_support": false,
        "label": "Facult\u00e9 de pharmacie",
        "ROF_code": "0671862K",
        "field": 3
    },
    "pk": 14,
    "model": "institute.institute"
}, {
    "fields": {
        "code": "EPE",
        "scol_manager": [],
        "id_dircomp": "",
        "rac": null,
        "is_on_duty": true,
        "dircomp": null,
        "diretu": [],
        "id_rac": "",
        "ROF_support": false,
        "label": "Ecole sup\u00e9rieure du professorat et de l'\u00e9ducation (ESPE)",
        "ROF_code": "0673068W",
        "field": 4
    },
    "pk": 15,
    "model": "institute.institute"
}, {
    "fields": {
        "code": "GEO",
        "scol_manager": [
            33
        ],
        "id_dircomp": "ROSIQUE Thierry",
        "rac": null,
        "is_on_duty": true,
        "dircomp": null,
        "diretu": [
            32
        ],
        "id_rac": "BELLAHCENE Abderrahman",
        "ROF_support": false,
        "label": "Facult\u00e9 de g\u00e9ographie et d'am\u00e9nagement",
        "ROF_code": "0671871V",
        "field": 4
    },
    "pk": 16,
    "model": "institute.institute"
}, {
    "fields": {
        "code": "PLI",
        "scol_manager": [],
        "id_dircomp": "",
        "rac": null,
        "is_on_duty": true,
        "dircomp": null,
        "diretu": [],
        "id_rac": "",
        "ROF_support": false,
        "label": "Facult\u00e9 de philosophie",
        "ROF_code": "0671876A",
        "field": 4
    },
    "pk": 17,
    "model": "institute.institute"
}, {
    "fields": {
        "code": "PSY",
        "scol_manager": [],
        "id_dircomp": "",
        "rac": null,
        "is_on_duty": true,
        "dircomp": null,
        "diretu": [],
        "id_rac": "",
        "ROF_support": false,
        "label": "Facult\u00e9 de psychologie",
        "ROF_code": "0671870U",
        "field": 4
    },
    "pk": 18,
    "model": "institute.institute"
}, {
    "fields": {
        "code": "EDU",
        "scol_manager": [],
        "id_dircomp": "",
        "rac": null,
        "is_on_duty": true,
        "dircomp": null,
        "diretu": [],
        "id_rac": "",
        "ROF_support": false,
        "label": "Facult\u00e9 de sciences de l'\u00e9ducation",
        "ROF_code": "0673034J",
        "field": 4
    },
    "pk": 19,
    "model": "institute.institute"
}, {
    "fields": {
        "code": "THC",
        "scol_manager": [],
        "id_dircomp": "",
        "rac": null,
        "is_on_duty": true,
        "dircomp": null,
        "diretu": [],
        "id_rac": "",
        "ROF_support": false,
        "label": "Facult\u00e9 de th\u00e9ologie catholique",
        "ROF_code": "0670147W",
        "field": 4
    },
    "pk": 20,
    "model": "institute.institute"
}, {
    "fields": {
        "code": "THP",
        "scol_manager": [],
        "id_dircomp": "",
        "rac": null,
        "is_on_duty": true,
        "dircomp": null,
        "diretu": [],
        "id_rac": "",
        "ROF_support": false,
        "label": "Facult\u00e9 de th\u00e9ologie protestante",
        "ROF_code": "0670148X",
        "field": 4
    },
    "pk": 21,
    "model": "institute.institute"
}, {
    "fields": {
        "code": "APS",
        "scol_manager": [],
        "id_dircomp": "",
        "rac": null,
        "is_on_duty": true,
        "dircomp": null,
        "diretu": [],
        "id_rac": "",
        "ROF_support": false,
        "label": "Facult\u00e9 des sciences du sport",
        "ROF_code": "0672070L",
        "field": 4
    },
    "pk": 22,
    "model": "institute.institute"
}, {
    "fields": {
        "code": "HIS",
        "scol_manager": [],
        "id_dircomp": "",
        "rac": null,
        "is_on_duty": true,
        "dircomp": null,
        "diretu": [],
        "id_rac": "",
        "ROF_support": false,
        "label": "Facult\u00e9 des Sciences Historiques",
        "ROF_code": "0671877B",
        "field": 4
    },
    "pk": 23,
    "model": "institute.institute"
}, {
    "fields": {
        "code": "SOC",
        "scol_manager": [],
        "id_dircomp": "",
        "rac": null,
        "is_on_duty": true,
        "dircomp": null,
        "diretu": [],
        "id_rac": "",
        "ROF_support": false,
        "label": "Facult\u00e9 des sciences sociales",
        "ROF_code": "0671878C",
        "field": 4
    },
    "pk": 24,
    "model": "institute.institute"
}, {
    "fields": {
        "code": "EOT",
        "scol_manager": [],
        "id_dircomp": "",
        "rac": null,
        "is_on_duty": true,
        "dircomp": null,
        "diretu": [],
        "id_rac": "",
        "ROF_support": false,
        "label": "Ecole et observatoire des sciences de la Terre (EOST)",
        "ROF_code": "0670176C",
        "field": 5
    },
    "pk": 25,
    "model": "institute.institute"
}, {
    "fields": {
        "code": "ECP",
        "scol_manager": [],
        "id_dircomp": "",
        "rac": null,
        "is_on_duty": true,
        "dircomp": null,
        "diretu": [],
        "id_rac": "",
        "ROF_support": false,
        "label": "Ecole europ\u00e9enne de chimie, polym\u00e8res et mat\u00e9riaux (ECPM)",
        "ROF_code": "0672792W",
        "field": 5
    },
    "pk": 26,
    "model": "institute.institute"
}, {
    "fields": {
        "code": "ESB",
        "scol_manager": [],
        "id_dircomp": "",
        "rac": null,
        "is_on_duty": true,
        "dircomp": null,
        "diretu": [],
        "id_rac": "",
        "ROF_support": false,
        "label": "Ecole sup\u00e9rieure de biotechnologie de Strasbourg (ESBS)",
        "ROF_code": "0672504H",
        "field": 5
    },
    "pk": 27,
    "model": "institute.institute"
}, {
    "fields": {
        "code": "CHM",
        "scol_manager": [
            18,
            19,
            21,
            25
        ],
        "id_dircomp": "PLANEIX Jean-Marc",
        "rac": null,
        "is_on_duty": true,
        "dircomp": null,
        "diretu": [
            20
        ],
        "id_rac": "GOT Brigitte",
        "ROF_support": false,
        "label": "Facult\u00e9 de chimie",
        "ROF_code": "0672640F",
        "field": 5
    },
    "pk": 28,
    "model": "institute.institute"
}, {
    "fields": {
        "code": "VIE",
        "scol_manager": [],
        "id_dircomp": "",
        "rac": null,
        "is_on_duty": true,
        "dircomp": null,
        "diretu": [],
        "id_rac": "",
        "ROF_support": false,
        "label": "Facult\u00e9 des sciences de la vie",
        "ROF_code": "0671867R",
        "field": 5
    },
    "pk": 29,
    "model": "institute.institute"
}, {
    "fields": {
        "code": "IHA",
        "scol_manager": [],
        "id_dircomp": "",
        "rac": null,
        "is_on_duty": true,
        "dircomp": null,
        "diretu": [],
        "id_rac": "",
        "ROF_support": false,
        "label": "Institut universitaire de technologie de Haguenau",
        "ROF_code": "0672834S",
        "field": 5
    },
    "pk": 30,
    "model": "institute.institute"
}, {
    "fields": {
        "code": "ISC",
        "scol_manager": [],
        "id_dircomp": "",
        "rac": null,
        "is_on_duty": true,
        "dircomp": null,
        "diretu": [],
        "id_rac": "",
        "ROF_support": false,
        "label": "Institut universitaire de technologie Louis Pasteur",
        "ROF_code": "0672462M",
        "field": 5
    },
    "pk": 31,
    "model": "institute.institute"
}, {
    "fields": {
        "code": "ILL",
        "scol_manager": [],
        "id_dircomp": "",
        "rac": null,
        "is_on_duty": true,
        "dircomp": null,
        "diretu": [],
        "id_rac": "",
        "ROF_support": false,
        "label": "Institut universitaire de technologie Robert Schuman",
        "ROF_code": "0671557D",
        "field": 5
    },
    "pk": 32,
    "model": "institute.institute"
}, {
    "fields": {
        "code": "OBS",
        "scol_manager": [],
        "id_dircomp": "",
        "rac": null,
        "is_on_duty": true,
        "dircomp": null,
        "diretu": [],
        "id_rac": "",
        "ROF_support": false,
        "label": "Observatoire astronomique de Strasbourg",
        "ROF_code": "0670173Z",
        "field": 5
    },
    "pk": 33,
    "model": "institute.institute"
}, {
    "fields": {
        "code": "ESP",
        "scol_manager": [],
        "id_dircomp": "",
        "rac": null,
        "is_on_duty": true,
        "dircomp": null,
        "diretu": [],
        "id_rac": "",
        "ROF_support": false,
        "label": "T\u00e9l\u00e9com Physique Strasbourg",
        "ROF_code": "0672380Y",
        "field": 5
    },
    "pk": 34,
    "model": "institute.institute"
}, {
    "fields": {
        "code": "MAI",
        "scol_manager": [],
        "id_dircomp": "",
        "rac": null,
        "is_on_duty": true,
        "dircomp": null,
        "diretu": [],
        "id_rac": "",
        "ROF_support": false,
        "label": "UFR de Math\u00e9matique et d'informatique",
        "ROF_code": "0671864M",
        "field": 5
    },
    "pk": 35,
    "model": "institute.institute"
}, {
    "fields": {
        "code": "PHI",
        "scol_manager": [],
        "id_dircomp": "",
        "rac": null,
        "is_on_duty": true,
        "dircomp": null,
        "diretu": [],
        "id_rac": "",
        "ROF_support": false,
        "label": "Facult\u00e9 de physique et ing\u00e9nierie",
        "ROF_code": "0673024Y",
        "field": 5
    },
    "pk": 36,
    "model": "institute.institute"
}, {
    "fields": {
        "code": "ITR",
        "scol_manager": [],
        "id_dircomp": "",
        "rac": null,
        "is_on_duty": true,
        "dircomp": null,
        "diretu": [],
        "id_rac": "",
        "ROF_support": false,
        "label": "Institut du travail",
        "ROF_code": "0670182J",
        "field": 2
    },
    "pk": 37,
    "model": "institute.institute"
}, {
    "fields": {
        "id_cmp": 1,
        "code_year": 2015,
        "date_last_notif": null,
        "date_expected_MECC": null
    },
    "pk": 1,
    "model": "years.instituteyear"
}, {
    "fields": {
        "id_cmp": 2,
        "code_year": 2015,
        "date_last_notif": null,
        "date_expected_MECC": null
    },
    "pk": 2,
    "model": "years.instituteyear"
}, {
    "fields": {
        "id_cmp": 3,
        "code_year": 2015,
        "date_last_notif": null,
        "date_expected_MECC": null
    },
    "pk": 3,
    "model": "years.instituteyear"
}, {
    "fields": {
        "id_cmp": 4,
        "code_year": 2015,
        "date_last_notif": null,
        "date_expected_MECC": null
    },
    "pk": 4,
    "model": "years.instituteyear"
}, {
    "fields": {
        "id_cmp": 5,
        "code_year": 2015,
        "date_last_notif": null,
        "date_expected_MECC": null
    },
    "pk": 5,
    "model": "years.instituteyear"
}, {
    "fields": {
        "id_cmp": 6,
        "code_year": 2015,
        "date_last_notif": null,
        "date_expected_MECC": null
    },
    "pk": 6,
    "model": "years.instituteyear"
}, {
    "fields": {
        "id_cmp": 7,
        "code_year": 2015,
        "date_last_notif": null,
        "date_expected_MECC": null
    },
    "pk": 7,
    "model": "years.instituteyear"
}, {
    "fields": {
        "id_cmp": 8,
        "code_year": 2015,
        "date_last_notif": null,
        "date_expected_MECC": null
    },
    "pk": 8,
    "model": "years.instituteyear"
}, {
    "fields": {
        "id_cmp": 9,
        "code_year": 2015,
        "date_last_notif": null,
        "date_expected_MECC": null
    },
    "pk": 9,
    "model": "years.instituteyear"
}, {
    "fields": {
        "id_cmp": 10,
        "code_year": 2015,
        "date_last_notif": null,
        "date_expected_MECC": null
    },
    "pk": 10,
    "model": "years.instituteyear"
}, {
    "fields": {
        "id_cmp": 11,
        "code_year": 2015,
        "date_last_notif": null,
        "date_expected_MECC": null
    },
    "pk": 11,
    "model": "years.instituteyear"
}, {
    "fields": {
        "id_cmp": 12,
        "code_year": 2015,
        "date_last_notif": null,
        "date_expected_MECC": null
    },
    "pk": 12,
    "model": "years.instituteyear"
}, {
    "fields": {
        "id_cmp": 13,
        "code_year": 2015,
        "date_last_notif": null,
        "date_expected_MECC": null
    },
    "pk": 13,
    "model": "years.instituteyear"
}, {
    "fields": {
        "id_cmp": 14,
        "code_year": 2015,
        "date_last_notif": null,
        "date_expected_MECC": null
    },
    "pk": 14,
    "model": "years.instituteyear"
}, {
    "fields": {
        "id_cmp": 15,
        "code_year": 2015,
        "date_last_notif": null,
        "date_expected_MECC": null
    },
    "pk": 15,
    "model": "years.instituteyear"
}, {
    "fields": {
        "id_cmp": 16,
        "code_year": 2015,
        "date_last_notif": null,
        "date_expected_MECC": "2015-06-16"
    },
    "pk": 16,
    "model": "years.instituteyear"
}, {
    "fields": {
        "id_cmp": 17,
        "code_year": 2015,
        "date_last_notif": null,
        "date_expected_MECC": null
    },
    "pk": 17,
    "model": "years.instituteyear"
}, {
    "fields": {
        "id_cmp": 18,
        "code_year": 2015,
        "date_last_notif": null,
        "date_expected_MECC": null
    },
    "pk": 18,
    "model": "years.instituteyear"
}, {
    "fields": {
        "id_cmp": 19,
        "code_year": 2015,
        "date_last_notif": null,
        "date_expected_MECC": null
    },
    "pk": 19,
    "model": "years.instituteyear"
}, {
    "fields": {
        "id_cmp": 20,
        "code_year": 2015,
        "date_last_notif": null,
        "date_expected_MECC": null
    },
    "pk": 20,
    "model": "years.instituteyear"
}, {
    "fields": {
        "id_cmp": 21,
        "code_year": 2015,
        "date_last_notif": null,
        "date_expected_MECC": null
    },
    "pk": 21,
    "model": "years.instituteyear"
}, {
    "fields": {
        "id_cmp": 22,
        "code_year": 2015,
        "date_last_notif": null,
        "date_expected_MECC": null
    },
    "pk": 22,
    "model": "years.instituteyear"
}, {
    "fields": {
        "id_cmp": 23,
        "code_year": 2015,
        "date_last_notif": null,
        "date_expected_MECC": null
    },
    "pk": 23,
    "model": "years.instituteyear"
}, {
    "fields": {
        "id_cmp": 24,
        "code_year": 2015,
        "date_last_notif": null,
        "date_expected_MECC": null
    },
    "pk": 24,
    "model": "years.instituteyear"
}, {
    "fields": {
        "id_cmp": 25,
        "code_year": 2015,
        "date_last_notif": null,
        "date_expected_MECC": null
    },
    "pk": 25,
    "model": "years.instituteyear"
}, {
    "fields": {
        "id_cmp": 26,
        "code_year": 2015,
        "date_last_notif": null,
        "date_expected_MECC": null
    },
    "pk": 26,
    "model": "years.instituteyear"
}, {
    "fields": {
        "id_cmp": 27,
        "code_year": 2015,
        "date_last_notif": null,
        "date_expected_MECC": null
    },
    "pk": 27,
    "model": "years.instituteyear"
}, {
    "fields": {
        "id_cmp": 28,
        "code_year": 2015,
        "date_last_notif": null,
        "date_expected_MECC": "2015-06-16"
    },
    "pk": 28,
    "model": "years.instituteyear"
}, {
    "fields": {
        "id_cmp": 29,
        "code_year": 2015,
        "date_last_notif": null,
        "date_expected_MECC": null
    },
    "pk": 29,
    "model": "years.instituteyear"
}, {
    "fields": {
        "id_cmp": 30,
        "code_year": 2015,
        "date_last_notif": null,
        "date_expected_MECC": null
    },
    "pk": 30,
    "model": "years.instituteyear"
}, {
    "fields": {
        "id_cmp": 31,
        "code_year": 2015,
        "date_last_notif": null,
        "date_expected_MECC": null
    },
    "pk": 31,
    "model": "years.instituteyear"
}, {
    "fields": {
        "id_cmp": 32,
        "code_year": 2015,
        "date_last_notif": null,
        "date_expected_MECC": null
    },
    "pk": 32,
    "model": "years.instituteyear"
}, {
    "fields": {
        "id_cmp": 33,
        "code_year": 2015,
        "date_last_notif": null,
        "date_expected_MECC": null
    },
    "pk": 33,
    "model": "years.instituteyear"
}, {
    "fields": {
        "id_cmp": 34,
        "code_year": 2015,
        "date_last_notif": null,
        "date_expected_MECC": null
    },
    "pk": 34,
    "model": "years.instituteyear"
}, {
    "fields": {
        "id_cmp": 35,
        "code_year": 2015,
        "date_last_notif": null,
        "date_expected_MECC": null
    },
    "pk": 35,
    "model": "years.instituteyear"
}, {
    "fields": {
        "id_cmp": 36,
        "code_year": 2015,
        "date_last_notif": null,
        "date_expected_MECC": null
    },
    "pk": 36,
    "model": "years.instituteyear"
}, {
    "fields": {
        "id_cmp": 37,
        "code_year": 2015,
        "date_last_notif": null,
        "date_expected_MECC": null
    },
    "pk": 37,
    "model": "years.instituteyear"
}, {
    "fields": {
        "id_cmp": 38,
        "code_year": 2015,
        "date_last_notif": null,
        "date_expected_MECC": null
    },
    "pk": 38,
    "model": "years.instituteyear"
}, {
    "fields": {
        "id_cmp": 1,
        "code_year": 2016,
        "date_last_notif": null,
        "date_expected_MECC": null
    },
    "pk": 39,
    "model": "years.instituteyear"
}, {
    "fields": {
        "id_cmp": 2,
        "code_year": 2016,
        "date_last_notif": null,
        "date_expected_MECC": null
    },
    "pk": 40,
    "model": "years.instituteyear"
}, {
    "fields": {
        "id_cmp": 3,
        "code_year": 2016,
        "date_last_notif": null,
        "date_expected_MECC": null
    },
    "pk": 41,
    "model": "years.instituteyear"
}, {
    "fields": {
        "id_cmp": 4,
        "code_year": 2016,
        "date_last_notif": null,
        "date_expected_MECC": null
    },
    "pk": 42,
    "model": "years.instituteyear"
}, {
    "fields": {
        "id_cmp": 5,
        "code_year": 2016,
        "date_last_notif": null,
        "date_expected_MECC": null
    },
    "pk": 43,
    "model": "years.instituteyear"
}, {
    "fields": {
        "id_cmp": 6,
        "code_year": 2016,
        "date_last_notif": null,
        "date_expected_MECC": null
    },
    "pk": 44,
    "model": "years.instituteyear"
}, {
    "fields": {
        "id_cmp": 7,
        "code_year": 2016,
        "date_last_notif": null,
        "date_expected_MECC": null
    },
    "pk": 45,
    "model": "years.instituteyear"
}, {
    "fields": {
        "id_cmp": 8,
        "code_year": 2016,
        "date_last_notif": null,
        "date_expected_MECC": null
    },
    "pk": 46,
    "model": "years.instituteyear"
}, {
    "fields": {
        "id_cmp": 9,
        "code_year": 2016,
        "date_last_notif": null,
        "date_expected_MECC": null
    },
    "pk": 47,
    "model": "years.instituteyear"
}, {
    "fields": {
        "id_cmp": 10,
        "code_year": 2016,
        "date_last_notif": null,
        "date_expected_MECC": null
    },
    "pk": 48,
    "model": "years.instituteyear"
}, {
    "fields": {
        "id_cmp": 11,
        "code_year": 2016,
        "date_last_notif": null,
        "date_expected_MECC": null
    },
    "pk": 49,
    "model": "years.instituteyear"
}, {
    "fields": {
        "id_cmp": 12,
        "code_year": 2016,
        "date_last_notif": null,
        "date_expected_MECC": null
    },
    "pk": 50,
    "model": "years.instituteyear"
}, {
    "fields": {
        "id_cmp": 13,
        "code_year": 2016,
        "date_last_notif": null,
        "date_expected_MECC": null
    },
    "pk": 51,
    "model": "years.instituteyear"
}, {
    "fields": {
        "id_cmp": 14,
        "code_year": 2016,
        "date_last_notif": null,
        "date_expected_MECC": null
    },
    "pk": 52,
    "model": "years.instituteyear"
}, {
    "fields": {
        "id_cmp": 15,
        "code_year": 2016,
        "date_last_notif": null,
        "date_expected_MECC": null
    },
    "pk": 53,
    "model": "years.instituteyear"
}, {
    "fields": {
        "id_cmp": 16,
        "code_year": 2016,
        "date_last_notif": null,
        "date_expected_MECC": null
    },
    "pk": 54,
    "model": "years.instituteyear"
}, {
    "fields": {
        "id_cmp": 17,
        "code_year": 2016,
        "date_last_notif": null,
        "date_expected_MECC": null
    },
    "pk": 55,
    "model": "years.instituteyear"
}, {
    "fields": {
        "id_cmp": 18,
        "code_year": 2016,
        "date_last_notif": null,
        "date_expected_MECC": null
    },
    "pk": 56,
    "model": "years.instituteyear"
}, {
    "fields": {
        "id_cmp": 19,
        "code_year": 2016,
        "date_last_notif": null,
        "date_expected_MECC": null
    },
    "pk": 57,
    "model": "years.instituteyear"
}, {
    "fields": {
        "id_cmp": 20,
        "code_year": 2016,
        "date_last_notif": null,
        "date_expected_MECC": null
    },
    "pk": 58,
    "model": "years.instituteyear"
}, {
    "fields": {
        "id_cmp": 21,
        "code_year": 2016,
        "date_last_notif": null,
        "date_expected_MECC": null
    },
    "pk": 59,
    "model": "years.instituteyear"
}, {
    "fields": {
        "id_cmp": 22,
        "code_year": 2016,
        "date_last_notif": null,
        "date_expected_MECC": null
    },
    "pk": 60,
    "model": "years.instituteyear"
}, {
    "fields": {
        "id_cmp": 23,
        "code_year": 2016,
        "date_last_notif": null,
        "date_expected_MECC": null
    },
    "pk": 61,
    "model": "years.instituteyear"
}, {
    "fields": {
        "id_cmp": 24,
        "code_year": 2016,
        "date_last_notif": null,
        "date_expected_MECC": null
    },
    "pk": 62,
    "model": "years.instituteyear"
}, {
    "fields": {
        "id_cmp": 25,
        "code_year": 2016,
        "date_last_notif": null,
        "date_expected_MECC": null
    },
    "pk": 63,
    "model": "years.instituteyear"
}, {
    "fields": {
        "id_cmp": 26,
        "code_year": 2016,
        "date_last_notif": null,
        "date_expected_MECC": null
    },
    "pk": 64,
    "model": "years.instituteyear"
}, {
    "fields": {
        "id_cmp": 27,
        "code_year": 2016,
        "date_last_notif": null,
        "date_expected_MECC": null
    },
    "pk": 65,
    "model": "years.instituteyear"
}, {
    "fields": {
        "id_cmp": 28,
        "code_year": 2016,
        "date_last_notif": null,
        "date_expected_MECC": null
    },
    "pk": 66,
    "model": "years.instituteyear"
}, {
    "fields": {
        "id_cmp": 29,
        "code_year": 2016,
        "date_last_notif": null,
        "date_expected_MECC": null
    },
    "pk": 67,
    "model": "years.instituteyear"
}, {
    "fields": {
        "id_cmp": 30,
        "code_year": 2016,
        "date_last_notif": null,
        "date_expected_MECC": null
    },
    "pk": 68,
    "model": "years.instituteyear"
}, {
    "fields": {
        "id_cmp": 31,
        "code_year": 2016,
        "date_last_notif": null,
        "date_expected_MECC": null
    },
    "pk": 69,
    "model": "years.instituteyear"
}, {
    "fields": {
        "id_cmp": 32,
        "code_year": 2016,
        "date_last_notif": null,
        "date_expected_MECC": null
    },
    "pk": 70,
    "model": "years.instituteyear"
}, {
    "fields": {
        "id_cmp": 33,
        "code_year": 2016,
        "date_last_notif": null,
        "date_expected_MECC": null
    },
    "pk": 71,
    "model": "years.instituteyear"
}, {
    "fields": {
        "id_cmp": 34,
        "code_year": 2016,
        "date_last_notif": null,
        "date_expected_MECC": null
    },
    "pk": 72,
    "model": "years.instituteyear"
}, {
    "fields": {
        "id_cmp": 35,
        "code_year": 2016,
        "date_last_notif": null,
        "date_expected_MECC": null
    },
    "pk": 73,
    "model": "years.instituteyear"
}, {
    "fields": {
        "id_cmp": 36,
        "code_year": 2016,
        "date_last_notif": null,
        "date_expected_MECC": null
    },
    "pk": 74,
    "model": "years.instituteyear"
}, {
    "fields": {
        "id_cmp": 37,
        "code_year": 2016,
        "date_last_notif": null,
        "date_expected_MECC": null
    },
    "pk": 75,
    "model": "years.instituteyear"
}, {
    "fields": {
        "label_year": "Ann\u00e9e universitaire 2015/2016",
        "pdf_doc": "",
        "is_target_year": true,
        "is_year_init": true,
        "date_expected": "2015-06-10",
        "code_year": 2015,
        "date_validation": "2015-03-17"
    },
    "pk": 1,
    "model": "years.universityyear"
}, {
    "fields": {
        "label_year": "Ann\u00e9e universitaire 2016/2017",
        "pdf_doc": "",
        "is_target_year": false,
        "is_year_init": true,
        "date_expected": null,
        "code_year": 2016,
        "date_validation": null
    },
    "pk": 6,
    "model": "years.universityyear"
}, {
    "fields": {
        "code": "REFSCOL",
        "label": "Responsable Formation Scolarit\u00e9"
    },
    "pk": 1,
    "model": "adm.profile"
}, {
    "fields": {
        "code": "DIRETU",
        "label": "Directeur d'\u00e9tudes"
    },
    "pk": 2,
    "model": "adm.profile"
}, {
    "fields": {
        "code": "GESCOL",
        "label": "Gestionnaire de scolarit\u00e9"
    },
    "pk": 3,
    "model": "adm.profile"
}, {
    "fields": {
        "code": "RESPFORM",
        "label": "Responsable de formation"
    },
    "pk": 4,
    "model": "adm.profile"
}, {
    "fields": {
        "code": "RAC",
        "label": "Responsable administratif"
    },
    "pk": 5,
    "model": "adm.profile"
}, {
    "fields": {
        "code": "DIRCOMP",
        "label": "Directeur de composante"
    },
    "pk": 6,
    "model": "adm.profile"
}, {
    "fields": {
        "code": "ECI",
        "label": "Membre de la commission ECI"
    },
    "pk": 7,
    "model": "adm.profile"
}, {
    "fields": {
        "code": "REFAPP",
        "label": "R\u00e9ferent application"
    },
    "pk": 8,
    "model": "adm.profile"
}, {
    "fields": {
        "n_rule": 1,
        "is_eci": true,
        "display_order": 1,
        "label": "Modalités d'accès et de progression en licence",
        "code_year": 2015,
        "is_in_use": true,
        "degree_type": [5, 6],
        "is_ccct": true,
        "is_edited": "X"
    },
    "model": "rules.rule",
    "pk": 1
}, {
    "fields": {
        "n_rule": 2,
        "is_eci": true,
        "display_order": 1,
        "label": "Modalités d'accès et de progression en master",
        "code_year": 2015,
        "is_in_use": true,
        "degree_type": [7],
        "is_ccct": true,
        "is_edited": "X"
    },
    "model": "rules.rule",
    "pk": 2
}, {
    "fields": {
        "n_rule": 3,
        "is_eci": true,
        "display_order": 5,
        "label": "Inscriptions administratives",
        "code_year": 2015,
        "is_in_use": true,
        "degree_type": [1, 3, 4, 5, 6, 7, 14,
            15, 16, 17, 18, 25
        ],
        "is_ccct": true,
        "is_edited": "X"
    },
    "model": "rules.rule",
    "pk": 3
}, {
    "fields": {
        "n_rule": 4,
        "is_eci": true,
        "display_order": 8,
        "label": "Inscriptions pédagogiques",
        "code_year": 2015,
        "is_in_use": true,
        "degree_type": [1, 2, 3, 4, 5, 6, 7,
            15, 16, 17, 18, 19, 21, 22
        ],
        "is_ccct": true,
        "is_edited": "X"
    },
    "model": "rules.rule",
    "pk": 4
}, {
    "fields": {
        "n_rule": 5,
        "is_eci": true,
        "display_order": 10,
        "label": "Assiduité",
        "code_year": 2015,
        "is_in_use": true,
        "degree_type": [1, 3, 5, 6, 7, 14,
            15, 16, 17, 18, 19
        ],
        "is_ccct": true,
        "is_edited": "X"
    },
    "model": "rules.rule",
    "pk": 5
}, {
    "fields": {
        "n_rule": 6,
        "is_eci": true,
        "display_order": 13,
        "label": "Validation d'acquis",
        "code_year": 2015,
        "is_in_use": true,
        "degree_type": [3, 4, 5, 6, 7],
        "is_ccct": true,
        "is_edited": "X"
    },
    "model": "rules.rule",
    "pk": 6
}, {
    "fields": {
        "n_rule": 7,
        "is_eci": true,
        "display_order": 14,
        "label": "Etudes accomplies à l'étranger",
        "code_year": 2015,
        "is_in_use": true,
        "degree_type": [3, 4, 5, 6, 7, 15,
            16, 17, 18, 19
        ],
        "is_ccct": true,
        "is_edited": "X"
    },
    "model": "rules.rule",
    "pk": 7
}, {
    "fields": {
        "n_rule": 8,
        "is_eci": true,
        "display_order": 19,
        "label": "Cas particulier d’un mémoire de recherche ou d’un rapport de stage",
        "code_year": 2015,
        "is_in_use": true,
        "degree_type": [7],
        "is_ccct": true,
        "is_edited": "X"
    },
    "model": "rules.rule",
    "pk": 8
}, {
    "fields": {
        "n_rule": 9,
        "is_eci": true,
        "display_order": 20,
        "label": "Jurys",
        "code_year": 2015,
        "is_in_use": true,
        "degree_type": [3, 4, 5, 6, 7, 15,
            16, 17, 18, 19
        ],
        "is_ccct": true,
        "is_edited": "X"
    },
    "model": "rules.rule",
    "pk": 9
}, {
    "fields": {
        "n_rule": 10,
        "is_eci": true,
        "display_order": 25,
        "label": "Compensation",
        "code_year": 2015,
        "is_in_use": true,
        "degree_type": [1, 3, 5, 7],
        "is_ccct": true,
        "is_edited": "X"
    },
    "model": "rules.rule",
    "pk": 10
}, {
    "fields": {
        "n_rule": 11,
        "is_eci": true,
        "display_order": 26,
        "label": "Compensation en licence ",
        "code_year": 2015,
        "is_in_use": true,
        "degree_type": [5],
        "is_ccct": true,
        "is_edited": "X"
    },
    "model": "rules.rule",
    "pk": 11
}, {
    "fields": {
        "n_rule": 12,
        "is_eci": true,
        "display_order": 26,
        "label": "Compensation en master",
        "code_year": 2015,
        "is_in_use": true,
        "degree_type": [7],
        "is_ccct": true,
        "is_edited": "X"
    },
    "model": "rules.rule",
    "pk": 12
}, {
    "fields": {
        "n_rule": 13,
        "is_eci": true,
        "display_order": 30,
        "label": "Calcul de la moyenne générale en licence",
        "code_year": 2015,
        "is_in_use": true,
        "degree_type": [5, 6],
        "is_ccct": true,
        "is_edited": "X"
    },
    "model": "rules.rule",
    "pk": 13
}, {
    "fields": {
        "n_rule": 14,
        "is_eci": true,
        "display_order": 30,
        "label": "Calcul de la moyenne générale",
        "code_year": 2015,
        "is_in_use": true,
        "degree_type": [3, 7],
        "is_ccct": true,
        "is_edited": "X"
    },
    "model": "rules.rule",
    "pk": 14
}, {
    "fields": {
        "n_rule": 15,
        "is_eci": true,
        "display_order": 31,
        "label": "Equivalences et mentions",
        "code_year": 2015,
        "is_in_use": true,
        "degree_type": [3, 4, 7],
        "is_ccct": true,
        "is_edited": "X"
    },
    "model": "rules.rule",
    "pk": 15
}, {
    "fields": {
        "n_rule": 16,
        "is_eci": true,
        "display_order": 35,
        "label": "Diplôme intermédiaire de DEUG",
        "code_year": 2015,
        "is_in_use": true,
        "degree_type": [5, 6],
        "is_ccct": true,
        "is_edited": "X"
    },
    "model": "rules.rule",
    "pk": 16
}, {
    "fields": {
        "n_rule": 17,
        "is_eci": true,
        "display_order": 35,
        "label": "Diplôme intermédiaire de maîtrise",
        "code_year": 2015,
        "is_in_use": true,
        "degree_type": [7],
        "is_ccct": true,
        "is_edited": "X"
    },
    "model": "rules.rule",
    "pk": 17
}, {
    "fields": {
        "n_rule": 18,
        "is_eci": true,
        "display_order": 40,
        "label": "Conservation d'une note d'une année sur l'autre",
        "code_year": 2015,
        "is_in_use": true,
        "degree_type": [3, 4, 5, 6, 7, 15,
            16, 17, 18, 19
        ],
        "is_ccct": true,
        "is_edited": "X"
    },
    "model": "rules.rule",
    "pk": 18
}, {
    "fields": {
        "n_rule": 19,
        "is_eci": true,
        "display_order": 41,
        "label": "Capitalisation",
        "code_year": 2015,
        "is_in_use": true,
        "degree_type": [1, 4, 5, 6, 7, 15,
            16, 17, 18, 19
        ],
        "is_ccct": true,
        "is_edited": "X"
    },
    "model": "rules.rule",
    "pk": 19
}, {
    "fields": {
        "n_rule": 20,
        "is_eci": true,
        "display_order": 45,
        "label": "Sessions d'examens",
        "code_year": 2015,
        "is_in_use": true,
        "degree_type": [5, 6, 15, 16, 17, 18,
            19
        ],
        "is_ccct": true,
        "is_edited": "X"
    },
    "model": "rules.rule",
    "pk": 20
}, {
    "fields": {
        "n_rule": 21,
        "is_eci": true,
        "display_order": 46,
        "label": "Session de rattrapage",
        "code_year": 2015,
        "is_in_use": true,
        "degree_type": [1, 3, 7],
        "is_ccct": true,
        "is_edited": "X"
    },
    "model": "rules.rule",
    "pk": 21
}, {
    "fields": {
        "n_rule": 22,
        "is_eci": true,
        "display_order": 50,
        "label": "Evaluation continue intégrale - principes directeurs",
        "code_year": 2015,
        "is_in_use": true,
        "degree_type": [1, 3, 4, 5, 6, 7],
        "is_ccct": false,
        "is_edited": "X"
    },
    "model": "rules.rule",
    "pk": 22
}, {
    "fields": {
        "n_rule": 23,
        "is_eci": true,
        "display_order": 51,
        "label": "Organisation de l'évaluation continue intégrale",
        "code_year": 2015,
        "is_in_use": true,
        "degree_type": [1, 3, 4, 5, 6, 7],
        "is_ccct": false,
        "is_edited": "X"
    },
    "model": "rules.rule",
    "pk": 23
}, {
    "fields": {
        "n_rule": 24,
        "is_eci": true,
        "display_order": 52,
        "label": "Nombre d'évaluations par UE",
        "code_year": 2015,
        "is_in_use": true,
        "degree_type": [1, 3, 5, 6, 7],
        "is_ccct": false,
        "is_edited": "X"
    },
    "model": "rules.rule",
    "pk": 24
}, {
    "fields": {
        "n_rule": 25,
        "is_eci": true,
        "display_order": 53,
        "label": "Modalités de correction des évaluations et de restitution pédagogique aux étudiants",
        "code_year": 2015,
        "is_in_use": true,
        "degree_type": [1, 3, 4, 5, 6, 7],
        "is_ccct": false,
        "is_edited": "X"
    },
    "model": "rules.rule",
    "pk": 25
}, {
    "fields": {
        "n_rule": 26,
        "is_eci": true,
        "display_order": 54,
        "label": "Absence aux épreuves avec convocation",
        "code_year": 2015,
        "is_in_use": true,
        "degree_type": [1, 3, 4, 5, 6, 7],
        "is_ccct": false,
        "is_edited": "X"
    },
    "model": "rules.rule",
    "pk": 26
}, {
    "fields": {
        "n_rule": 27,
        "is_eci": true,
        "display_order": 55,
        "label": "Absence aux épreuves sans convocation",
        "code_year": 2015,
        "is_in_use": true,
        "degree_type": [1, 3, 4, 5, 6, 7],
        "is_ccct": false,
        "is_edited": "X"
    },
    "model": "rules.rule",
    "pk": 27
}, {
    "fields": {
        "n_rule": 28,
        "is_eci": true,
        "display_order": 56,
        "label": "Session de rattrapage en ECI",
        "code_year": 2015,
        "is_in_use": true,
        "degree_type": [1, 3, 4, 5, 6, 7],
        "is_ccct": false,
        "is_edited": "X"
    },
    "model": "rules.rule",
    "pk": 28
}, {
    "fields": {
        "n_rule": 29,
        "is_eci": false,
        "display_order": 71,
        "label": "Absence aux épreuves terminales",
        "code_year": 2015,
        "is_in_use": true,
        "degree_type": [1, 3, 4, 5, 6, 7, 15,
            16, 17, 18, 19
        ],
        "is_ccct": true,
        "is_edited": "X"
    },
    "model": "rules.rule",
    "pk": 29
}, {
    "fields": {
        "n_rule": 30,
        "is_eci": false,
        "display_order": 72,
        "label": "Absence aux épreuves de contrôle continu",
        "code_year": 2015,
        "is_in_use": true,
        "degree_type": [1, 3, 4, 5, 6, 7, 15,
            16, 17, 18, 19
        ],
        "is_ccct": true,
        "is_edited": "X"
    },
    "model": "rules.rule",
    "pk": 30
}, {
    "fields": {
        "n_rule": 31,
        "is_eci": false,
        "display_order": 74,
        "label": "Organisation des épreuves",
        "code_year": 2015,
        "is_in_use": true,
        "degree_type": [1, 3, 4, 5, 6, 7, 15,
            16, 17, 18, 19
        ],
        "is_ccct": true,
        "is_edited": "X"
    },
    "model": "rules.rule",
    "pk": 31
}, {
    "fields": {
        "n_rule": 32,
        "is_eci": false,
        "display_order": 75,
        "label": "Anonymat des épreuves",
        "code_year": 2015,
        "is_in_use": true,
        "degree_type": [7, 14, 15, 16, 17,
            18, 19
        ],
        "is_ccct": true,
        "is_edited": "X"
    },
    "model": "rules.rule",
    "pk": 32
}, {
    "fields": {
        "n_rule": 33,
        "is_eci": false,
        "display_order": 80,
        "label": "Report de note de la session principale à la session de rattrapage",
        "code_year": 2015,
        "is_in_use": true,
        "degree_type": [1, 3, 4, 5, 6, 7, 15,
            16, 17, 18, 19
        ],
        "is_ccct": true,
        "is_edited": "X"
    },
    "model": "rules.rule",
    "pk": 33
}, {
    "fields": {
        "n_rule": 34,
        "is_eci": true,
        "display_order": 1,
        "label": "Modalités d'accès et de progression en DAEU",
        "code_year": 2015,
        "is_in_use": true,
        "degree_type": [1],
        "is_ccct": true,
        "is_edited": "X"
    },
    "model": "rules.rule",
    "pk": 34
}, {
    "fields": {
        "n_rule": 35,
        "is_eci": true,
        "display_order": 1,
        "label": "Modalités de progression en DUT",
        "code_year": 2015,
        "is_in_use": true,
        "degree_type": [3],
        "is_ccct": true,
        "is_edited": "X"
    },
    "model": "rules.rule",
    "pk": 35
}, {
    "fields": {
        "n_rule": 36,
        "is_eci": true,
        "display_order": 1,
        "label": "Modalités de progression en DEUST",
        "code_year": 2015,
        "is_in_use": true,
        "degree_type": [4],
        "is_ccct": true,
        "is_edited": "X"
    },
    "model": "rules.rule",
    "pk": 36
}, {
    "fields": {
        "n_rule": 37,
        "is_eci": false,
        "display_order": 1,
        "label": "Modalités de progression en PACES",
        "code_year": 2015,
        "is_in_use": true,
        "degree_type": [14],
        "is_ccct": true,
        "is_edited": "X"
    },
    "model": "rules.rule",
    "pk": 37
}, {
    "fields": {
        "n_rule": 38,
        "is_eci": false,
        "display_order": 1,
        "label": "Modalités de progression en DFG",
        "code_year": 2015,
        "is_in_use": true,
        "degree_type": [15],
        "is_ccct": true,
        "is_edited": "X"
    },
    "model": "rules.rule",
    "pk": 38
}, {
    "fields": {
        "n_rule": 39,
        "is_eci": false,
        "display_order": 1,
        "label": "Modalités de progression en DFA",
        "code_year": 2015,
        "is_in_use": true,
        "degree_type": [16],
        "is_ccct": true,
        "is_edited": "X"
    },
    "model": "rules.rule",
    "pk": 39
}, {
    "fields": {
        "n_rule": 40,
        "is_eci": false,
        "display_order": 1,
        "label": "Modalités d'accès au diplôme d'Etat de Santé",
        "code_year": 2015,
        "is_in_use": true,
        "degree_type": [17, 18, 19],
        "is_ccct": true,
        "is_edited": "X"
    },
    "model": "rules.rule",
    "pk": 40
}, {
    "fields": {
        "n_rule": 41,
        "is_eci": false,
        "display_order": 6,
        "label": "Inscriptions administratives en PACES",
        "code_year": 2015,
        "is_in_use": true,
        "degree_type": [14],
        "is_ccct": true,
        "is_edited": "X"
    },
    "model": "rules.rule",
    "pk": 41
}, {
    "fields": {
        "n_rule": 42,
        "is_eci": false,
        "display_order": 6,
        "label": "Inscriptions administratives en DFA",
        "code_year": 2015,
        "is_in_use": true,
        "degree_type": [16],
        "is_ccct": true,
        "is_edited": "X"
    },
    "model": "rules.rule",
    "pk": 42
}, {
    "fields": {
        "n_rule": 43,
        "is_eci": false,
        "display_order": 6,
        "label": "Inscriptions administratives en Thèse en vue du DE de docteur en médecine",
        "code_year": 2015,
        "is_in_use": true,
        "degree_type": [19],
        "is_ccct": true,
        "is_edited": "X"
    },
    "model": "rules.rule",
    "pk": 43
}, {
    "fields": {
        "n_rule": 44,
        "is_eci": false,
        "display_order": 6,
        "label": "Inscriptions administratives en Thèse en vue du DE de docteur en pharmacie",
        "code_year": 2015,
        "is_in_use": true,
        "degree_type": [17],
        "is_ccct": true,
        "is_edited": "X"
    },
    "model": "rules.rule",
    "pk": 44
}, {
    "fields": {
        "n_rule": 45,
        "is_eci": false,
        "display_order": 6,
        "label": "Inscriptions administratives en Thèse en vue du DE de docteur en chirurgie dentaire",
        "code_year": 2015,
        "is_in_use": true,
        "degree_type": [18],
        "is_ccct": true,
        "is_edited": "X"
    },
    "model": "rules.rule",
    "pk": 45
}, {
    "fields": {
        "n_rule": 46,
        "is_eci": false,
        "display_order": 8,
        "label": "Inscriptions pédagogiques en PACES",
        "code_year": 2015,
        "is_in_use": true,
        "degree_type": [14],
        "is_ccct": true,
        "is_edited": "X"
    },
    "model": "rules.rule",
    "pk": 46
}, {
    "fields": {
        "n_rule": 47,
        "is_eci": true,
        "display_order": 13,
        "label": "Validation d'acquis en DAEU",
        "code_year": 2015,
        "is_in_use": true,
        "degree_type": [1],
        "is_ccct": true,
        "is_edited": "X"
    },
    "model": "rules.rule",
    "pk": 47
}, {
    "fields": {
        "n_rule": 48,
        "is_eci": true,
        "display_order": 16,
        "label": "Notation des QCM (Questions à choix multiples)",
        "code_year": 2015,
        "is_in_use": true,
        "degree_type": [1, 3, 4, 5, 6, 7, 14,
            15, 16, 17, 18, 19
        ],
        "is_ccct": true,
        "is_edited": "X"
    },
    "model": "rules.rule",
    "pk": 48
}, {
    "fields": {
        "n_rule": 49,
        "is_eci": true,
        "display_order": 17,
        "label": "Notation des QRC (Questions rédactionnelles courtes)",
        "code_year": 2015,
        "is_in_use": true,
        "degree_type": [1, 3, 4, 5, 6, 7, 14,
            15, 16, 17, 18, 19
        ],
        "is_ccct": true,
        "is_edited": "X"
    },
    "model": "rules.rule",
    "pk": 49
}, {
    "fields": {
        "n_rule": 50,
        "is_eci": true,
        "display_order": 18,
        "label": "Notation des QCD (Questions à choix double)",
        "code_year": 2015,
        "is_in_use": true,
        "degree_type": [14, 15],
        "is_ccct": true,
        "is_edited": "X"
    },
    "model": "rules.rule",
    "pk": 50
}, {
    "fields": {
        "n_rule": 51,
        "is_eci": true,
        "display_order": 20,
        "label": "Jury du DAEU",
        "code_year": 2015,
        "is_in_use": true,
        "degree_type": [1],
        "is_ccct": true,
        "is_edited": "X"
    },
    "model": "rules.rule",
    "pk": 51
}, {
    "fields": {
        "n_rule": 52,
        "is_eci": false,
        "display_order": 21,
        "label": "Jurys des certificats de santé",
        "code_year": 2015,
        "is_in_use": true,
        "degree_type": [16],
        "is_ccct": true,
        "is_edited": "X"
    },
    "model": "rules.rule",
    "pk": 52
}, {
    "fields": {
        "n_rule": 53,
        "is_eci": false,
        "display_order": 21,
        "label": "Thèse d'exercice en vue du DE de docteur en pharmacie",
        "code_year": 2015,
        "is_in_use": true,
        "degree_type": [17],
        "is_ccct": true,
        "is_edited": "X"
    },
    "model": "rules.rule",
    "pk": 53
}, {
    "fields": {
        "n_rule": 54,
        "is_eci": false,
        "display_order": 21,
        "label": "Thèse d'exercice en vue du DE de docteur en médecine",
        "code_year": 2015,
        "is_in_use": true,
        "degree_type": [19],
        "is_ccct": true,
        "is_edited": "X"
    },
    "model": "rules.rule",
    "pk": 54
}, {
    "fields": {
        "n_rule": 55,
        "is_eci": false,
        "display_order": 21,
        "label": "Thèse d'exercice en vue du DE de docteur en chirurgie dentaire",
        "code_year": 2015,
        "is_in_use": true,
        "degree_type": [18],
        "is_ccct": true,
        "is_edited": "X"
    },
    "model": "rules.rule",
    "pk": 55
}, {
    "fields": {
        "n_rule": 56,
        "is_eci": true,
        "display_order": 21,
        "label": "Jury du DUT",
        "code_year": 2015,
        "is_in_use": true,
        "degree_type": [3],
        "is_ccct": true,
        "is_edited": "X"
    },
    "model": "rules.rule",
    "pk": 56
}, {
    "fields": {
        "n_rule": 57,
        "is_eci": true,
        "display_order": 26,
        "label": "Compensation en licence professionnelle",
        "code_year": 2015,
        "is_in_use": true,
        "degree_type": [6],
        "is_ccct": true,
        "is_edited": "X"
    },
    "model": "rules.rule",
    "pk": 57
}, {
    "fields": {
        "n_rule": 58,
        "is_eci": true,
        "display_order": 26,
        "label": "Compensation en DEUST",
        "code_year": 2015,
        "is_in_use": true,
        "degree_type": [4],
        "is_ccct": true,
        "is_edited": "X"
    },
    "model": "rules.rule",
    "pk": 58
}, {
    "fields": {
        "n_rule": 59,
        "is_eci": false,
        "display_order": 26,
        "label": "Compensation en DAEU (régime CC/CT)",
        "code_year": 2015,
        "is_in_use": true,
        "degree_type": [1],
        "is_ccct": true,
        "is_edited": "X"
    },
    "model": "rules.rule",
    "pk": 59
}, {
    "fields": {
        "n_rule": 60,
        "is_eci": true,
        "display_order": 26,
        "label": "Compensation en DAEU (régime ECI)",
        "code_year": 2015,
        "is_in_use": true,
        "degree_type": [1],
        "is_ccct": false,
        "is_edited": "X"
    },
    "model": "rules.rule",
    "pk": 60
}, {
    "fields": {
        "n_rule": 61,
        "is_eci": true,
        "display_order": 26,
        "label": "Compensation en DUT",
        "code_year": 2015,
        "is_in_use": true,
        "degree_type": [3],
        "is_ccct": true,
        "is_edited": "X"
    },
    "model": "rules.rule",
    "pk": 61
}, {
    "fields": {
        "n_rule": 62,
        "is_eci": true,
        "display_order": 26,
        "label": "Compensation en DFG, DFA et DE",
        "code_year": 2015,
        "is_in_use": true,
        "degree_type": [15, 16, 17, 18, 19],
        "is_ccct": true,
        "is_edited": "X"
    },
    "model": "rules.rule",
    "pk": 62
}, {
    "fields": {
        "n_rule": 63,
        "is_eci": true,
        "display_order": 30,
        "label": "Calcul de la moyenne générale en DEUST",
        "code_year": 2015,
        "is_in_use": true,
        "degree_type": [4],
        "is_ccct": true,
        "is_edited": "X"
    },
    "model": "rules.rule",
    "pk": 63
}, {
    "fields": {
        "n_rule": 64,
        "is_eci": false,
        "display_order": 30,
        "label": "Classement et validation en PACES",
        "code_year": 2015,
        "is_in_use": true,
        "degree_type": [14],
        "is_ccct": true,
        "is_edited": "X"
    },
    "model": "rules.rule",
    "pk": 64
}, {
    "fields": {
        "n_rule": 65,
        "is_eci": false,
        "display_order": 30,
        "label": "Validation du DFG",
        "code_year": 2015,
        "is_in_use": true,
        "degree_type": [15],
        "is_ccct": true,
        "is_edited": "X"
    },
    "model": "rules.rule",
    "pk": 65
}, {
    "fields": {
        "n_rule": 66,
        "is_eci": false,
        "display_order": 30,
        "label": "Validation du DFA",
        "code_year": 2015,
        "is_in_use": true,
        "degree_type": [16],
        "is_ccct": true,
        "is_edited": "X"
    },
    "model": "rules.rule",
    "pk": 66
}, {
    "fields": {
        "n_rule": 67,
        "is_eci": false,
        "display_order": 30,
        "label": "Validation du diplôme de Docteur",
        "code_year": 2015,
        "is_in_use": true,
        "degree_type": [17, 18, 19],
        "is_ccct": true,
        "is_edited": "X"
    },
    "model": "rules.rule",
    "pk": 67
}, {
    "fields": {
        "n_rule": 68,
        "is_eci": false,
        "display_order": 40,
        "label": "Conservation d'une note d'une année sur l'autre en PACES",
        "code_year": 2015,
        "is_in_use": true,
        "degree_type": [14],
        "is_ccct": true,
        "is_edited": "X"
    },
    "model": "rules.rule",
    "pk": 68
}, {
    "fields": {
        "n_rule": 69,
        "is_eci": true,
        "display_order": 41,
        "label": "Capitalisation en licence professionnelle",
        "code_year": 2015,
        "is_in_use": true,
        "degree_type": [6],
        "is_ccct": true,
        "is_edited": "X"
    },
    "model": "rules.rule",
    "pk": 69
}, {
    "fields": {
        "n_rule": 70,
        "is_eci": true,
        "display_order": 41,
        "label": "Capitalisation en DUT",
        "code_year": 2015,
        "is_in_use": true,
        "degree_type": [3],
        "is_ccct": true,
        "is_edited": "X"
    },
    "model": "rules.rule",
    "pk": 70
}, {
    "fields": {
        "n_rule": 71,
        "is_eci": false,
        "display_order": 45,
        "label": "Session d'examen en PACES",
        "code_year": 2015,
        "is_in_use": true,
        "degree_type": [14],
        "is_ccct": true,
        "is_edited": "X"
    },
    "model": "rules.rule",
    "pk": 71
}, {
    "fields": {
        "n_rule": 72,
        "is_eci": false,
        "display_order": 47,
        "label": "Epreuves de la session de rattrapage en licence (CC/CT)",
        "code_year": 2015,
        "is_in_use": true,
        "degree_type": [5, 6],
        "is_ccct": true,
        "is_edited": "X"
    },
    "model": "rules.rule",
    "pk": 72
}, {
    "fields": {
        "n_rule": 73,
        "is_eci": true,
        "display_order": 46,
        "label": "Session de rattrapage en DEUST",
        "code_year": 2015,
        "is_in_use": true,
        "degree_type": [4],
        "is_ccct": true,
        "is_edited": "X"
    },
    "model": "rules.rule",
    "pk": 73
}, {
    "fields": {
        "n_rule": 74,
        "is_eci": false,
        "display_order": 47,
        "label": "Epreuves de la session de rattrapage (CC/CT)",
        "code_year": 2015,
        "is_in_use": true,
        "degree_type": [1, 3, 4, 7],
        "is_ccct": true,
        "is_edited": "X"
    },
    "model": "rules.rule",
    "pk": 74
}, {
    "fields": {
        "n_rule": 75,
        "is_eci": false,
        "display_order": 71,
        "label": "Absence aux épreuves du concours de PACES",
        "code_year": 2015,
        "is_in_use": true,
        "degree_type": [14],
        "is_ccct": true,
        "is_edited": "X"
    },
    "model": "rules.rule",
    "pk": 75
}, {
    "fields": {
        "n_rule": 76,
        "is_eci": false,
        "display_order": 80,
        "label": "Report de note de la session principale à la session de rattrapage en DFG et DFA",
        "code_year": 2015,
        "is_in_use": true,
        "degree_type": [15, 16],
        "is_ccct": true,
        "is_edited": "X"
    },
    "model": "rules.rule",
    "pk": 76
}, {
    "fields": {
        "n_rule": 77,
        "is_eci": true,
        "display_order": 21,
        "label": "Jurys du DEUST",
        "code_year": 2015,
        "is_in_use": true,
        "degree_type": [4],
        "is_ccct": true,
        "is_edited": "X"
    },
    "model": "rules.rule",
    "pk": 77
}, {
    "fields": {
        "n_rule": 78,
        "is_eci": true,
        "display_order": 18,
        "label": "Stages",
        "code_year": 2015,
        "is_in_use": true,
        "degree_type": [1, 3, 4, 5, 6, 7, 15,
            16, 17, 18, 19
        ],
        "is_ccct": true,
        "is_edited": "X"
    },
    "model": "rules.rule",
    "pk": 78
}, {
    "fields": {
        "display_order": 1,
        "is_interaction": false,
        "text_motiv": "",
        "text_derog": "",
        "impact": [],
        "is_in_use": true,
        "is_cmp": false,
        "code_year": 2015,
        "text_standard": "<p>Le DAEU ne peut &ecirc;tre accord&eacute; qu&rsquo;aux &eacute;tudiants ne justifiant pas du baccalaur&eacute;at ou d&rsquo;un titre admis en dispense ou ne b&eacute;n&eacute;ficiant pas de la proc&eacute;dure de validation d&rsquo;acquis institu&eacute;e par le d&eacute;cret du 23 ao&ucirc;t 1985.</p>\r\n",
        "rule": [
            34
        ]
    },
    "pk": 3,
    "model": "rules.paragraph"
}, {
    "fields": {
        "display_order": 1,
        "is_interaction": false,
        "text_motiv": "",
        "text_derog": "",
        "impact": [],
        "is_in_use": true,
        "is_cmp": false,
        "code_year": 2015,
        "text_standard": "<p>Tout &eacute;tudiant peut acqu&eacute;rir les unit&eacute;s d&rsquo;enseignement constitutives de son cursus, de mani&egrave;re progressive, ann&eacute;e apr&egrave;s ann&eacute;e, quelle que soit ce nombre d&rsquo;ann&eacute;e.</p>\r\n",
        "rule": [
            1
        ]
    },
    "pk": 5,
    "model": "rules.paragraph"
}, {
    "fields": {
        "display_order": 2,
        "is_interaction": false,
        "text_motiv": "",
        "text_derog": "",
        "impact": [],
        "is_in_use": true,
        "is_cmp": false,
        "code_year": 2015,
        "text_standard": "<p>La progression de l&rsquo;&eacute;tudiant se fait conform&eacute;ment &agrave; la maquette de la formation suivie &agrave; concurrence de 30 cr&eacute;dits ECTS pour chaque semestre.</p>\r\n",
        "rule": [
            1
        ]
    },
    "pk": 8,
    "model": "rules.paragraph"
}, {
    "fields": {
        "display_order": 3,
        "is_interaction": true,
        "text_motiv": "<p>Merci d&rsquo;indiquer, pour les conseils &eacute;lus, les motifs de votre demande.</p>\r\n",
        "text_derog": "<p>Vous souhaitez demander une d&eacute;rogation pour cet alin&eacute;a.&nbsp;</p>\r\n\r\n<p>Merci de reprendre le passage pour le modifier ou y substituer le texte de l&#39;alin&eacute;a que vous souhaitez voir valider pour votre formation. <em>N&rsquo;oubliez pas de d&eacute;tailler, le cas &eacute;ch&eacute;ant, les enseignements auxquels s&rsquo;appliquent votre alin&eacute;a, et les conditions et les crit&egrave;res d&rsquo;application, ou tout autre &eacute;l&eacute;ment pertinent.</em></p>\r\n",
        "impact": [],
        "is_in_use": true,
        "is_cmp": false,
        "code_year": 2015,
        "text_standard": "<p>Pour acc&eacute;der &agrave; l&rsquo;ann&eacute;e sup&eacute;rieure, l&rsquo;&eacute;tudiant doit avoir valid&eacute; les deux semestres de l&rsquo;ann&eacute;e en cours.</p>\r\n\r\n<p>Toutefois un &eacute;tudiant n&rsquo;ayant pas valid&eacute; son ann&eacute;e, mais <strong>ayant acquis au moins 24 cr&eacute;dits ECTS sur 30 pour chacun des deux semestres,</strong> est autoris&eacute; &agrave; s&rsquo;inscrire en ann&eacute;e sup&eacute;rieure. L&rsquo;acquisition des &eacute;l&eacute;ments en dette dans l&rsquo;ann&eacute;e non valid&eacute;e est prioritaire.</p>\r\n",
        "rule": [
            1
        ]
    },
    "pk": 9,
    "model": "rules.paragraph"
}, {
    "fields": {
        "display_order": 4,
        "is_interaction": false,
        "text_motiv": "",
        "text_derog": "",
        "impact": [],
        "is_in_use": true,
        "is_cmp": false,
        "code_year": 2015,
        "text_standard": "<p>Par d&eacute;rogation aux principes &eacute;nonc&eacute;s ci-dessus, l&rsquo;&eacute;tudiant n&rsquo;ayant pas valid&eacute; son ann&eacute;e peut &ecirc;tre autoris&eacute; &agrave; suivre par anticipation des &eacute;l&eacute;ments p&eacute;dagogiques de l&rsquo;ann&eacute;e sup&eacute;rieure. Il reste exclusivement inscrit dans l&rsquo;ann&eacute;e non valid&eacute;e, et les &eacute;l&eacute;ments p&eacute;dagogiques suivis dans l&rsquo;ann&eacute;e sup&eacute;rieure font l&rsquo;objet d&rsquo;un contrat sign&eacute; par le responsable p&eacute;dagogique et par l&rsquo;&eacute;tudiant. Dans ce cas, la somme totale en ECTS des UE suivies ne pourra pas, par d&eacute;faut, exc&eacute;der 30 ECTS par semestre. Le responsable p&eacute;dagogique informe le service de scolarit&eacute; des contrats &eacute;tablis. Lors de son inscription p&eacute;dagogique, l&rsquo;&eacute;tudiant pr&eacute;sente obligatoirement le contrat p&eacute;dagogique sign&eacute;.</p>\r\n",
        "rule": [
            1
        ]
    },
    "pk": 10,
    "model": "rules.paragraph"
}, {
    "fields": {
        "display_order": 5,
        "is_interaction": false,
        "text_motiv": "",
        "text_derog": "",
        "impact": [],
        "is_in_use": true,
        "is_cmp": false,
        "code_year": 2015,
        "text_standard": "<p>Un &eacute;tudiant ne peut en aucun cas &ecirc;tre inscrit en troisi&egrave;me ann&eacute;e de licence s&rsquo;il n&rsquo;a pas valid&eacute; la premi&egrave;re ann&eacute;e de licence.</p>\r\n",
        "rule": [
            1
        ]
    },
    "pk": 11,
    "model": "rules.paragraph"
}, {
    "fields": {
        "display_order": 1,
        "is_interaction": false,
        "text_motiv": "",
        "text_derog": "",
        "impact": [],
        "is_in_use": true,
        "is_cmp": false,
        "code_year": 2015,
        "text_standard": "<p>L&rsquo;acc&egrave;s en premi&egrave;re ann&eacute;e de Master en vue d&rsquo;obtenir les 60 premiers cr&eacute;dits est de droit pour l&rsquo;&eacute;tudiant titulaire de la licence dans un domaine compatible.</p>\r\n",
        "rule": [
            2
        ]
    },
    "pk": 12,
    "model": "rules.paragraph"
}, {
    "fields": {
        "display_order": 2,
        "is_interaction": false,
        "text_motiv": "",
        "text_derog": "",
        "impact": [],
        "is_in_use": true,
        "is_cmp": false,
        "code_year": 2015,
        "text_standard": "<p>L&rsquo;admission en 2&egrave;me ann&eacute;e de master est prononc&eacute;e par le pr&eacute;sident sur proposition de la commission p&eacute;dagogique comp&eacute;tente pour la formation, sous r&eacute;serve d&rsquo;avoir valid&eacute; les 60 premiers cr&eacute;dits correspondant aux deux semestres de la premi&egrave;re ann&eacute;e de master.</p>\r\n",
        "rule": [
            2
        ]
    },
    "pk": 13,
    "model": "rules.paragraph"
}, {
    "fields": {
        "display_order": 3,
        "is_interaction": true,
        "text_motiv": "<p>Merci d&rsquo;indiquer, pour les conseils &eacute;lus, les motifs de votre demande.</p>\r\n",
        "text_derog": "<p>Vous souhaitez demander une d&eacute;rogation pour cet alin&eacute;a.</p>\r\n\r\n<p>Merci de reprendre le passage pour le modifier ou y substituer le texte de l&rsquo;alin&eacute;a que vous souhaitez voir valider pour votre formation. <em>N&rsquo;oubliez pas de d&eacute;tailler, le cas &eacute;ch&eacute;ant, les enseignements auxquels s&rsquo;appliquent votre alin&eacute;a, et les conditions et les crit&egrave;res d&rsquo;application, ou tout autre &eacute;l&eacute;ment pertinent.</em></p>\r\n",
        "impact": [],
        "is_in_use": true,
        "is_cmp": false,
        "code_year": 2015,
        "text_standard": "<p><strong>L&rsquo;&eacute;tudiant n&rsquo;ayant pas valid&eacute; sa premi&egrave;re ann&eacute;e de master peut exceptionnellement &ecirc;tre autoris&eacute; &agrave; suivre des &eacute;l&eacute;ments p&eacute;dagogiques de la deuxi&egrave;me ann&eacute;e. Il reste exclusivement inscrit dans la premi&egrave;re ann&eacute;e non valid&eacute;e. Cette autorisation ne pr&eacute;juge pas de la d&eacute;cision d&rsquo;admission en deuxi&egrave;me ann&eacute;e de master. </strong></p>\r\n",
        "rule": [
            2
        ]
    },
    "pk": 14,
    "model": "rules.paragraph"
}, {
    "fields": {
        "display_order": 4,
        "is_interaction": false,
        "text_motiv": "",
        "text_derog": "",
        "impact": [],
        "is_in_use": true,
        "is_cmp": false,
        "code_year": 2015,
        "text_standard": "<p>Deux inscriptions sont autoris&eacute;es en premi&egrave;re ann&eacute;e de Master.</p>\r\n\r\n<p>La limitation &agrave; deux inscriptions n&rsquo;est pas opposable aux &eacute;tudiants qui, ayant obtenu un Master, souhaitent acqu&eacute;rir des comp&eacute;tences compl&eacute;mentaires dans d&rsquo;autres Masters habilit&eacute;s.</p>\r\n\r\n<p>Lorsqu&rsquo;un &eacute;tudiant est d&eacute;clar&eacute; ajourn&eacute; au Master, le jury de Master peut l&rsquo;autoriser &agrave; se r&eacute;inscrire en deuxi&egrave;me ann&eacute;e de Master.</p>\r\n",
        "rule": [
            2
        ]
    },
    "pk": 15,
    "model": "rules.paragraph"
}, {
    "fields": {
        "display_order": 2,
        "is_interaction": false,
        "text_motiv": "",
        "text_derog": "",
        "impact": [],
        "is_in_use": true,
        "is_cmp": false,
        "code_year": 2015,
        "text_standard": "<p>L&rsquo;&eacute;tudiant peut acqu&eacute;rir les UE constitutives du DAEU dans un d&eacute;lai ne pouvant exc&eacute;der quatre ann&eacute;es entre la premi&egrave;re inscription au dipl&ocirc;me et l&rsquo;obtention de celui-ci. Pour le calcul de cette dur&eacute;e, les inscriptions prises aupr&egrave;s d&rsquo;universit&eacute;s diff&eacute;rentes se cumulent. Un candidat ne peut s&rsquo;inscrire &agrave; la formation que dans un seul &eacute;tablissement chaque ann&eacute;e.</p>\r\n",
        "rule": [
            34
        ]
    },
    "pk": 16,
    "model": "rules.paragraph"
}, {
    "fields": {
        "display_order": 3,
        "is_interaction": false,
        "text_motiv": "",
        "text_derog": "",
        "impact": [],
        "is_in_use": true,
        "is_cmp": false,
        "code_year": 2015,
        "text_standard": "<p>Dans le cadre de l&rsquo;examen terminal, lors de sessions annuelles successives, les &eacute;preuves subis avec succ&egrave;s dans le premier &eacute;tablissement sont valid&eacute;es par d&eacute;cision du pr&eacute;sent de l&rsquo;universit&eacute;.</p>\r\n",
        "rule": [
            34
        ]
    },
    "pk": 17,
    "model": "rules.paragraph"
}, {
    "fields": {
        "display_order": 4,
        "is_interaction": false,
        "text_motiv": "",
        "text_derog": "",
        "impact": [],
        "is_in_use": true,
        "is_cmp": false,
        "code_year": 2015,
        "text_standard": "<p>A titre exceptionnel, un d&eacute;lai suppl&eacute;mentaire d&rsquo;une ann&eacute;e peut &ecirc;tre accord&eacute; par le pr&eacute;sident de l&rsquo;universit&eacute;, en cas de demande d&rsquo;inscription &agrave; l&rsquo;Universit&eacute; de Strasbourg</p>\r\n",
        "rule": [
            34
        ]
    },
    "pk": 18,
    "model": "rules.paragraph"
}, {
    "fields": {
        "display_order": 1,
        "is_interaction": false,
        "text_motiv": "",
        "text_derog": "",
        "impact": [],
        "is_in_use": true,
        "is_cmp": false,
        "code_year": 2015,
        "text_standard": "<p>La validation de chaque UE et de chaque semestre emporte l&rsquo;acquisition des cr&eacute;dits europ&eacute;ens correspondants.</p>\r\n",
        "rule": [
            35
        ]
    },
    "pk": 19,
    "model": "rules.paragraph"
}, {
    "fields": {
        "display_order": 2,
        "is_interaction": false,
        "text_motiv": "",
        "text_derog": "",
        "impact": [],
        "is_in_use": true,
        "is_cmp": false,
        "code_year": 2015,
        "text_standard": "<p>La poursuite d&rsquo;&eacute;tudes dans un nouveau semestre est de droit pour tout &eacute;tudiant &agrave; qui ne manque au maximum que la validation d&rsquo;un seul semestre de son cursus.</p>\r\n",
        "rule": [
            35
        ]
    },
    "pk": 20,
    "model": "rules.paragraph"
}, {
    "fields": {
        "display_order": 3,
        "is_interaction": false,
        "text_motiv": "",
        "text_derog": "",
        "impact": [],
        "is_in_use": true,
        "is_cmp": false,
        "code_year": 2015,
        "text_standard": "<p style=\"margin-left:1.85pt\">Le redoublement est de droit dans les cas o&ugrave;&nbsp;:</p>\r\n\r\n<ul>\r\n\t<li>L&rsquo;&eacute;tudiant a obtenu la moyenne g&eacute;n&eacute;rale mais pas une moyenne au moins &eacute;gale &agrave; 8/20 &agrave; chaque UE et/ou la validation des semestres pr&eacute;c&eacute;dents, lorsqu&rsquo;ils existent&nbsp;;</li>\r\n\t<li>L&rsquo;&eacute;tudiant a b&eacute;n&eacute;fici&eacute; d&rsquo;une compensation gr&acirc;ce &agrave; l&rsquo;un des deux semestres de l&rsquo;ann&eacute;e universitaire pour pouvoir la valider.</li>\r\n</ul>\r\n",
        "rule": [
            35
        ]
    },
    "pk": 21,
    "model": "rules.paragraph"
}, {
    "fields": {
        "display_order": 4,
        "is_interaction": false,
        "text_motiv": "",
        "text_derog": "",
        "impact": [],
        "is_in_use": true,
        "is_cmp": false,
        "code_year": 2015,
        "text_standard": "<p>En outre, l&rsquo;&eacute;tudiant peut &ecirc;tre autoris&eacute; &agrave; redoubler par d&eacute;cision du directeur de l&#39;IUT, sur proposition du jury d&rsquo;ann&eacute;e ou du jury de dipl&ocirc;me.</p>\r\n",
        "rule": [
            35
        ]
    },
    "pk": 22,
    "model": "rules.paragraph"
}, {
    "fields": {
        "display_order": 5,
        "is_interaction": false,
        "text_motiv": "",
        "text_derog": "",
        "impact": [],
        "is_in_use": true,
        "is_cmp": false,
        "code_year": 2015,
        "text_standard": "<p style=\"margin-left:1.85pt\">Durant la totalit&eacute; du cursus conduisant &agrave; la d&eacute;livrance du DUT, l&rsquo;&eacute;tudiant ne peut &ecirc;tre autoris&eacute; &agrave; redoubler plus de deux semestres. En cas de force majeur d&ucirc;ment justifi&eacute;e et appr&eacute;ci&eacute;e par le directeur de l&rsquo;IUT, un redoublement suppl&eacute;mentaire peut &ecirc;tre autoris&eacute;.</p>\r\n\r\n<p>La d&eacute;cision d&eacute;finitive refusant l&rsquo;autorisation de redoubler est prise apr&egrave;s avoir entendu l&rsquo;&eacute;tudiant &agrave; sa demande. Elle doit &ecirc;tre motiv&eacute;e et assortie de conseils d&rsquo;orientation.</p>\r\n",
        "rule": [
            35
        ]
    },
    "pk": 23,
    "model": "rules.paragraph"
}, {
    "fields": {
        "display_order": 1,
        "is_interaction": false,
        "text_motiv": "",
        "text_derog": "",
        "impact": [],
        "is_in_use": true,
        "is_cmp": false,
        "code_year": 2015,
        "text_standard": "<p>L&rsquo;inscription en 1&egrave;re ann&eacute;e de DEUST est accord&eacute;e par la commission p&eacute;dagogique de la composante apr&egrave;s s&eacute;lection des candidats. Chaque ann&eacute;e universitaire, celle-ci &eacute;tablit la liste des admis &agrave; s&rsquo;inscrire dans cette formation dans la limite des places disponibles.</p>\r\n",
        "rule": [
            36
        ]
    },
    "pk": 24,
    "model": "rules.paragraph"
}, {
    "fields": {
        "display_order": 2,
        "is_interaction": false,
        "text_motiv": "",
        "text_derog": "",
        "impact": [],
        "is_in_use": true,
        "is_cmp": false,
        "code_year": 2015,
        "text_standard": "<p>Les &eacute;tudiants peuvent prendre au total trois inscriptions annuelles en vue de la validation du dipl&ocirc;me. Une ou, exceptionnellement, deux inscriptions suppl&eacute;mentaires peuvent &ecirc;tre accord&eacute;es par le pr&eacute;sident de l&rsquo;universit&eacute; sur proposition d&rsquo;une commission p&eacute;dagogique constitu&eacute;e &agrave; cet effet.</p>\r\n",
        "rule": [
            36
        ]
    },
    "pk": 25,
    "model": "rules.paragraph"
}, {
    "fields": {
        "display_order": 3,
        "is_interaction": false,
        "text_motiv": "",
        "text_derog": "",
        "impact": [],
        "is_in_use": true,
        "is_cmp": false,
        "code_year": 2015,
        "text_standard": "<p style=\"margin-left:1.7pt\">La progression de l&rsquo;&eacute;tudiant se fait conform&eacute;ment &agrave; la maquette de la formation suivie &agrave; concurrence de 30 cr&eacute;dits ECTS pour chaque semestre.</p>\r\n",
        "rule": [
            36
        ]
    },
    "pk": 26,
    "model": "rules.paragraph"
}, {
    "fields": {
        "display_order": 4,
        "is_interaction": true,
        "text_motiv": "",
        "text_derog": "<p>Veuillez d&eacute;crire les r&egrave;gles de progression en ann&eacute;e sup&eacute;rieure ainsi que les r&egrave;gles pour le redoublement.</p>\r\n",
        "impact": [],
        "is_in_use": true,
        "is_cmp": true,
        "code_year": 2015,
        "text_standard": "<p>Alin&eacute;a de composante &ndash; Progression en ann&eacute;e sup&eacute;rieure et redoublement</p>\r\n",
        "rule": [
            36
        ]
    },
    "pk": 27,
    "model": "rules.paragraph"
}, {
    "fields": {
        "display_order": 1,
        "is_interaction": false,
        "text_motiv": "",
        "text_derog": "",
        "impact": [],
        "is_in_use": true,
        "is_cmp": false,
        "code_year": 2015,
        "text_standard": "<p>Afin d&rsquo;assurer des conditions d&rsquo;&eacute;tudes optimales, la capacit&eacute; d&rsquo;accueil en premi&egrave;re ann&eacute;e commune d&rsquo;&eacute;tudes de sant&eacute; (PACES) est contingent&eacute;e &agrave; l&rsquo;Universit&eacute; de Strasbourg, conform&eacute;ment &agrave; l&rsquo;article L 612-3 du code l&rsquo;&eacute;ducation.</p>\r\n\r\n<p>Tous les candidats de l&rsquo;acad&eacute;mie de Strasbourg et ceux dont les parents r&eacute;sident dans les d&eacute;partements du Haut-Rhin et du Bas-Rhin, bacheliers n&rsquo;ayant jamais &eacute;t&eacute; inscrits dans l&rsquo;enseignement sup&eacute;rieur ou futurs bacheliers de l&rsquo;ann&eacute;e, seront admis de droit en premi&egrave;re ann&eacute;e commune des &eacute;tudes de sant&eacute; (PACES).</p>\r\n",
        "rule": [
            37
        ]
    },
    "pk": 28,
    "model": "rules.paragraph"
}, {
    "fields": {
        "display_order": 2,
        "is_interaction": false,
        "text_motiv": "",
        "text_derog": "",
        "impact": [],
        "is_in_use": true,
        "is_cmp": false,
        "code_year": 2015,
        "text_standard": "<p>Les candidats hors acad&eacute;mie de Strasbourg ou les &eacute;tudiants souhaitant une r&eacute;orientation devront faire une demande de d&eacute;rogation.</p>\r\n",
        "rule": [
            37
        ]
    },
    "pk": 29,
    "model": "rules.paragraph"
}, {
    "fields": {
        "display_order": 1,
        "is_interaction": false,
        "text_motiv": "",
        "text_derog": "",
        "impact": [],
        "is_in_use": true,
        "is_cmp": false,
        "code_year": 2015,
        "text_standard": "<p>Hors dispositif pr&eacute;vu par arr&ecirc;t&eacute;, l&rsquo;acc&egrave;s est limit&eacute; par un <em>numerus clausus</em> propre &agrave; chaque fili&egrave;re (m&eacute;decine, pharmacie, odontologie et ma&iuml;eutique).</p>\r\n",
        "rule": [
            38
        ]
    },
    "pk": 30,
    "model": "rules.paragraph"
}, {
    "fields": {
        "display_order": 2,
        "is_interaction": false,
        "text_motiv": "",
        "text_derog": "",
        "impact": [],
        "is_in_use": true,
        "is_cmp": false,
        "code_year": 2015,
        "text_standard": "<p>Hors dispositif pr&eacute;vu par arr&ecirc;t&eacute;, pour &ecirc;tre admis au dipl&ocirc;me de formation g&eacute;n&eacute;rale (DFG) en sciences pharmaceutiques, m&eacute;dicales, odontologiques ou ma&iuml;eutiques, les candidats doivent figurer en rang utile sur la liste des classements correspondant &agrave; la fili&egrave;re de sant&eacute; choisie.</p>\r\n",
        "rule": [
            38
        ]
    },
    "pk": 31,
    "model": "rules.paragraph"
}, {
    "fields": {
        "display_order": 3,
        "is_interaction": true,
        "text_motiv": "<p>Merci d&rsquo;indiquer, pour les conseils &eacute;lus, les motifs de votre demande.</p>\r\n",
        "text_derog": "<p>Vous souhaitez demander une d&eacute;rogation pour cet alin&eacute;a.</p>\r\n\r\n<p>Merci de reprendre le passage pour le modifier ou y substituer le texte de l&rsquo;alin&eacute;a que vous souhaitez voir valider pour votre formation. <em>N&rsquo;oubliez pas de d&eacute;tailler, le cas &eacute;ch&eacute;ant, les enseignements auxquels s&rsquo;appliquent votre alin&eacute;a, et les conditions et les crit&egrave;res d&rsquo;application, ou tout autre &eacute;l&eacute;ment pertinent. pertinent.</em></p>\r\n",
        "impact": [],
        "is_in_use": true,
        "is_cmp": false,
        "code_year": 2015,
        "text_standard": "<p>Pour acc&eacute;der &agrave; l&rsquo;ann&eacute;e sup&eacute;rieure, l&rsquo;&eacute;tudiant doit avoir valid&eacute; les deux semestres de l&rsquo;ann&eacute;e en cours et les stages aff&eacute;rents.</p>\r\n",
        "rule": [
            38
        ]
    },
    "pk": 32,
    "model": "rules.paragraph"
}, {
    "fields": {
        "display_order": 4,
        "is_interaction": false,
        "text_motiv": "",
        "text_derog": "",
        "impact": [],
        "is_in_use": true,
        "is_cmp": false,
        "code_year": 2015,
        "text_standard": "<p>Par d&eacute;rogation aux principes &eacute;nonc&eacute;s ci-dessus, l&rsquo;&eacute;tudiant n&rsquo;ayant pas valid&eacute; son ann&eacute;e peut &ecirc;tre autoris&eacute; &agrave; suivre par anticipation des &eacute;l&eacute;ments p&eacute;dagogiques de l&rsquo;ann&eacute;e sup&eacute;rieure. Il reste exclusivement inscrit dans l&rsquo;ann&eacute;e non valid&eacute;e, et les &eacute;l&eacute;ments p&eacute;dagogiques suivis dans l&rsquo;ann&eacute;e sup&eacute;rieure font l&rsquo;objet d&rsquo;un contrat sign&eacute; par le responsable p&eacute;dagogique et par l&rsquo;&eacute;tudiant. Le responsable p&eacute;dagogique informe le service de scolarit&eacute; des contrats &eacute;tablis. Lors de son inscription p&eacute;dagogique, l&rsquo;&eacute;tudiant pr&eacute;sente obligatoirement le contrat p&eacute;dagogique sign&eacute;.</p>\r\n",
        "rule": [
            38
        ]
    },
    "pk": 33,
    "model": "rules.paragraph"
}, {
    "fields": {
        "display_order": 1,
        "is_interaction": false,
        "text_motiv": "",
        "text_derog": "",
        "impact": [],
        "is_in_use": true,
        "is_cmp": false,
        "code_year": 2015,
        "text_standard": "<p>Peuvent s&rsquo;inscrire au dipl&ocirc;me de formation approfondie (DFA), les &eacute;tudiants titulaires du dipl&ocirc;me de formation g&eacute;n&eacute;rale (DFG)&nbsp; de la m&ecirc;me fili&egrave;re.</p>\r\n",
        "rule": [
            39
        ]
    },
    "pk": 34,
    "model": "rules.paragraph"
}, {
    "fields": {
        "display_order": 2,
        "is_interaction": true,
        "text_motiv": "<p>Merci d&rsquo;indiquer, pour les conseils &eacute;lus, les motifs de votre demande.</p>\r\n",
        "text_derog": "<p>Vous souhaitez demander une d&eacute;rogation pour cet alin&eacute;a.</p>\r\n\r\n<p>Merci de reprendre le passage pour le modifier ou y substituer le texte de l&rsquo;alin&eacute;a que vous souhaitez voir valider pour votre formation. <em>N&rsquo;oubliez pas de d&eacute;tailler, le cas &eacute;ch&eacute;ant, les enseignements auxquels s&rsquo;appliquent votre alin&eacute;a, et les conditions et les crit&egrave;res d&rsquo;application, ou tout autre &eacute;l&eacute;ment pertinent.</em></p>\r\n",
        "impact": [],
        "is_in_use": true,
        "is_cmp": false,
        "code_year": 2015,
        "text_standard": "<p>Pour acc&eacute;der &agrave; l&rsquo;ann&eacute;e sup&eacute;rieure, l&rsquo;&eacute;tudiant doit avoir valid&eacute; les deux semestres de l&rsquo;ann&eacute;e en cours et les stages aff&eacute;rents.</p>\r\n",
        "rule": [
            39
        ]
    },
    "pk": 35,
    "model": "rules.paragraph"
}, {
    "fields": {
        "display_order": 3,
        "is_interaction": false,
        "text_motiv": "",
        "text_derog": "",
        "impact": [],
        "is_in_use": true,
        "is_cmp": false,
        "code_year": 2015,
        "text_standard": "<p>Par d&eacute;rogation aux principes &eacute;nonc&eacute;s ci-dessus, l&rsquo;&eacute;tudiant n&rsquo;ayant pas valid&eacute; son ann&eacute;e peut &ecirc;tre autoris&eacute; &agrave; suivre par anticipation des &eacute;l&eacute;ments p&eacute;dagogiques de l&rsquo;ann&eacute;e sup&eacute;rieure. Il reste exclusivement inscrit dans l&rsquo;ann&eacute;e non valid&eacute;e, et les &eacute;l&eacute;ments p&eacute;dagogiques suivis dans l&rsquo;ann&eacute;e sup&eacute;rieure font l&rsquo;objet d&rsquo;un contrat sign&eacute; par le responsable p&eacute;dagogique et par l&rsquo;&eacute;tudiant. Le responsable p&eacute;dagogique informe le service de scolarit&eacute; des contrats &eacute;tablis. Lors de son inscription p&eacute;dagogique, l&rsquo;&eacute;tudiant pr&eacute;sente obligatoirement le contrat p&eacute;dagogique sign&eacute;.</p>\r\n",
        "rule": [
            39
        ]
    },
    "pk": 36,
    "model": "rules.paragraph"
}, {
    "fields": {
        "display_order": 1,
        "is_interaction": false,
        "text_motiv": "",
        "text_derog": "",
        "impact": [],
        "is_in_use": true,
        "is_cmp": false,
        "code_year": 2015,
        "text_standard": "<p>Nul ne peut &ecirc;tre autoris&eacute; &agrave; prendre plus de deux inscriptions en premi&egrave;re ann&eacute;e commune des &eacute;tudes de sant&eacute; (PACES).</p>\r\n",
        "rule": [
            41
        ]
    },
    "pk": 37,
    "model": "rules.paragraph"
}, {
    "fields": {
        "display_order": 1,
        "is_interaction": false,
        "text_motiv": "",
        "text_derog": "",
        "impact": [],
        "is_in_use": true,
        "is_cmp": false,
        "code_year": 2015,
        "text_standard": "<p style=\"margin-left:8.8pt\">Elle consiste &agrave; inscrire un &eacute;tudiant dans l&rsquo;une des formations propos&eacute;es par l&rsquo;universit&eacute;. Ce processus annuel et obligatoire implique la collecte des donn&eacute;es administratives n&eacute;cessaires concernant l&rsquo;&eacute;tudiant, le paiement des droits, la d&eacute;termination du statut de l&rsquo;&eacute;tudiant et de sa situation par rapport &agrave; sa couverture sociale.</p>\r\n\r\n<p style=\"margin-left:8.8pt\">L&rsquo;inscription administrative s&rsquo;effectue conform&eacute;ment au calendrier adopt&eacute; annuellement par le CA apr&egrave;s avis de la CFVU.</p>\r\n",
        "rule": [
            3
        ]
    },
    "pk": 38,
    "model": "rules.paragraph"
}, {
    "fields": {
        "display_order": 1,
        "is_interaction": false,
        "text_motiv": "",
        "text_derog": "",
        "impact": [],
        "is_in_use": true,
        "is_cmp": false,
        "code_year": 2015,
        "text_standard": "<p>Le troisi&egrave;me cycle est accessible aux &eacute;tudiants ayant obtenu le dipl&ocirc;me de formation approfondie de la m&ecirc;me fili&egrave;re.</p>\r\n",
        "rule": [
            40
        ]
    },
    "pk": 39,
    "model": "rules.paragraph"
}, {
    "fields": {
        "display_order": 2,
        "is_interaction": false,
        "text_motiv": "",
        "text_derog": "",
        "impact": [],
        "is_in_use": true,
        "is_cmp": false,
        "code_year": 2015,
        "text_standard": "<p>Une d&eacute;rogation peut &ecirc;tre accord&eacute;e par le pr&eacute;sident de l&rsquo;universit&eacute; sur proposition du directeur de composante.</p>\r\n\r\n<p>Ces d&eacute;rogations ne peuvent exc&eacute;der chaque ann&eacute;e 8 % du nombre de places attribu&eacute;es r&eacute;glementairement &agrave; l&rsquo;&eacute;tablissement, en vue de l&rsquo;admission au dipl&ocirc;me de formation g&eacute;n&eacute;rale en sciences m&eacute;dicales, pharmaceutiques, odontologiques et ma&iuml;eutiques.</p>\r\n",
        "rule": [
            41
        ]
    },
    "pk": 40,
    "model": "rules.paragraph"
}, {
    "fields": {
        "display_order": 1,
        "is_interaction": false,
        "text_motiv": "",
        "text_derog": "",
        "impact": [],
        "is_in_use": true,
        "is_cmp": false,
        "code_year": 2015,
        "text_standard": "<p>Aucun &eacute;tudiant ne peut &ecirc;tre autoris&eacute; &agrave; prendre plus de cinq inscriptions au cours du DFA en sciences pharmaceutiques ou odontologiques ou ma&iuml;eutiques ou plus de six inscriptions au cours du DFA en sciences m&eacute;dicales.. Chaque ann&eacute;e d&rsquo;&eacute;tudes ne peut faire l&rsquo;objet de plus de trois inscriptions.</p>\r\n",
        "rule": [
            42
        ]
    },
    "pk": 41,
    "model": "rules.paragraph"
}, {
    "fields": {
        "display_order": 2,
        "is_interaction": false,
        "text_motiv": "",
        "text_derog": "",
        "impact": [],
        "is_in_use": true,
        "is_cmp": false,
        "code_year": 2015,
        "text_standard": "<p>Une d&eacute;rogation exceptionnelle peut &ecirc;tre accord&eacute;e par le pr&eacute;sident de l&rsquo;universit&eacute; sur proposition du directeur de composante.</p>\r\n",
        "rule": [
            42
        ]
    },
    "pk": 42,
    "model": "rules.paragraph"
}, {
    "fields": {
        "display_order": 1,
        "is_interaction": false,
        "text_motiv": "",
        "text_derog": "",
        "impact": [],
        "is_in_use": true,
        "is_cmp": false,
        "code_year": 2015,
        "text_standard": "<p>L&rsquo;&eacute;tudiant peut s&rsquo;inscrire au plus trois fois pour soutenir sa th&egrave;se en m&eacute;decine, apr&egrave;s l&rsquo;obtention du dipl&ocirc;me d&rsquo;&eacute;tudes sp&eacute;cialis&eacute; (DES) ou d&rsquo;un titre &eacute;quivalent.</p>\r\n",
        "rule": [
            43
        ]
    },
    "pk": 43,
    "model": "rules.paragraph"
}, {
    "fields": {
        "display_order": 2,
        "is_interaction": false,
        "text_motiv": "",
        "text_derog": "",
        "impact": [],
        "is_in_use": true,
        "is_cmp": false,
        "code_year": 2015,
        "text_standard": "<p>Une d&eacute;rogation exceptionnelle &agrave; ce d&eacute;lai &nbsp;peut &ecirc;tre accord&eacute;e par le pr&eacute;sident de l&rsquo;universit&eacute; sur proposition du directeur de composante.</p>\r\n",
        "rule": [
            43
        ]
    },
    "pk": 44,
    "model": "rules.paragraph"
}, {
    "fields": {
        "display_order": 1,
        "is_interaction": false,
        "text_motiv": "",
        "text_derog": "",
        "impact": [],
        "is_in_use": true,
        "is_cmp": false,
        "code_year": 2015,
        "text_standard": "<p>Les &eacute;tudiants soutiennent au cours du troisi&egrave;me cycle court ou, au plus tard, dans un d&eacute;lai de deux ans apr&egrave;s la validation du troisi&egrave;me cycle court une th&egrave;se devant un jury.</p>\r\n",
        "rule": [
            44
        ]
    },
    "pk": 45,
    "model": "rules.paragraph"
}, {
    "fields": {
        "display_order": 2,
        "is_interaction": false,
        "text_motiv": "",
        "text_derog": "",
        "impact": [],
        "is_in_use": true,
        "is_cmp": false,
        "code_year": 2015,
        "text_standard": "<p>Une d&eacute;rogation exceptionnelle &agrave; ce d&eacute;lai peut &ecirc;tre accord&eacute;e par le pr&eacute;sident de l&rsquo;universit&eacute; sur proposition du directeur de composante.</p>\r\n",
        "rule": [
            44
        ]
    },
    "pk": 46,
    "model": "rules.paragraph"
}, {
    "fields": {
        "display_order": 1,
        "is_interaction": false,
        "text_motiv": "",
        "text_derog": "",
        "impact": [],
        "is_in_use": true,
        "is_cmp": false,
        "code_year": 2015,
        "text_standard": "<p>L&rsquo;&eacute;tudiant qui n&rsquo;a pas soutenu &agrave; la fin du troisi&egrave;me cycle court doit se r&eacute;inscrire afin de soutenir avant la fin de l&rsquo;ann&eacute;e civile en cours.</p>\r\n",
        "rule": [
            45
        ]
    },
    "pk": 47,
    "model": "rules.paragraph"
}, {
    "fields": {
        "display_order": 2,
        "is_interaction": false,
        "text_motiv": "",
        "text_derog": "",
        "impact": [],
        "is_in_use": true,
        "is_cmp": false,
        "code_year": 2015,
        "text_standard": "<p>Une d&eacute;rogation exceptionnelle &agrave; ce d&eacute;lai peut &ecirc;tre accord&eacute;e par le pr&eacute;sident de l&rsquo;universit&eacute; sur proposition du directeur de composante.</p>\r\n",
        "rule": [
            45
        ]
    },
    "pk": 48,
    "model": "rules.paragraph"
}, {
    "fields": {
        "display_order": 1,
        "is_interaction": false,
        "text_motiv": "",
        "text_derog": "",
        "impact": [],
        "is_in_use": true,
        "is_cmp": false,
        "code_year": 2015,
        "text_standard": "<p style=\"margin-left:1.7pt\">L&rsquo;inscription p&eacute;dagogique consiste pour un &eacute;tudiant &agrave; s&rsquo;inscrire aux diff&eacute;rents enseignements de la formation en fonction de la maquette, de ses souhaits et de ses acquis.</p>\r\n\r\n<p style=\"margin-left:1.7pt\">Elle s&rsquo;effectue conform&eacute;ment au calendrier adopt&eacute; annuellement par le CA apr&egrave;s avis de la CFVU.</p>\r\n\r\n<p>Elle est obligatoire. En l&rsquo;absence d&rsquo;inscription p&eacute;dagogique, l&rsquo;&eacute;tudiant n&rsquo;est pas autoris&eacute; &agrave; se pr&eacute;senter aux &eacute;preuves d&rsquo;&eacute;valuation.</p>\r\n",
        "rule": [
            4
        ]
    },
    "pk": 49,
    "model": "rules.paragraph"
}, {
    "fields": {
        "display_order": 1,
        "is_interaction": false,
        "text_motiv": "",
        "text_derog": "",
        "impact": [],
        "is_in_use": true,
        "is_cmp": false,
        "code_year": 2015,
        "text_standard": "<p>L&rsquo;inscription p&eacute;dagogique dans une ou plusieurs fili&egrave;res post-PACES est <strong>obligatoire</strong> au d&eacute;but du deuxi&egrave;me semestre pour participer au <strong>classement de chaque</strong> <strong>concours</strong> arr&ecirc;t&eacute; selon le nombre de places offertes (<em>numerus clausus</em>).</p>\r\n\r\n<p>Dans le cas contraire, le candidat n&rsquo;est pas autoris&eacute; &agrave; se pr&eacute;senter aux examens. Il est alors d&eacute;clar&eacute; ajourn&eacute;.</p>\r\n",
        "rule": [
            46
        ]
    },
    "pk": 50,
    "model": "rules.paragraph"
}, {
    "fields": {
        "display_order": 1,
        "is_interaction": true,
        "text_motiv": "",
        "text_derog": "<p><strong>Vous souhaitez mettre en place un contr&ocirc;le d&rsquo;assiduit&eacute; au sein des enseignements de votre formation. Merci de le d&eacute;tailler en ajoutant vos pr&eacute;cisions au texte ci-dessous. <em>N&rsquo;oubliez pas&nbsp;d&rsquo;indiquer les enseignements concern&eacute;s (CM, CI, TD, TP), le nombre d&rsquo;absence tol&eacute;r&eacute;es, et la sanction ou les cons&eacute;quences d&rsquo;une absence excessive.</em></strong></p>\r\n",
        "impact": [],
        "is_in_use": true,
        "is_cmp": true,
        "code_year": 2015,
        "text_standard": "<p>Alin&eacute;a de composante &ndash; Contr&ocirc;le d&rsquo;assiduit&eacute;</p>\r\n",
        "rule": [
            5
        ]
    },
    "pk": 51,
    "model": "rules.paragraph"
}, {
    "fields": {
        "display_order": 2,
        "is_interaction": false,
        "text_motiv": "",
        "text_derog": "",
        "impact": [],
        "is_in_use": true,
        "is_cmp": false,
        "code_year": 2015,
        "text_standard": "<p style=\"margin-left:1.7pt\">Les &eacute;tudiants boursiers sont tenus &agrave; l&rsquo;assiduit&eacute; en cours (CM, TD, TP, &hellip;).</p>\r\n\r\n<p>Les &eacute;tudiants relevant d&rsquo;un profil sp&eacute;cifique attest&eacute; peuvent &ecirc;tre dispens&eacute;s d&rsquo;assiduit&eacute;. Ils doivent en faire la demande aupr&egrave;s de leur service de scolarit&eacute; avant la fin du premier mois des enseignements ou dans les quinze jours suivant leur acc&egrave;s &agrave; ce profil sp&eacute;cifique.</p>\r\n",
        "rule": [
            5
        ]
    },
    "pk": 52,
    "model": "rules.paragraph"
}, {
    "fields": {
        "display_order": 1,
        "is_interaction": false,
        "text_motiv": "",
        "text_derog": "",
        "impact": [],
        "is_in_use": true,
        "is_cmp": false,
        "code_year": 2015,
        "text_standard": "<p style=\"margin-left:1.7pt\">Les commissions p&eacute;dagogiques (r&eacute;gies par les articles D613-38 et suivants du Code de l&rsquo;&eacute;ducation) sont charg&eacute;es de la validation des acquis. Les validations d&rsquo;acquis prononc&eacute;es par les commissions p&eacute;dagogiques se traduisent par des dispenses de dipl&ocirc;me, de semestre(s), d&rsquo;une ou plusieurs UE ou &eacute;l&eacute;ment(s) constitutif(s) d&rsquo;UE.</p>\r\n\r\n<p style=\"margin-left:1.7pt\">L&rsquo;&eacute;tudiant b&eacute;n&eacute;ficiant d&rsquo;une validation d&rsquo;acquis ne peut plus se pr&eacute;senter&nbsp; aux examens correspondants.</p>\r\n\r\n<p>Les semestres, les UE ou les &eacute;l&eacute;ments constitutifs d&rsquo;une UE ayant fait l&rsquo;objet d&rsquo;une dispense d&rsquo;&eacute;tudes n&rsquo;entrent pas dans le calcul du r&eacute;sultat du dipl&ocirc;me, du semestre ou de l&rsquo;UE.</p>\r\n",
        "rule": [
            6
        ]
    },
    "pk": 53,
    "model": "rules.paragraph"
}, {
    "fields": {
        "display_order": 1,
        "is_interaction": false,
        "text_motiv": "",
        "text_derog": "",
        "impact": [],
        "is_in_use": true,
        "is_cmp": false,
        "code_year": 2015,
        "text_standard": "<p>Les personnes titulaires du certificat de capacit&eacute; en droit peuvent obtenir la dispense du baccalaur&eacute;at en vue de la poursuite des &eacute;tudes autres que juridiques mentionn&eacute;e pour le DAEU (option A), &agrave; condition de subir avec succ&egrave;s l&rsquo;&eacute;preuve de fran&ccedil;ais et de langue vivante pr&eacute;vue pour cette option.</p>\r\n",
        "rule": [
            47
        ]
    },
    "pk": 54,
    "model": "rules.paragraph"
}, {
    "fields": {
        "display_order": 2,
        "is_interaction": false,
        "text_motiv": "",
        "text_derog": "",
        "impact": [],
        "is_in_use": true,
        "is_cmp": false,
        "code_year": 2015,
        "text_standard": "<p style=\"margin-left:1.7pt\">A cet effet, une session particuli&egrave;re peut &ecirc;tre organis&eacute;e avant la date pr&eacute;vue pour la rentr&eacute;e universitaire en premier cycle suivant des modalit&eacute;s identiques &agrave; celles pr&eacute;vues pour les autres candidats.</p>\r\n",
        "rule": [
            47
        ]
    },
    "pk": 55,
    "model": "rules.paragraph"
}, {
    "fields": {
        "display_order": 1,
        "is_interaction": false,
        "text_motiv": "",
        "text_derog": "",
        "impact": [],
        "is_in_use": true,
        "is_cmp": false,
        "code_year": 2015,
        "text_standard": "<p>Les &eacute;tudes accomplies &agrave; l&rsquo;&eacute;tranger, selon un contrat p&eacute;dagogique mis en &oelig;uvre dans le cadre d&rsquo;&eacute;changes internationaux conventionn&eacute;s, sont int&eacute;gr&eacute;es au cursus de l&rsquo;&eacute;tudiant, au m&ecirc;me titre que les &eacute;tudes accomplies &agrave; l&rsquo;Universit&eacute; de Strasbourg.</p>\r\n\r\n<p>Les modalit&eacute;s d&rsquo;&eacute;valuation de l&rsquo;&eacute;tudiant en mobilit&eacute; sont pr&eacute;cis&eacute;es dans son contrat p&eacute;dagogique, et les notes sont valid&eacute;es par un jury de semestre et/ou d&rsquo;ann&eacute;e.</p>\r\n",
        "rule": [
            7
        ]
    },
    "pk": 56,
    "model": "rules.paragraph"
}, {
    "fields": {
        "display_order": 1,
        "is_interaction": true,
        "text_motiv": "",
        "text_derog": "<p><strong>Veuillez d&eacute;crire le syst&egrave;me de notation des QCM</strong></p>\r\n",
        "impact": [],
        "is_in_use": true,
        "is_cmp": true,
        "code_year": 2015,
        "text_standard": "<p>Alin&eacute;a de composante &ndash; Notation des QCM</p>\r\n",
        "rule": [
            48
        ]
    },
    "pk": 57,
    "model": "rules.paragraph"
}, {
    "fields": {
        "display_order": 1,
        "is_interaction": true,
        "text_motiv": "",
        "text_derog": "<p><strong>Veuillez d&eacute;crire le syst&egrave;me de notation des QCM</strong></p>\r\n",
        "impact": [],
        "is_in_use": true,
        "is_cmp": true,
        "code_year": 2015,
        "text_standard": "<p>Alin&eacute;a de composante &ndash; Notation des QRC</p>\r\n",
        "rule": [
            49
        ]
    },
    "pk": 58,
    "model": "rules.paragraph"
}, {
    "fields": {
        "display_order": 1,
        "is_interaction": true,
        "text_motiv": "",
        "text_derog": "<p><strong>Veuillez d&eacute;crire le syst&egrave;me de notation des QCD</strong></p>\r\n",
        "impact": [],
        "is_in_use": true,
        "is_cmp": true,
        "code_year": 2015,
        "text_standard": "<p><em>Alin&eacute;a de composante &ndash; Notation des QCD</em></p>\r\n",
        "rule": [
            50
        ]
    },
    "pk": 59,
    "model": "rules.paragraph"
}, {
    "fields": {
        "display_order": 1,
        "is_interaction": false,
        "text_motiv": "",
        "text_derog": "",
        "impact": [],
        "is_in_use": true,
        "is_cmp": false,
        "code_year": 2015,
        "text_standard": "<p>Les stages correspondent &agrave; des p&eacute;riodes temporaires de mise en situation en milieu professionnel au cours desquelles l&#39;&eacute;tudiant acquiert des comp&eacute;tences professionnelles et met en &oelig;uvre les acquis de sa formation en vue d&#39;obtenir un dipl&ocirc;me ou une certification et de favoriser son insertion professionnelle.</p>\r\n",
        "rule": [
            78
        ]
    },
    "pk": 60,
    "model": "rules.paragraph"
}, {
    "fields": {
        "display_order": 2,
        "is_interaction": false,
        "text_motiv": "",
        "text_derog": "",
        "impact": [],
        "is_in_use": true,
        "is_cmp": false,
        "code_year": 2015,
        "text_standard": "<p style=\"margin-left:1.7pt\">Par ailleurs, les stages sont int&eacute;gr&eacute;s &agrave; un cursus de formation, dont le volume p&eacute;dagogique d&rsquo;enseignement effectu&eacute; en pr&eacute;sence des &eacute;tudiants est de deux cent heures au minimum par ann&eacute;e d&rsquo;enseignement.</p>\r\n",
        "rule": [
            78
        ]
    },
    "pk": 61,
    "model": "rules.paragraph"
}, {
    "fields": {
        "display_order": 3,
        "is_interaction": false,
        "text_motiv": "",
        "text_derog": "",
        "impact": [],
        "is_in_use": true,
        "is_cmp": false,
        "code_year": 2015,
        "text_standard": "<p>Les stages obligatoires sont les stages pr&eacute;vus obligatoirement par les maquettes de formation.</p>\r\n",
        "rule": [
            78
        ]
    },
    "pk": 62,
    "model": "rules.paragraph"
}, {
    "fields": {
        "display_order": 4,
        "is_interaction": false,
        "text_motiv": "",
        "text_derog": "",
        "impact": [],
        "is_in_use": true,
        "is_cmp": false,
        "code_year": 2015,
        "text_standard": "<p>Les stages volontaires sont des stages effectu&eacute;s &agrave; l&rsquo;initiative de l&rsquo;&eacute;tudiant et accept&eacute;s par l&rsquo;&eacute;quipe p&eacute;dagogique de la formation. Ils sont int&eacute;gr&eacute;s au cursus p&eacute;dagogique par le biais d&rsquo;une UE.</p>\r\n",
        "rule": [
            78
        ]
    },
    "pk": 63,
    "model": "rules.paragraph"
}, {
    "fields": {
        "display_order": 5,
        "is_interaction": false,
        "text_motiv": "",
        "text_derog": "",
        "impact": [],
        "is_in_use": true,
        "is_cmp": false,
        "code_year": 2015,
        "text_standard": "<p style=\"margin-left:1.7pt\">Tout stage fait obligatoirement l&rsquo;objet d&rsquo;une restitution de la part du stagiaire donnant lieu &agrave; une &eacute;valuation de la part de l&rsquo;&eacute;quipe p&eacute;dagogique de la formation. L&rsquo;objectif de la restitution et de l&rsquo;&eacute;valuation est de permettre &agrave; l&rsquo;&eacute;tudiant de traduire sa mise en application des acquis de la formation et d&rsquo;exprimer les savoirs et comp&eacute;tences acquis.</p>\r\n\r\n<p>Le responsable p&eacute;dagogique s&rsquo;assure que le nombre d&rsquo;heures pr&eacute;vues dans le stage correspond au nombre d&rsquo;ECTS effectivement octroy&eacute;s.</p>\r\n",
        "rule": [
            78
        ]
    },
    "pk": 64,
    "model": "rules.paragraph"
}, {
    "fields": {
        "display_order": 6,
        "is_interaction": true,
        "text_motiv": "",
        "text_derog": "<p>Pr&eacute;ciser l&rsquo;intitul&eacute; (stage d&rsquo;initiation &agrave; l&rsquo;officine, stage hospitalier, etc.), la dur&eacute;e, le semestre, &nbsp;la quotit&eacute; de travail (temps complet, mi-temps) du stage, ainsi que la nature de la restitution et de l&rsquo;&eacute;valuation du stage, notamment en fonction de(s) l&rsquo;objectif(s) et du type de stage, (Ex.&nbsp;: un m&eacute;moire ou un rapport, assorti ou non d&rsquo;une soutenance&nbsp;; une fiche de restitution donnant lieu &agrave; &eacute;valuation ou visa du tuteur p&eacute;dagogique.)</p>\r\n\r\n<p>Il est fortement recommand&eacute; que l&rsquo;&eacute;valuation comporte une appr&eacute;ciation de la part de la structure d&rsquo;accueil.</p>\r\n\r\n<p>Pr&eacute;ciser l&rsquo;instance ou la personne qui valide le stage&nbsp;(jury, par Doyen sur proposition du ma&icirc;tre de stage en sant&eacute;</p>\r\n",
        "impact": [],
        "is_in_use": true,
        "is_cmp": true,
        "code_year": 2015,
        "text_standard": "<p>Alin&eacute;a de composante - UE Stage obligatoire</p>\r\n",
        "rule": [
            78
        ]
    },
    "pk": 65,
    "model": "rules.paragraph"
}, {
    "fields": {
        "display_order": 7,
        "is_interaction": true,
        "text_motiv": "",
        "text_derog": "<p>Pr&eacute;ciser la dur&eacute;e du stage, ainsi que la nature de la restitution et de l&rsquo;&eacute;valuation du stage, notamment en fonction de l&rsquo;objectif et du type de stage, de son caract&egrave;re obligatoire ou non, de sa dur&eacute;e. Ex.&nbsp;: un m&eacute;moire ou un rapport, assorti ou non d&rsquo;une soutenance&nbsp;; une fiche de restitution donnant lieu &agrave; &eacute;valuation ou visa du tuteur p&eacute;dagogique.</p>\r\n\r\n<p>Il est fortement recommand&eacute; que l&rsquo;&eacute;valuation comporte une appr&eacute;ciation de la part de la structure d&rsquo;accueil.</p>\r\n",
        "impact": [],
        "is_in_use": true,
        "is_cmp": true,
        "code_year": 2015,
        "text_standard": "<p>Alin&eacute;a de composante - UE libre de stage</p>\r\n",
        "rule": [
            78
        ]
    },
    "pk": 66,
    "model": "rules.paragraph"
}, {
    "fields": {
        "display_order": 8,
        "is_interaction": true,
        "text_motiv": "",
        "text_derog": "<p>Pr&eacute;ciser la dur&eacute;e du stage, ainsi que la nature de la restitution et de l&rsquo;&eacute;valuation du stage, notamment en fonction de l&rsquo;objectif et du type de stage, de son caract&egrave;re obligatoire ou non, de sa dur&eacute;e. Ex.&nbsp;: un m&eacute;moire ou un rapport, assorti ou non d&rsquo;une soutenance&nbsp;; une fiche de restitution donnant lieu &agrave; &eacute;valuation ou visa du tuteur p&eacute;dagogique.</p>\r\n\r\n<p>Il est fortement recommand&eacute; que l&rsquo;&eacute;valuation comporte une appr&eacute;ciation de la part de la structure d&rsquo;accueil.</p>\r\n",
        "impact": [],
        "is_in_use": true,
        "is_cmp": true,
        "code_year": 2015,
        "text_standard": "<p>Alin&eacute;a de composante - UE suppl&eacute;mentaire de stage</p>\r\n",
        "rule": [
            78
        ]
    },
    "pk": 67,
    "model": "rules.paragraph"
}, {
    "fields": {
        "display_order": 9,
        "is_interaction": true,
        "text_motiv": "",
        "text_derog": "<p>Pr&eacute;ciser la dur&eacute;e du stage, ainsi que la nature de la restitution et de l&rsquo;&eacute;valuation du stage, notamment en fonction de l&rsquo;objectif et du type de stage, de son caract&egrave;re obligatoire ou non, de sa dur&eacute;e. Ex.&nbsp;: un m&eacute;moire ou un rapport, assorti ou non d&rsquo;une soutenance&nbsp;; une fiche de restitution donnant lieu &agrave; &eacute;valuation ou visa du tuteur p&eacute;dagogique.</p>\r\n\r\n<p>Il est fortement recommand&eacute; que l&rsquo;&eacute;valuation comporte une appr&eacute;ciation de la part de la structure d&rsquo;accueil.</p>\r\n",
        "impact": [],
        "is_in_use": true,
        "is_cmp": true,
        "code_year": 2015,
        "text_standard": "<p>Alin&eacute;a de composante &ndash; Stage volontaire (de d&eacute;couverte, d&rsquo;approfondissement, de r&eacute;orientation)</p>\r\n",
        "rule": [
            78
        ]
    },
    "pk": 68,
    "model": "rules.paragraph"
}, {
    "fields": {
        "display_order": 10,
        "is_interaction": false,
        "text_motiv": "",
        "text_derog": "",
        "impact": [],
        "is_in_use": true,
        "is_cmp": false,
        "code_year": 2015,
        "text_standard": "<p>Lorsque le stagiaire interrompt sa p&eacute;riode de formation en milieu professionnel ou son stage pour un motif li&eacute; &agrave; la maladie, &agrave; un accident, &agrave; la grossesse, &agrave; la paternit&eacute;, &agrave; l&#39;adoption ou, en accord avec l&#39;&eacute;tablissement, en cas de non-respect des stipulations p&eacute;dagogiques de la convention ou en cas de rupture de la convention &agrave; l&#39;initiative de l&#39;organisme d&#39;accueil, l&rsquo;universit&eacute; valide la p&eacute;riode de formation en milieu professionnel ou le stage, m&ecirc;me s&#39;il n&#39;a pas atteint la dur&eacute;e pr&eacute;vue dans le cursus, ou propose au stagiaire une modalit&eacute; alternative de validation de sa formation.</p>\r\n\r\n<p>L&rsquo;&eacute;tudiant concern&eacute; par cette situation doit imp&eacute;rativement contacter son tuteur p&eacute;dagogique. Ce dernier, en accord avec l&rsquo;&eacute;quipe p&eacute;dagogique et, le cas &eacute;ch&eacute;ant, apr&egrave;s avis du ma&icirc;tre de stage &eacute;tudie la modalit&eacute; de validation alternative la plus ad&eacute;quate, en fonction de l&rsquo;&eacute;tat d&rsquo;avancement du stage au moment de l&rsquo;interruption et conform&eacute;ment aux modalit&eacute;s d&rsquo;&eacute;valuation et de contr&ocirc;le des</p>\r\n\r\n<p>connaissances. Cette modalit&eacute; alternative peut notamment prendre la forme suivante :</p>\r\n\r\n<p>- Un report de tout ou partie de la fin de la p&eacute;riode de stage en accord avec l&rsquo;organisme d&rsquo;accueil et &agrave; condition que ce report soit compatible avec le calendrier universitaire.</p>\r\n\r\n<p>- La r&eacute;daction d&rsquo;un m&eacute;moire/rapport de substitution</p>\r\n\r\n<p>- Une &eacute;preuve &eacute;crite et/ou orale de substitution.</p>\r\n",
        "rule": [
            78
        ]
    },
    "pk": 69,
    "model": "rules.paragraph"
}, {
    "fields": {
        "display_order": 1,
        "is_interaction": false,
        "text_motiv": "",
        "text_derog": "",
        "impact": [],
        "is_in_use": true,
        "is_cmp": false,
        "code_year": 2015,
        "text_standard": "<p>Le jury devant lequel ce m&eacute;moire est pr&eacute;sent&eacute; doit comporter au moins un membre habilit&eacute; &agrave; diriger des recherches.</p>\r\n",
        "rule": [
            8
        ]
    },
    "pk": 70,
    "model": "rules.paragraph"
}, {
    "fields": {
        "display_order": 1,
        "is_interaction": false,
        "text_motiv": "",
        "text_derog": "",
        "impact": [],
        "is_in_use": true,
        "is_cmp": false,
        "code_year": 2015,
        "text_standard": "<p>Les jurys sont d&eacute;sign&eacute;s par le pr&eacute;sident de l&rsquo;universit&eacute; sur proposition du directeur de composante.</p>\r\n",
        "rule": [
            9
        ]
    },
    "pk": 71,
    "model": "rules.paragraph"
}, {
    "fields": {
        "display_order": 2,
        "is_interaction": false,
        "text_motiv": "",
        "text_derog": "",
        "impact": [],
        "is_in_use": true,
        "is_cmp": false,
        "code_year": 2015,
        "text_standard": "<p style=\"margin-left:1.7pt\">Il est cr&eacute;&eacute; des jurys de semestre. Le jury de semestre arr&ecirc;te les notes et est souverain pour prononcer la validation ou la non-validation d&rsquo;un semestre.</p>\r\n\r\n<p style=\"margin-left:1.7pt\">Il est cr&eacute;&eacute; des jurys d&rsquo;ann&eacute;e. A l&rsquo;issue de chacune des deux sessions d&rsquo;examens, le jury d&rsquo;ann&eacute;e se prononce sur la validation de deux semestres imm&eacute;diatement cons&eacute;cutifs.</p>\r\n\r\n<p>Il est cr&eacute;&eacute; des jurys de dipl&ocirc;me. Le jury de dipl&ocirc;me prononce la d&eacute;livrance du dipl&ocirc;me.</p>\r\n",
        "rule": [
            9
        ]
    },
    "pk": 72,
    "model": "rules.paragraph"
}, {
    "fields": {
        "display_order": 1,
        "is_interaction": false,
        "text_motiv": "",
        "text_derog": "",
        "impact": [],
        "is_in_use": true,
        "is_cmp": false,
        "code_year": 2015,
        "text_standard": "<p style=\"margin-left:1.7pt\">Le DAEU est d&eacute;livr&eacute; par le pr&eacute;sident de l&rsquo;universit&eacute;, sur proposition d&rsquo;un jury compos&eacute; des enseignants participant &agrave; la formation.</p>\r\n\r\n<p>Ce jury est pr&eacute;sid&eacute; par un professeur ou un ma&icirc;tre de conf&eacute;rences d&eacute;sign&eacute; par le pr&eacute;sent de l&rsquo;universit&eacute; pour chacune des options A et B du dipl&ocirc;me.</p>\r\n",
        "rule": [
            51
        ]
    },
    "pk": 73,
    "model": "rules.paragraph"
}, {
    "fields": {
        "display_order": 1,
        "is_interaction": false,
        "text_motiv": "",
        "text_derog": "",
        "impact": [],
        "is_in_use": true,
        "is_cmp": false,
        "code_year": 2015,
        "text_standard": "<p style=\"margin-left:1.7pt\">Un jury pluridisciplinaire se r&eacute;unira pour d&eacute;lib&eacute;rer sur la validation&nbsp;:</p>\r\n\r\n<ul>\r\n\t<li>du Certificat de synth&egrave;se pharmaceutique (pharmacie)</li>\r\n\t<li>du Certificat de comp&eacute;tence clinique (m&eacute;decine)</li>\r\n\t<li>du Certificat de synth&egrave;se clinique et th&eacute;rapeutique (odontologie)</li>\r\n</ul>\r\n",
        "rule": [
            52
        ]
    },
    "pk": 74,
    "model": "rules.paragraph"
}, {
    "fields": {
        "display_order": 1,
        "is_interaction": false,
        "text_motiv": "",
        "text_derog": "",
        "impact": [],
        "is_in_use": true,
        "is_cmp": false,
        "code_year": 2015,
        "text_standard": "<p style=\"margin-left:1.85pt\">Le jury de th&egrave;se comprend au moins trois membres, dont le directeur de th&egrave;se&nbsp;:</p>\r\n\r\n<ul>\r\n\t<li>un enseignant-chercheur habilit&eacute; &agrave; diriger des recherches exer&ccedil;ant dans la composante, pr&eacute;sident&nbsp;;</li>\r\n\t<li>deux autres membres, dont une personnalit&eacute; qualifi&eacute;e ext&eacute;rieure &agrave; la composante. La participation d&rsquo;un responsable d&rsquo;une structure accueillant des &eacute;tudiants en stage est souhait&eacute;e.</li>\r\n</ul>\r\n\r\n<p>Deux membres du jury sont titulaires du dipl&ocirc;me d&rsquo;Etat de pharmacien ou de docteur en pharmacie.</p>\r\n",
        "rule": [
            53
        ]
    },
    "pk": 75,
    "model": "rules.paragraph"
}, {
    "fields": {
        "display_order": 1,
        "is_interaction": false,
        "text_motiv": "",
        "text_derog": "",
        "impact": [],
        "is_in_use": true,
        "is_cmp": false,
        "code_year": 2015,
        "text_standard": "<p>Le jury de th&egrave;se, pr&eacute;sid&eacute; par un professeur des universit&eacute;s des disciplines m&eacute;dicales titulaires, est compos&eacute; d&rsquo;au moins quatre membres dont trois enseignants titulaires des disciplines m&eacute;dicales d&eacute;sign&eacute;s par le pr&eacute;sident de l&rsquo;universit&eacute; sur proposition du directeur de composante.</p>\r\n",
        "rule": [
            54
        ]
    },
    "pk": 76,
    "model": "rules.paragraph"
}, {
    "fields": {
        "display_order": 1,
        "is_interaction": false,
        "text_motiv": "",
        "text_derog": "",
        "impact": [],
        "is_in_use": true,
        "is_cmp": false,
        "code_year": 2015,
        "text_standard": "<p style=\"margin-left:1.85pt\">Le jury de th&egrave;se comprend quatre membres, dont :</p>\r\n\r\n<ul>\r\n\t<li>un professeur des universit&eacute;s, praticien hospitalier des centres de soins, d&rsquo;enseignement et de recherche dentaire, pr&eacute;sident ;</li>\r\n\t<li>trois autres membres dont au moins deux personnels enseignants et hospitaliers titulaires des centres de soins d&rsquo;enseignement et de recherche dentaires. L&rsquo;un de ces trois membres peut &ecirc;tre un assistant hospitalier universitaire, un praticien hospitalier, un enseignant d&rsquo;une autre discipline universitaire ou un directeur de recherche.</li>\r\n</ul>\r\n\r\n<p>Une personnalit&eacute; ext&eacute;rieure invit&eacute;e sans voix d&eacute;lib&eacute;rative peut &ecirc;tre adjointe &agrave; ce jury.</p>\r\n",
        "rule": [
            55
        ]
    },
    "pk": 77,
    "model": "rules.paragraph"
}, {
    "fields": {
        "display_order": 1,
        "is_interaction": false,
        "text_motiv": "",
        "text_derog": "",
        "impact": [],
        "is_in_use": true,
        "is_cmp": false,
        "code_year": 2015,
        "text_standard": "<p style=\"margin-left:1.7pt\">Le DUT est d&eacute;livr&eacute; par le pr&eacute;sident de l&rsquo;universit&eacute;, sur proposition d&rsquo;un jury pr&eacute;sid&eacute; par le directeur de l&rsquo;IUT, comprenant les chefs de d&eacute;partement, les enseignants-chercheurs, les enseignants, les charg&eacute;s d&rsquo;enseignement et les personnalit&eacute;s ext&eacute;rieures exer&ccedil;ant des fonctions en relations &eacute;troite avec la sp&eacute;cialit&eacute; concern&eacute;e, choisies dans les conditions pr&eacute;vues &agrave; l&rsquo;article L. 613-1 du code de l&rsquo;&eacute;ducation.</p>\r\n\r\n<p>Ce jury de dipl&ocirc;me comprend au moins 50% d&rsquo;enseignants-chercheurs et d&rsquo;enseignants.</p>\r\n",
        "rule": [
            56
        ]
    },
    "pk": 78,
    "model": "rules.paragraph"
}, {
    "fields": {
        "display_order": 1,
        "is_interaction": false,
        "text_motiv": "",
        "text_derog": "",
        "impact": [],
        "is_in_use": true,
        "is_cmp": false,
        "code_year": 2015,
        "text_standard": "<p>Les jurys sont d&eacute;sign&eacute;s par le pr&eacute;sident de l&rsquo;universit&eacute; sur proposition du directeur ou des directeurs de l&rsquo;unit&eacute; ou des unit&eacute;s de formation et de recherche, ou du ou des d&eacute;partements de formation assurant les enseignements.</p>\r\n",
        "rule": [
            77
        ]
    },
    "pk": 79,
    "model": "rules.paragraph"
}, {
    "fields": {
        "display_order": 2,
        "is_interaction": false,
        "text_motiv": "",
        "text_derog": "",
        "impact": [],
        "is_in_use": true,
        "is_cmp": false,
        "code_year": 2015,
        "text_standard": "<p style=\"margin-left:1.7pt\">Il est cr&eacute;&eacute; des jurys de semestre. Le jury de semestre arr&ecirc;te les notes et est souverain pour prononcer la validation ou la non-validation d&rsquo;un semestre.</p>\r\n\r\n<p style=\"margin-left:1.7pt\">Il est cr&eacute;&eacute; des jurys d&rsquo;ann&eacute;e. A l&rsquo;issue de chacune des deux sessions d&rsquo;examens, le jury d&rsquo;ann&eacute;e se prononce sur la validation de deux semestres imm&eacute;diatement cons&eacute;cutifs.</p>\r\n\r\n<p style=\"margin-left:1.7pt\">Il est cr&eacute;&eacute; des jurys de dipl&ocirc;me. Le jury de dipl&ocirc;me prononce la d&eacute;livrance du dipl&ocirc;me.</p>\r\n",
        "rule": [
            77
        ]
    },
    "pk": 80,
    "model": "rules.paragraph"
}, {
    "fields": {
        "display_order": 3,
        "is_interaction": false,
        "text_motiv": "",
        "text_derog": "",
        "impact": [],
        "is_in_use": true,
        "is_cmp": false,
        "code_year": 2015,
        "text_standard": "<p>Ce jury est pr&eacute;sid&eacute; par un enseignant-chercheur.</p>\r\n",
        "rule": [
            77
        ]
    },
    "pk": 81,
    "model": "rules.paragraph"
}, {
    "fields": {
        "display_order": 1,
        "is_interaction": false,
        "text_motiv": "",
        "text_derog": "",
        "impact": [],
        "is_in_use": true,
        "is_cmp": false,
        "code_year": 2015,
        "text_standard": "<p style=\"margin-left:1.7pt\">Au niveau de l&rsquo;UE&nbsp;: les notes qui, affect&eacute;es de leurs coefficients respectifs, entrent dans le calcul de la note d&rsquo;une UE se compensent entre elles, sans note &eacute;liminatoire. L&rsquo;UE est valid&eacute;e d&egrave;s lors qu&rsquo;un &eacute;tudiant y obtient une moyenne g&eacute;n&eacute;rale &eacute;gale ou sup&eacute;rieure &agrave; 10/20. La validation d&rsquo;une UE emporte l&rsquo;obtention des cr&eacute;dits europ&eacute;ens correspondant.</p>\r\n\r\n<p style=\"margin-left:1.7pt\">En cas de dispense, l&rsquo;UE n&rsquo;est pas prise en compte dans le calcul du semestre.</p>\r\n",
        "rule": [
            10
        ]
    },
    "pk": 82,
    "model": "rules.paragraph"
}, {
    "fields": {
        "display_order": 1,
        "is_interaction": false,
        "text_motiv": "",
        "text_derog": "",
        "impact": [],
        "is_in_use": true,
        "is_cmp": false,
        "code_year": 2015,
        "text_standard": "<p>Au niveau du semestre: les notes des UE d&rsquo;un m&ecirc;me semestre se compensent entre elles, sans note&nbsp;&eacute;liminatoire. Le semestre est valid&eacute; si la moyenne des UE le composant, affect&eacute;es de leurs coefficients respectifs, est &eacute;gale ou&nbsp;sup&eacute;rieur &agrave; 10/20.</p>\r\n",
        "rule": [
            11
        ]
    },
    "pk": 83,
    "model": "rules.paragraph"
}, {
    "fields": {
        "display_order": 2,
        "is_interaction": false,
        "text_motiv": "",
        "text_derog": "",
        "impact": [],
        "is_in_use": true,
        "is_cmp": false,
        "code_year": 2015,
        "text_standard": "<p>Au niveau des deux semestres d&rsquo;une m&ecirc;me ann&eacute;e d&rsquo;&eacute;tudes et au niveau du dipl&ocirc;me&nbsp;: la compensation op&egrave;re entre les moyennes obtenues aux deux semestres imm&eacute;diatement cons&eacute;cutifs d&rsquo;une m&ecirc;me ann&eacute;e d&rsquo;&eacute;tudes, c&rsquo;est-&agrave;-dire entre les semestres 1 et 2, ou entre les semestres 3 et 4, ou entre les semestre 5 et 6.</p>\r\n",
        "rule": [
            11
        ]
    },
    "pk": 84,
    "model": "rules.paragraph"
}, {
    "fields": {
        "display_order": 3,
        "is_interaction": false,
        "text_motiv": "",
        "text_derog": "",
        "impact": [],
        "is_in_use": true,
        "is_cmp": false,
        "code_year": 2015,
        "text_standard": "<p>Toutefois, lorsqu&rsquo;un seul semestre n&rsquo;est pas valid&eacute; et que la moyenne des six semestres est &eacute;gale ou sup&eacute;rieure &agrave; 10/20, le jury de dipl&ocirc;me a la possibilit&eacute; d&rsquo;accorder la compensation de ce semestre non valid&eacute;. L&rsquo;&eacute;tudiant peut d&eacute;clarer renoncer au b&eacute;n&eacute;fice de cette compensation.</p>\r\n",
        "rule": [
            11
        ]
    },
    "pk": 85,
    "model": "rules.paragraph"
}, {
    "fields": {
        "display_order": 1,
        "is_interaction": false,
        "text_motiv": "",
        "text_derog": "",
        "impact": [],
        "is_in_use": true,
        "is_cmp": false,
        "code_year": 2015,
        "text_standard": "<p>La licence professionnelle est d&eacute;cern&eacute;e aux &eacute;tudiants qui ont obtenu &agrave; la fois une moyenne g&eacute;n&eacute;rale &eacute;gale ou sup&eacute;rieure &agrave; 10/20 &agrave; l&#39;ensemble des unit&eacute;s d&#39;enseignement, y compris le projet tutor&eacute; et le stage, et une moyenne &eacute;gale ou sup&eacute;rieure &agrave; 10/20 &agrave; l&#39;ensemble constitu&eacute; du projet tutor&eacute; et du stage.</p>\r\n\r\n<p>La compensation entre &eacute;l&eacute;ments constitutifs d&#39;une unit&eacute; d&#39;enseignement, d&#39;une part, et les unit&eacute;s d&#39;enseignement, d&#39;autre part, s&#39;effectue sans note &eacute;liminatoire.&nbsp;</p>\r\n",
        "rule": [
            57
        ]
    },
    "pk": 86,
    "model": "rules.paragraph"
}, {
    "fields": {
        "display_order": 1,
        "is_interaction": true,
        "text_motiv": "<p>Merci d&rsquo;indiquer, pour les conseils &eacute;lus, les motifs de votre choix.</p>\r\n",
        "text_derog": "<p>Veuillez indiquer le syst&egrave;me que vous souhaitez utiliser&nbsp;: syst&egrave;me de notes ind&eacute;pendantes (notes &eacute;liminatoires) ou syst&egrave;me avec compensation de notes.</p>\r\n\r\n<p>Si vous optez pour le syst&egrave;me de compensation, veuillez pr&eacute;ciser les diff&eacute;rents niveaux auxquels une compensation peut &ecirc;tre effectu&eacute;e (exemple&nbsp;: compensation de notes des UE d&rsquo;un m&ecirc;me semestre, compensation de notes des deux semestres etc.)</p>\r\n",
        "impact": [],
        "is_in_use": true,
        "is_cmp": false,
        "code_year": 2015,
        "text_standard": "<p>Le cumul entre un syst&egrave;me de notes ind&eacute;pendantes et un syst&egrave;me de notes entre lesquelles des compensations peuvent &ecirc;tre &eacute;tables n&rsquo;est pas autoris&eacute;. &nbsp;</p>\r\n",
        "rule": [
            58
        ]
    },
    "pk": 87,
    "model": "rules.paragraph"
}, {
    "fields": {
        "display_order": 1,
        "is_interaction": true,
        "text_motiv": "<p>Merci d&rsquo;indiquer, pour les conseils &eacute;lus, les motifs de votre demande.</p>\r\n",
        "text_derog": "<p>Vous souhaitez demander une d&eacute;rogation pour cette r&egrave;gle.&nbsp;</p>\r\n\r\n<p>Merci de reprendre le passage pour le modifier ou y substituer le texte de la r&egrave;gle que vous souhaitez voir valider pour votre formation. N&rsquo;oubliez pas de d&eacute;tailler, le cas &eacute;ch&eacute;ant, les enseignements auxquels s&rsquo;appliquent votre r&egrave;gle, et les conditions et les crit&egrave;res d&rsquo;application, ou tout autre &eacute;l&eacute;ment pertinent.</p>\r\n",
        "impact": [],
        "is_in_use": true,
        "is_cmp": false,
        "code_year": 2015,
        "text_standard": "<p>Au niveau du semestre&nbsp;: les notes des UE d&rsquo;un m&ecirc;me semestre se compensent entre elles.</p>\r\n",
        "rule": [
            12
        ]
    },
    "pk": 88,
    "model": "rules.paragraph"
}, {
    "fields": {
        "display_order": 2,
        "is_interaction": false,
        "text_motiv": "",
        "text_derog": "",
        "impact": [],
        "is_in_use": true,
        "is_cmp": false,
        "code_year": 2015,
        "text_standard": "<p>Le semestre est valid&eacute; si la moyenne des UE le composant, affect&eacute;es de leurs coefficients respectifs, est &eacute;gale ou sup&eacute;rieure &agrave; 10/20.</p>\r\n",
        "rule": [
            12
        ]
    },
    "pk": 89,
    "model": "rules.paragraph"
}, {
    "fields": {
        "display_order": 3,
        "is_interaction": true,
        "text_motiv": "<p>Merci d&rsquo;indiquer, pour les conseils &eacute;lus, les motifs de votre demande.</p>\r\n",
        "text_derog": "<p>Vous souhaitez demander une d&eacute;rogation pour cet alin&eacute;a.</p>\r\n\r\n<p>Merci de reprendre le passage pour le modifier ou y substituer le texte de l&rsquo;alin&eacute;a que vous souhaitez voir valider pour votre formation. N&rsquo;oubliez pas de d&eacute;tailler, le cas &eacute;ch&eacute;ant, les enseignements auxquels s&rsquo;appliquent votre alin&eacute;a, et les conditions et les crit&egrave;res d&rsquo;application, ou tout autre &eacute;l&eacute;ment pertinent.</p>\r\n",
        "impact": [],
        "is_in_use": true,
        "is_cmp": false,
        "code_year": 2015,
        "text_standard": "<p>Au niveau des deux semestres d&rsquo;une m&ecirc;me ann&eacute;e d&rsquo;&eacute;tudes et au niveau du dipl&ocirc;me&nbsp;: les notes des semestres du Master ne se compensent pas entre elles.</p>\r\n",
        "rule": [
            12
        ]
    },
    "pk": 90,
    "model": "rules.paragraph"
}, {
    "fields": {
        "display_order": 1,
        "is_interaction": false,
        "text_motiv": "",
        "text_derog": "",
        "impact": [],
        "is_in_use": true,
        "is_cmp": false,
        "code_year": 2015,
        "text_standard": "<p>Pour &ecirc;tre d&eacute;clar&eacute; admis, le candidat doit, dans le cas de l&rsquo;examen final, obtenir une note moyenne au moins &eacute;gale &agrave; 10/20 &agrave; l&rsquo;ensemble des &eacute;preuves.</p>\r\n",
        "rule": [
            59
        ]
    },
    "pk": 91,
    "model": "rules.paragraph"
}, {
    "fields": {
        "display_order": 1,
        "is_interaction": false,
        "text_motiv": "",
        "text_derog": "",
        "impact": [],
        "is_in_use": true,
        "is_cmp": false,
        "code_year": 2015,
        "text_standard": "<p>Pour &ecirc;tre d&eacute;clar&eacute; admis, le candidat doit, dans le cas de modules capitalisables, obtenir une note moyenne au moins &eacute;gale &agrave; 10/20 &agrave; chacune des &eacute;preuves. Les quatre modules de la formation peuvent &ecirc;tre pr&eacute;sent&eacute;s lors d&rsquo;une m&ecirc;me session.</p>\r\n",
        "rule": [
            60
        ]
    },
    "pk": 92,
    "model": "rules.paragraph"
}, {
    "fields": {
        "display_order": 1,
        "is_interaction": false,
        "text_motiv": "",
        "text_derog": "",
        "impact": [],
        "is_in_use": true,
        "is_cmp": false,
        "code_year": 2015,
        "text_standard": "<p>Les UE sont acquises et capitalisables d&egrave;s lros que l&rsquo;&eacute;tudiant y a obtenu la moyenne. Toute UE capitalis&eacute;e est prise en compte dans le dispositif de compensation, au m&ecirc;me titre et dans les m&ecirc;mes conditions que les autres UE.</p>\r\n",
        "rule": [
            61
        ]
    },
    "pk": 93,
    "model": "rules.paragraph"
}, {
    "fields": {
        "display_order": 2,
        "is_interaction": false,
        "text_motiv": "",
        "text_derog": "",
        "impact": [],
        "is_in_use": true,
        "is_cmp": false,
        "code_year": 2015,
        "text_standard": "<p>Le semestre est valid&eacute; lorsque l&rsquo;&eacute;tudiant obtient &agrave; la fois&nbsp;:</p>\r\n\r\n<ul>\r\n\t<li>Une moyenne g&eacute;n&eacute;rale au moins &eacute;gale &agrave; 10/20 et une un moyenne au moins &eacute;gale &agrave; 8/20 dans chacune des UE&nbsp;;</li>\r\n\t<li>La validation des semestres pr&eacute;c&eacute;dents, lorsqu&rsquo;ils existent.</li>\r\n</ul>\r\n",
        "rule": [
            61
        ]
    },
    "pk": 94,
    "model": "rules.paragraph"
}, {
    "fields": {
        "display_order": 3,
        "is_interaction": false,
        "text_motiv": "",
        "text_derog": "",
        "impact": [],
        "is_in_use": true,
        "is_cmp": false,
        "code_year": 2015,
        "text_standard": "<p>Si ces deux conditions ne sont pas remplies, la validation est assur&eacute;e par une compensation entre deux semestres cons&eacute;cutifs, sur la base d&rsquo;une moyenne g&eacute;n&eacute;rale au moins &eacute;gale &agrave; 10/20 et d&rsquo;une moyenne au moins &eacute;gale &agrave; 8/20 dans chacune des UE de ce semestre. Le semestre servant &agrave; compenser ne peut &ecirc;tre utilis&eacute; qu&rsquo;une fois au cours du cursus.</p>\r\n\r\n<p>L&rsquo;&eacute;tudiant peut renoncer au b&eacute;n&eacute;fice de cette compensation.</p>\r\n",
        "rule": [
            61
        ]
    },
    "pk": 95,
    "model": "rules.paragraph"
}, {
    "fields": {
        "display_order": 4,
        "is_interaction": false,
        "text_motiv": "",
        "text_derog": "",
        "impact": [],
        "is_in_use": true,
        "is_cmp": false,
        "code_year": 2015,
        "text_standard": "<p>En outre, le directeur de l&rsquo;IUT peut prononcer la validation d&rsquo;un semestre sur proposition du jury.</p>\r\n",
        "rule": [
            61
        ]
    },
    "pk": 96,
    "model": "rules.paragraph"
}, {
    "fields": {
        "display_order": 5,
        "is_interaction": false,
        "text_motiv": "",
        "text_derog": "",
        "impact": [],
        "is_in_use": true,
        "is_cmp": false,
        "code_year": 2015,
        "text_standard": "<p>La validation de tout semestre donne lieu &agrave; l&rsquo;obtention de l&rsquo;ensemble des UE qui le composent et des cr&eacute;dits europ&eacute;ens correspondants.</p>\r\n",
        "rule": [
            61
        ]
    },
    "pk": 97,
    "model": "rules.paragraph"
}, {
    "fields": {
        "display_order": 1,
        "is_interaction": true,
        "text_motiv": "<p>Merci d&rsquo;indiquer, pour les conseils &eacute;lus, les motifs de votre demande.</p>\r\n",
        "text_derog": "<p>Vous souhaitez demander une d&eacute;rogation pour cet alin&eacute;a.</p>\r\n\r\n<p>Merci de reprendre le passage pour le modifier ou y substituer le texte de l&rsquo;alin&eacute;a que vous souhaitez voir valider pour votre formation. <em>N&rsquo;oubliez pas de d&eacute;tailler, le cas &eacute;ch&eacute;ant, les enseignements auxquels s&rsquo;appliquent votre alin&eacute;a, et les conditions et les crit&egrave;res d&rsquo;application, ou tout autre &eacute;l&eacute;ment <strong>pertinent.</strong></em></p>\r\n",
        "impact": [],
        "is_in_use": true,
        "is_cmp": false,
        "code_year": 2015,
        "text_standard": "<p style=\"margin-left:1.7pt\">Au niveau de l&rsquo;UE&nbsp;: les notes qui, affect&eacute;es de leurs coefficients respectifs, entrent dans le calcul de la note d&rsquo;une UE se compensent entre elles, sans note &eacute;liminatoire. L&rsquo;UE est valid&eacute;e d&egrave;s lors qu&rsquo;un &eacute;tudiant y obtient une moyenne g&eacute;n&eacute;rale &eacute;gale ou sup&eacute;rieure &agrave; 10/20.</p>\r\n\r\n<p style=\"margin-left:1.7pt\">En cas de dispense, l&rsquo;UE n&rsquo;est pas prise en compte dans le calcul du semestre.</p>\r\n",
        "rule": [
            62
        ]
    },
    "pk": 98,
    "model": "rules.paragraph"
}, {
    "fields": {
        "display_order": 2,
        "is_interaction": true,
        "text_motiv": "<p>Merci d&rsquo;indiquer, pour les conseils &eacute;lus, les motifs de votre demande.</p>\r\n",
        "text_derog": "<p>Vous souhaitez demander une d&eacute;rogation pour cet alin&eacute;a.</p>\r\n\r\n<p>Merci de reprendre le passage pour le modifier ou y substituer le texte de l&rsquo;alin&eacute;a que vous souhaitez voir valider pour votre formation. <em>N&rsquo;oubliez pas de d&eacute;tailler, le cas &eacute;ch&eacute;ant, les enseignements auxquels s&rsquo;appliquent votre alin&eacute;a, et les conditions et les crit&egrave;res d&rsquo;application, ou tout autre &eacute;l&eacute;ment pertinent.</em></p>\r\n",
        "impact": [],
        "is_in_use": true,
        "is_cmp": false,
        "code_year": 2015,
        "text_standard": "<p>Au niveau du semestre : les notes des UE d&rsquo;un m&ecirc;me semestre se compensent entre elles, sans note&nbsp;&eacute;liminatoire. Le semestre est valid&eacute; si la moyenne des UE le composant, affect&eacute;es de leurs coefficients respectifs, est &eacute;gale ou&nbsp;sup&eacute;rieur &agrave; 10/20.</p>\r\n",
        "rule": [
            62
        ]
    },
    "pk": 99,
    "model": "rules.paragraph"
}, {
    "fields": {
        "display_order": 3,
        "is_interaction": false,
        "text_motiv": "",
        "text_derog": "",
        "impact": [],
        "is_in_use": true,
        "is_cmp": false,
        "code_year": 2015,
        "text_standard": "<p>Au niveau des deux semestres d&rsquo;une m&ecirc;me ann&eacute;e d&rsquo;&eacute;tudes et au niveau du dipl&ocirc;me, les&nbsp; notes des semestres ne se compensent pas entre elles.</p>\r\n",
        "rule": [
            62
        ]
    },
    "pk": 100,
    "model": "rules.paragraph"
}, {
    "fields": {
        "display_order": 1,
        "is_interaction": false,
        "text_motiv": "",
        "text_derog": "",
        "impact": [],
        "is_in_use": true,
        "is_cmp": false,
        "code_year": 2015,
        "text_standard": "<p>La moyenne g&eacute;n&eacute;rale obtenue au dipl&ocirc;me est la moyenne des notes des six semestres, sans pond&eacute;ration des semestres.</p>\r\n",
        "rule": [
            13
        ]
    },
    "pk": 101,
    "model": "rules.paragraph"
}, {
    "fields": {
        "display_order": 1,
        "is_interaction": true,
        "text_motiv": "<p><strong>Merci d&rsquo;indiquer, pour les conseils &eacute;lus, les motifs de votre demande.</strong></p>\r\n",
        "text_derog": "<p>Vous souhaitez demander une d&eacute;rogation pour cet alin&eacute;a.</p>\r\n\r\n<p>Merci de reprendre le passage pour le modifier ou y substituer le texte de l&rsquo;alin&eacute;a que vous souhaitez voir valider pour votre formation. <em>N&rsquo;oubliez pas de d&eacute;tailler, le cas &eacute;ch&eacute;ant, les enseignements auxquels s&rsquo;appliquent votre alin&eacute;a, et les conditions et les crit&egrave;res d&rsquo;application, ou tout autre &eacute;l&eacute;ment pertinent.</em></p>\r\n",
        "impact": [],
        "is_in_use": true,
        "is_cmp": false,
        "code_year": 2015,
        "text_standard": "<p>La moyenne g&eacute;n&eacute;rale au dipl&ocirc;me&nbsp; est la moyenne des notes des quatre semestres, sans pond&eacute;ration des semestres.</p>\r\n",
        "rule": [
            14
        ]
    },
    "pk": 102,
    "model": "rules.paragraph"
}, {
    "fields": {
        "display_order": 1,
        "is_interaction": false,
        "text_motiv": "",
        "text_derog": "",
        "impact": [],
        "is_in_use": true,
        "is_cmp": false,
        "code_year": 2015,
        "text_standard": "<p>La moyenne g&eacute;n&eacute;rale obtenue en DEUST est la moyenne de l&rsquo;ensemble des notes obtenues, pond&eacute;r&eacute;es par les coefficients.</p>\r\n",
        "rule": [
            63
        ]
    },
    "pk": 103,
    "model": "rules.paragraph"
}, {
    "fields": {
        "display_order": 1,
        "is_interaction": false,
        "text_motiv": "",
        "text_derog": "",
        "impact": [],
        "is_in_use": true,
        "is_cmp": false,
        "code_year": 2015,
        "text_standard": "<p>L&rsquo;ann&eacute;e universitaire de PACES est sanctionn&eacute;e par un concours.</p>\r\n\r\n<p>La validation de l&rsquo;ensemble des unit&eacute;s d&rsquo;enseignements permet l&rsquo;acquisition de 60 ECTS.</p>\r\n",
        "rule": [
            64
        ]
    },
    "pk": 104,
    "model": "rules.paragraph"
}, {
    "fields": {
        "display_order": 2,
        "is_interaction": false,
        "text_motiv": "",
        "text_derog": "",
        "impact": [],
        "is_in_use": true,
        "is_cmp": false,
        "code_year": 2015,
        "text_standard": "<p>Pour &ecirc;tre admis &agrave; poursuivre des &eacute;tudes m&eacute;dicales, odontologiques, pharmaceutiques ou de sage-femme au-del&agrave; de la premi&egrave;re ann&eacute;e des &eacute;tudes de sant&eacute;, les candidats doivent figurer en rang utile (num&eacute;rus clausus) sur la liste des classements correspondant &agrave; la fili&egrave;re de sant&eacute; choisie. Lorsque dans la limite des numerus clausus fix&eacute;s se trouvent des &eacute;tudiants de nationalit&eacute; &eacute;trang&egrave;re, une majoration&nbsp; &eacute;gale au nombre d&rsquo;&eacute;tudiants &eacute;trangers class&eacute;s en rang utile peut &ecirc;tre effectu&eacute;e sans exc&eacute;der 8% du contingentement propre &agrave; chacune des fili&egrave;res.</p>\r\n",
        "rule": [
            64
        ]
    },
    "pk": 105,
    "model": "rules.paragraph"
}, {
    "fields": {
        "display_order": 3,
        "is_interaction": false,
        "text_motiv": "",
        "text_derog": "",
        "impact": [],
        "is_in_use": true,
        "is_cmp": false,
        "code_year": 2015,
        "text_standard": "<p>Le classement se fera sur la base des notes obtenues au tronc commun ainsi qu&rsquo;&agrave; l&rsquo;UE sp&eacute;cifique, chaque UE &eacute;tant affect&eacute;e d&rsquo;un coefficient de pond&eacute;ration propre &agrave; chaque fili&egrave;re.</p>\r\n",
        "rule": [
            64
        ]
    },
    "pk": 106,
    "model": "rules.paragraph"
}, {
    "fields": {
        "display_order": 1,
        "is_interaction": false,
        "text_motiv": "",
        "text_derog": "",
        "impact": [],
        "is_in_use": true,
        "is_cmp": false,
        "code_year": 2015,
        "text_standard": "<p>Le dipl&ocirc;me est d&eacute;livr&eacute; aux &eacute;tudiants qui ont acquis les quatre semestres de la fili&egrave;re apr&egrave;s la PACES, par l&rsquo;obtention de 180 ECTS et les stages aff&eacute;rents. Ce dipl&ocirc;me conf&egrave;re le grade de licence.</p>\r\n",
        "rule": [
            65
        ]
    },
    "pk": 107,
    "model": "rules.paragraph"
}, {
    "fields": {
        "display_order": 1,
        "is_interaction": false,
        "text_motiv": "",
        "text_derog": "",
        "impact": [],
        "is_in_use": true,
        "is_cmp": false,
        "code_year": 2015,
        "text_standard": "<p><em>Le dipl&ocirc;me est d&eacute;livr&eacute; aux &eacute;tudiants qui ont acquis&nbsp;:</em></p>\r\n\r\n<ul>\r\n\t<li><em>en sciences pharmaceutiques&nbsp;: les quatre semestres par l&rsquo;obtention de 120 ECTS, les stages aff&eacute;rents et le certificat de synth&egrave;se pharmaceutique</em></li>\r\n\t<li><em>en sciences m&eacute;dicales&nbsp;: les six semestres par l&rsquo;obtention de 120 ECTS, les stages aff&eacute;rents et le certificat de comp&eacute;tence clinique</em></li>\r\n\t<li><em>en sciences odontologiques&nbsp;: les quatre semestres par l&rsquo;obtention de 120 ECTS, les stages aff&eacute;rents et le certificat de synth&egrave;se clinique et th&eacute;rapeutiques</em></li>\r\n</ul>\r\n\r\n<p><em>Ce dipl&ocirc;me conf&egrave;re le grade de master.</em></p>\r\n",
        "rule": [
            66
        ]
    },
    "pk": 108,
    "model": "rules.paragraph"
}, {
    "fields": {
        "display_order": 1,
        "is_interaction": false,
        "text_motiv": "",
        "text_derog": "",
        "impact": [],
        "is_in_use": true,
        "is_cmp": false,
        "code_year": 2015,
        "text_standard": "<p>Le dipl&ocirc;me d&rsquo;Etat de Docteur est d&eacute;livr&eacute; aux &eacute;tudiants ayant valid&eacute; les trois cycles d&rsquo;&eacute;tudes et soutenu avec succ&egrave;s leur th&egrave;se.</p>\r\n",
        "rule": [
            67
        ]
    },
    "pk": 109,
    "model": "rules.paragraph"
}, {
    "fields": {
        "display_order": 2,
        "is_interaction": false,
        "text_motiv": "",
        "text_derog": "",
        "impact": [],
        "is_in_use": true,
        "is_cmp": false,
        "code_year": 2015,
        "text_standard": "<p>Le jury de th&egrave;se peut refuser la th&egrave;se et demander des modifications.</p>\r\n\r\n<p>Il peut l&rsquo;admettre avec l&rsquo;une des mentions suivantes&nbsp;: passable, assez bien, bien ou tr&egrave;s bien.</p>\r\n",
        "rule": [
            67
        ]
    },
    "pk": 110,
    "model": "rules.paragraph"
}, {
    "fields": {
        "display_order": 1,
        "is_interaction": false,
        "text_motiv": "",
        "text_derog": "",
        "impact": [],
        "is_in_use": true,
        "is_cmp": false,
        "code_year": 2015,
        "text_standard": "<p>En cas de dispense de semestre, la moyenne g&eacute;n&eacute;rale au dipl&ocirc;me est la moyenne des notes des seuls semestres effectu&eacute;s &agrave; l&rsquo;Universit&eacute; de Strasbourg.</p>\r\n",
        "rule": [
            15
        ]
    },
    "pk": 111,
    "model": "rules.paragraph"
}, {
    "fields": {
        "display_order": 2,
        "is_interaction": false,
        "text_motiv": "",
        "text_derog": "",
        "impact": [],
        "is_in_use": true,
        "is_cmp": false,
        "code_year": 2015,
        "text_standard": "<p style=\"margin-left:1.7pt\">Les &eacute;tudes accomplies &agrave; l&rsquo;&eacute;tranger, selon un contrat p&eacute;dagogique mis en &oelig;uvre dans le cadre d&rsquo;&eacute;changes internationaux conventionn&eacute;s, sont consid&eacute;r&eacute;es comme des &eacute;tudes accomplies &agrave; l&rsquo;Universit&eacute; de Strasbourg. Les modalit&eacute;s d&rsquo;&eacute;valuation de l&rsquo;&eacute;tudiant en mobilit&eacute; sont pr&eacute;cis&eacute;es dans son contrat p&eacute;dagogique.</p>\r\n",
        "rule": [
            15
        ]
    },
    "pk": 112,
    "model": "rules.paragraph"
}, {
    "fields": {
        "display_order": 3,
        "is_interaction": false,
        "text_motiv": "",
        "text_derog": "",
        "impact": [],
        "is_in_use": true,
        "is_cmp": false,
        "code_year": 2015,
        "text_standard": "<p>En cas de r&eacute;orientation, la moyenne g&eacute;n&eacute;rale obtenue au dipl&ocirc;me est la moyenne des notes des seuls semestres effectu&eacute;s dans le dipl&ocirc;me terminal.</p>\r\n",
        "rule": [
            15
        ]
    },
    "pk": 113,
    "model": "rules.paragraph"
}, {
    "fields": {
        "display_order": 4,
        "is_interaction": false,
        "text_motiv": "",
        "text_derog": "",
        "impact": [],
        "is_in_use": true,
        "is_cmp": false,
        "code_year": 2015,
        "text_standard": "<p>L&rsquo;attribution d&rsquo;une mention (assez bien&nbsp;: 12/20&nbsp;; bien&nbsp;: 14/20&nbsp;; tr&egrave;s bien&nbsp;: 16/20) est calcul&eacute;e sur la moyenne g&eacute;n&eacute;rale obtenue au dipl&ocirc;me. Des points de jury peuvent &ecirc;tre accord&eacute;s pour l&rsquo;attribution d&rsquo;une mention.</p>\r\n",
        "rule": [
            15
        ]
    },
    "pk": 114,
    "model": "rules.paragraph"
}, {
    "fields": {
        "display_order": 1,
        "is_interaction": false,
        "text_motiv": "",
        "text_derog": "",
        "impact": [],
        "is_in_use": true,
        "is_cmp": false,
        "code_year": 2015,
        "text_standard": "<p style=\"margin-left:1.7pt\">La r&eacute;ussite au dipl&ocirc;me interm&eacute;diaire de DEUG repose sur la r&eacute;ussite aux quatre premiers semestres de Licence. Toutefois, la compensation op&egrave;re, sans note &eacute;liminatoire, entre les semestres 1 et 2 et entre les semestres 3 et 4.</p>\r\n\r\n<p>La moyenne g&eacute;n&eacute;rale obtenue au DEUG est la moyenne des quatre premiers semestres de Licence, sans pond&eacute;ration des semestres.</p>\r\n",
        "rule": [
            16
        ]
    },
    "pk": 115,
    "model": "rules.paragraph"
}, {
    "fields": {
        "display_order": 2,
        "is_interaction": false,
        "text_motiv": "",
        "text_derog": "",
        "impact": [],
        "is_in_use": true,
        "is_cmp": false,
        "code_year": 2015,
        "text_standard": "<p>En cas de dispense de semestre, la moyenne obtenue au DEUG est la moyenne des notes des seuls semestres effectu&eacute;s &agrave; l&rsquo;Universit&eacute; de Strasbourg.</p>\r\n",
        "rule": [
            16
        ]
    },
    "pk": 116,
    "model": "rules.paragraph"
}, {
    "fields": {
        "display_order": 1,
        "is_interaction": true,
        "text_motiv": "<p>Merci d&rsquo;indiquer, pour les conseils &eacute;lus, les motifs de votre demande.</p>\r\n",
        "text_derog": "<p>Vous souhaitez demander une d&eacute;rogation pour cet alin&eacute;a.</p>\r\n\r\n<p>Merci de reprendre le passage pour le modifier ou y substituer le texte de l&rsquo;alin&eacute;a que vous souhaitez voir valider pour votre formation. <em>N&rsquo;oubliez pas de d&eacute;tailler, le cas &eacute;ch&eacute;ant, les enseignements auxquels s&rsquo;appliquent votre alin&eacute;a, et les conditions et les crit&egrave;res d&rsquo;application, ou tout autre &eacute;l&eacute;ment pertinent.</em></p>\r\n",
        "impact": [],
        "is_in_use": true,
        "is_cmp": false,
        "code_year": 2015,
        "text_standard": "<p>La r&eacute;ussite au dipl&ocirc;me interm&eacute;diaire de Ma&icirc;trise repose sur la r&eacute;ussite &agrave; chacun des deux premiers semestres du Master. Les semestres ne se compensent pas entre eux.</p>\r\n",
        "rule": [
            17
        ]
    },
    "pk": 117,
    "model": "rules.paragraph"
}, {
    "fields": {
        "display_order": 2,
        "is_interaction": false,
        "text_motiv": "",
        "text_derog": "",
        "impact": [],
        "is_in_use": true,
        "is_cmp": false,
        "code_year": 2015,
        "text_standard": "<p>La note de Ma&icirc;trise est la moyenne des notes des deux premiers semestres du Master, sans pond&eacute;ration des semestres.</p>\r\n",
        "rule": [
            17
        ]
    },
    "pk": 118,
    "model": "rules.paragraph"
}, {
    "fields": {
        "display_order": 1,
        "is_interaction": true,
        "text_motiv": "<p><strong>Merci d&rsquo;indiquer, pour les conseils &eacute;lus, les motifs de votre demande.</strong></p>\r\n",
        "text_derog": "<p>Vous souhaitez demander une d&eacute;rogation pour cet alin&eacute;a.</p>\r\n\r\n<p>Merci de reprendre le passage pour le modifier ou y substituer le texte de l&rsquo;alin&eacute;a que vous souhaitez voir valider pour votre formation. <em>N&rsquo;oubliez pas de d&eacute;tailler, le cas &eacute;ch&eacute;ant, les enseignements auxquels s&rsquo;appliquent votre alin&eacute;a, et les conditions et les crit&egrave;res d&rsquo;application, ou tout autre &eacute;l&eacute;ment <strong>pertinent.</strong></em></p>\r\n",
        "impact": [],
        "is_in_use": true,
        "is_cmp": false,
        "code_year": 2015,
        "text_standard": "<p>Les notes sup&eacute;rieures ou &eacute;gales &agrave; 10/20 obtenues &agrave; des &eacute;preuves dans des UE non acquises ne sont pas conserv&eacute;es d&rsquo;une ann&eacute;e &agrave; l&rsquo;autre.</p>\r\n",
        "rule": [
            18
        ]
    },
    "pk": 119,
    "model": "rules.paragraph"
}, {
    "fields": {
        "display_order": 1,
        "is_interaction": false,
        "text_motiv": "",
        "text_derog": "",
        "impact": [],
        "is_in_use": true,
        "is_cmp": false,
        "code_year": 2015,
        "text_standard": "<p>Les U.E. ne peuvent se valider ind&eacute;pendamment, l&#39;admission finale portant sur la</p>\r\n\r\n<p>somme des notes obtenues aux diff&eacute;rents examens. Leurs notes ne peuvent &ecirc;tre report&eacute;es ni conserv&eacute;es en cas de r&eacute;-inscription en PACES.</p>\r\n",
        "rule": [
            68
        ]
    },
    "pk": 120,
    "model": "rules.paragraph"
}, {
    "fields": {
        "display_order": 1,
        "is_interaction": false,
        "text_motiv": "",
        "text_derog": "",
        "impact": [],
        "is_in_use": true,
        "is_cmp": false,
        "code_year": 2015,
        "text_standard": "<p>Une UE dont la note est sup&eacute;rieure ou &eacute;gale &agrave; 10/20 est valid&eacute;e.</p>\r\n",
        "rule": [
            19
        ]
    },
    "pk": 121,
    "model": "rules.paragraph"
}, {
    "fields": {
        "display_order": 2,
        "is_interaction": false,
        "text_motiv": "",
        "text_derog": "",
        "impact": [],
        "is_in_use": true,
        "is_cmp": false,
        "code_year": 2015,
        "text_standard": "<p style=\"margin-left:1.7pt\">L&rsquo;acquisition d&rsquo;une UE emporte celle des cr&eacute;dits europ&eacute;ens correspondants.</p>\r\n\r\n<p>Les &eacute;l&eacute;ments constitutifs d&rsquo;une UE ne sont pas affect&eacute;s individuellement de cr&eacute;dits europ&eacute;ens.</p>\r\n",
        "rule": [
            19
        ]
    },
    "pk": 122,
    "model": "rules.paragraph"
}, {
    "fields": {
        "display_order": 3,
        "is_interaction": true,
        "text_motiv": "<p><strong>Merci d&rsquo;indiquer, pour les conseils &eacute;lus, les motifs de votre demande.</strong></p>\r\n",
        "text_derog": "<p>Vous souhaitez demander une d&eacute;rogation pour cet alin&eacute;a.</p>\r\n\r\n<p>Merci de reprendre le passage pour le modifier ou y substituer le texte de l&rsquo;alin&eacute;a que vous souhaitez voir valider pour votre formation. <em>N&rsquo;oubliez pas de d&eacute;tailler, le cas &eacute;ch&eacute;ant, les enseignements auxquels s&rsquo;appliquent votre alin&eacute;a, et les conditions et les crit&egrave;res d&rsquo;application, ou tout autre &eacute;l&eacute;ment <strong>pertinent.</strong></em></p>\r\n",
        "impact": [],
        "is_in_use": true,
        "is_cmp": false,
        "code_year": 2015,
        "text_standard": "<p>Une UE acquise ne peut plus &ecirc;tre repr&eacute;sent&eacute;e &agrave; un examen, quel que soit le parcours d&rsquo;&eacute;tudes o&ugrave; elle est inscrite.</p>\r\n",
        "rule": [
            19
        ]
    },
    "pk": 123,
    "model": "rules.paragraph"
}, {
    "fields": {
        "display_order": 4,
        "is_interaction": false,
        "text_motiv": "",
        "text_derog": "",
        "impact": [],
        "is_in_use": true,
        "is_cmp": false,
        "code_year": 2015,
        "text_standard": "<p>Une UE non acquise appartenant &agrave; un semestre valid&eacute; ne peut pas &ecirc;tre repr&eacute;sent&eacute;e &agrave; un examen en vue d&rsquo;am&eacute;liorer la note de ce semestre. Elle peut toutefois &ecirc;tre repr&eacute;sent&eacute;e &agrave; un examen si elle est inscrite dans un autre dipl&ocirc;me (mention ou sp&eacute;cialit&eacute;).</p>\r\n",
        "rule": [
            19
        ]
    },
    "pk": 124,
    "model": "rules.paragraph"
}, {
    "fields": {
        "display_order": 5,
        "is_interaction": false,
        "text_motiv": "",
        "text_derog": "",
        "impact": [],
        "is_in_use": true,
        "is_cmp": false,
        "code_year": 2015,
        "text_standard": "<p>En cas de redoublement ou de modification de l&rsquo;offre de formation, les UE acquises au titre d&rsquo;une ann&eacute;e universitaire ant&eacute;rieure et ne figurant plus au programme du dipl&ocirc;me font l&rsquo;objet de mesures transitoires. Les mesures transitoires pr&eacute;servent le nombre de cr&eacute;dits europ&eacute;ens acquis par l&rsquo;&eacute;tudiant.</p>\r\n",
        "rule": [
            19
        ]
    },
    "pk": 125,
    "model": "rules.paragraph"
}, {
    "fields": {
        "display_order": 1,
        "is_interaction": false,
        "text_motiv": "",
        "text_derog": "",
        "impact": [],
        "is_in_use": true,
        "is_cmp": false,
        "code_year": 2015,
        "text_standard": "<p>Lorsque la licence professionnelle n&#39;a pas &eacute;t&eacute; obtenue, les unit&eacute;s d&#39;enseignement dans lesquelles la moyenne de 10 a &eacute;t&eacute; obtenue sont capitalisables. Par ailleurs, l&#39;&eacute;tudiant peut conserver, &agrave; sa demande, le b&eacute;n&eacute;fice des unit&eacute;s d&#39;enseignement pour lesquelles il a obtenu une note &eacute;gale ou sup&eacute;rieure &agrave; 8 sur 20.&nbsp;</p>\r\n",
        "rule": [
            69
        ]
    },
    "pk": 126,
    "model": "rules.paragraph"
}, {
    "fields": {
        "display_order": 1,
        "is_interaction": false,
        "text_motiv": "",
        "text_derog": "",
        "impact": [],
        "is_in_use": true,
        "is_cmp": false,
        "code_year": 2015,
        "text_standard": "<p style=\"margin-left:1.7pt\">L&rsquo;acquisition d&rsquo;une UE emporte celle des cr&eacute;dits europ&eacute;ens correspondants.</p>\r\n\r\n<p>Les &eacute;l&eacute;ments constitutifs d&rsquo;une UE ne sont pas affect&eacute;s individuellement de cr&eacute;dits europ&eacute;ens.</p>\r\n",
        "rule": [
            70
        ]
    },
    "pk": 127,
    "model": "rules.paragraph"
}, {
    "fields": {
        "display_order": 2,
        "is_interaction": false,
        "text_motiv": "",
        "text_derog": "",
        "impact": [],
        "is_in_use": true,
        "is_cmp": false,
        "code_year": 2015,
        "text_standard": "<p>Une UE acquise peut &ecirc;tre repr&eacute;sent&eacute;e &agrave; un examen, dans le cas de redoublement d&rsquo;un semestre, notamment pour am&eacute;liorer les conditions de r&eacute;ussite de sa formation. La compensation prend en compte le r&eacute;sultat le plus favorable pour l&rsquo;&eacute;tudiant.</p>\r\n",
        "rule": [
            70
        ]
    },
    "pk": 128,
    "model": "rules.paragraph"
}, {
    "fields": {
        "display_order": 3,
        "is_interaction": false,
        "text_motiv": "",
        "text_derog": "",
        "impact": [],
        "is_in_use": true,
        "is_cmp": false,
        "code_year": 2015,
        "text_standard": "<p>Une UE non acquise appartenant &agrave; un semestre valid&eacute; ne peut pas &ecirc;tre repr&eacute;sent&eacute;e &agrave; un examen en vue d&rsquo;am&eacute;liorer la note de ce semestre. Elle peut toutefois &ecirc;tre repr&eacute;sent&eacute;e &agrave; un examen si elle est inscrite dans un autre dipl&ocirc;me (mention ou sp&eacute;cialit&eacute;).</p>\r\n",
        "rule": [
            70
        ]
    },
    "pk": 129,
    "model": "rules.paragraph"
}, {
    "fields": {
        "display_order": 4,
        "is_interaction": false,
        "text_motiv": "",
        "text_derog": "",
        "impact": [],
        "is_in_use": true,
        "is_cmp": false,
        "code_year": 2015,
        "text_standard": "<p>En cas de redoublement ou de modification de l&rsquo;offre de formation, les UE acquises au titre d&rsquo;une ann&eacute;e universitaire ant&eacute;rieure et ne figurant plus au programme du dipl&ocirc;me font l&rsquo;objet de mesures transitoires. Les mesures transitoires pr&eacute;servent le nombre de cr&eacute;dits europ&eacute;ens acquis par l&rsquo;&eacute;tudiant.</p>\r\n",
        "rule": [
            70
        ]
    },
    "pk": 130,
    "model": "rules.paragraph"
}, {
    "fields": {
        "display_order": 1,
        "is_interaction": false,
        "text_motiv": "",
        "text_derog": "",
        "impact": [],
        "is_in_use": true,
        "is_cmp": false,
        "code_year": 2015,
        "text_standard": "<p>Deux sessions d&rsquo;examens sont organis&eacute;es pour chaque semestre durant l&rsquo;ann&eacute;e universitaire. La session de rattrapage concerne les &eacute;tudiants d&eacute;faillants ou ajourn&eacute;s apr&egrave;s la tenue du jury.</p>\r\n",
        "rule": [
            20
        ]
    },
    "pk": 131,
    "model": "rules.paragraph"
}, {
    "fields": {
        "display_order": 2,
        "is_interaction": false,
        "text_motiv": "",
        "text_derog": "",
        "impact": [],
        "is_in_use": true,
        "is_cmp": false,
        "code_year": 2015,
        "text_standard": "<p>Les modalit&eacute;s d&rsquo;&eacute;valuation des &eacute;tudiants peuvent &ecirc;tre pr&eacute;vues sous la forme d&rsquo;un contr&ocirc;le continu. Dans ce cas, il peut constituer int&eacute;gralement la session principale d&rsquo;examens et contribuer &agrave; la session de rattrapage sous la forme d&rsquo;un report de notes de TD et/ou de TP.</p>\r\n",
        "rule": [
            20
        ]
    },
    "pk": 132,
    "model": "rules.paragraph"
}, {
    "fields": {
        "display_order": 3,
        "is_interaction": false,
        "text_motiv": "",
        "text_derog": "",
        "impact": [],
        "is_in_use": true,
        "is_cmp": false,
        "code_year": 2015,
        "text_standard": "<p>Une session de rattrapage intervient dans un d&eacute;lai qui ne peut &ecirc;tre inf&eacute;rieur &agrave; deux semaines apr&egrave;s la publication des r&eacute;sultats semestriels.</p>\r\n",
        "rule": [
            20
        ]
    },
    "pk": 133,
    "model": "rules.paragraph"
}, {
    "fields": {
        "display_order": 1,
        "is_interaction": false,
        "text_motiv": "",
        "text_derog": "",
        "impact": [],
        "is_in_use": true,
        "is_cmp": false,
        "code_year": 2015,
        "text_standard": "<p>S&#39;agissant d&#39;un concours, il n&#39;y a pas de session de rattrapage pour les absent(e)s</p>\r\n\r\n<p>[excus&eacute;(e)s ou non] aux &eacute;preuves &eacute;crites anonymes de janvier ou de juin.</p>\r\n",
        "rule": [
            71
        ]
    },
    "pk": 134,
    "model": "rules.paragraph"
}, {
    "fields": {
        "display_order": 1,
        "is_interaction": true,
        "text_motiv": "<p><strong>Merci d&rsquo;indiquer, pour les conseils &eacute;lus, les motifs de votre demande.</strong></p>\r\n",
        "text_derog": "<p>Vous souhaitez demander une d&eacute;rogation pour cet alin&eacute;a.</p>\r\n\r\n<p>Merci de reprendre le passage pour le modifier ou y substituer le texte de l&rsquo;alin&eacute;a que vous souhaitez voir valider pour votre formation. <em>N&rsquo;oubliez pas de d&eacute;tailler, le cas &eacute;ch&eacute;ant, les enseignements auxquels s&rsquo;appliquent votre alin&eacute;a, et les conditions et les crit&egrave;res d&rsquo;application, ou tout autre &eacute;l&eacute;ment pertinent.</em></p>\r\n",
        "impact": [],
        "is_in_use": true,
        "is_cmp": false,
        "code_year": 2015,
        "text_standard": "<p>La session de rattrapage comporte des &eacute;preuves terminales en m&ecirc;me nombre et de m&ecirc;me nature que la premi&egrave;re.</p>\r\n",
        "rule": [
            72
        ]
    },
    "pk": 135,
    "model": "rules.paragraph"
}, {
    "fields": {
        "display_order": 1,
        "is_interaction": true,
        "text_motiv": "<p><strong>Merci d&rsquo;indiquer, pour les conseils &eacute;lus, les motifs de votre demande.</strong></p>\r\n",
        "text_derog": "<p>Vous souhaitez demander une d&eacute;rogation pour cet alin&eacute;a.</p>\r\n\r\n<p>Merci de reprendre le passage pour le modifier ou y substituer le texte de l&rsquo;alin&eacute;a que vous souhaitez voir valider pour votre formation. <em>N&rsquo;oubliez pas de d&eacute;tailler, le cas &eacute;ch&eacute;ant, les enseignements auxquels s&rsquo;appliquent votre alin&eacute;a, et les conditions et les crit&egrave;res d&rsquo;application, ou tout autre &eacute;l&eacute;ment pertinent.</em></p>\r\n",
        "impact": [],
        "is_in_use": true,
        "is_cmp": false,
        "code_year": 2015,
        "text_standard": "<p>Une session de rattrapage peut &ecirc;tre organis&eacute;e.</p>\r\n",
        "rule": [
            21
        ]
    },
    "pk": 136,
    "model": "rules.paragraph"
}, {
    "fields": {
        "display_order": 2,
        "is_interaction": false,
        "text_motiv": "",
        "text_derog": "",
        "impact": [],
        "is_in_use": true,
        "is_cmp": false,
        "code_year": 2015,
        "text_standard": "<p>La session de rattrapage concerne les &eacute;tudiants d&eacute;faillants ou ajourn&eacute;s apr&egrave;s la tenue du jury.</p>\r\n",
        "rule": [
            21
        ]
    },
    "pk": 137,
    "model": "rules.paragraph"
}, {
    "fields": {
        "display_order": 3,
        "is_interaction": false,
        "text_motiv": "",
        "text_derog": "",
        "impact": [],
        "is_in_use": true,
        "is_cmp": false,
        "code_year": 2015,
        "text_standard": "<p>Une session de rattrapage intervient dans un d&eacute;lai qui ne peut &ecirc;tre inf&eacute;rieur &agrave; deux semaines apr&egrave;s la publication des r&eacute;sultats semestriels.</p>\r\n",
        "rule": [
            21
        ]
    },
    "pk": 138,
    "model": "rules.paragraph"
}, {
    "fields": {
        "display_order": 1,
        "is_interaction": false,
        "text_motiv": "",
        "text_derog": "",
        "impact": [],
        "is_in_use": true,
        "is_cmp": false,
        "code_year": 2015,
        "text_standard": "<p>L&rsquo;appr&eacute;ciation des r&eacute;sultats du contr&ocirc;le des connaissances donne lieu &agrave; deux sessions &agrave; un semestre au plus d&rsquo;intervalle (une session d&rsquo;examen par semestre).</p>\r\n",
        "rule": [
            73
        ]
    },
    "pk": 139,
    "model": "rules.paragraph"
}, {
    "fields": {
        "display_order": 2,
        "is_interaction": true,
        "text_motiv": "<p><strong>Merci d&rsquo;indiquer, pour les conseils &eacute;lus, les motifs de votre demande.</strong></p>\r\n",
        "text_derog": "<p>Vous souhaitez demander une d&eacute;rogation pour cet alin&eacute;a.</p>\r\n\r\n<p>Merci de reprendre le passage pour le modifier ou y substituer le texte de l&rsquo;alin&eacute;a que vous souhaitez voir valider pour votre formation. <em>N&rsquo;oubliez pas de d&eacute;tailler, le cas &eacute;ch&eacute;ant, les enseignements auxquels s&rsquo;appliquent votre alin&eacute;a, et les conditions et les crit&egrave;res d&rsquo;application, ou tout autre &eacute;l&eacute;ment pertinent.</em></p>\r\n",
        "impact": [],
        "is_in_use": true,
        "is_cmp": false,
        "code_year": 2015,
        "text_standard": "<p>Une session de rattrapage peut &ecirc;tre organis&eacute;e. La session de rattrapage concerne les &eacute;tudiants d&eacute;faillants ou ajourn&eacute;s apr&egrave;s la tenue du jury.</p>\r\n",
        "rule": [
            73
        ]
    },
    "pk": 140,
    "model": "rules.paragraph"
}, {
    "fields": {
        "display_order": 1,
        "is_interaction": true,
        "text_motiv": "<p><strong>Merci d&rsquo;indiquer, pour les conseils &eacute;lus, les motifs de votre demande.</strong></p>\r\n",
        "text_derog": "<p>Vous souhaitez demander une d&eacute;rogation pour cet alin&eacute;a.</p>\r\n\r\n<p>Merci de reprendre le passage pour le modifier ou y substituer le texte de l&rsquo;alin&eacute;a que vous souhaitez voir valider pour votre formation. <em>N&rsquo;oubliez pas de d&eacute;tailler, le cas &eacute;ch&eacute;ant, les enseignements auxquels s&rsquo;appliquent votre alin&eacute;a, et les conditions et les crit&egrave;res d&rsquo;application, ou tout autre &eacute;l&eacute;ment pertinent.</em></p>\r\n",
        "impact": [],
        "is_in_use": true,
        "is_cmp": false,
        "code_year": 2015,
        "text_standard": "<p>Lorsqu&rsquo;est organis&eacute;e une session de rattrapage, elle comporte des &eacute;preuves terminales en m&ecirc;me nombre et de m&ecirc;me nature que la premi&egrave;re.</p>\r\n",
        "rule": [
            74
        ]
    },
    "pk": 141,
    "model": "rules.paragraph"
}, {
    "fields": {
        "display_order": 1,
        "is_interaction": false,
        "text_motiv": "",
        "text_derog": "",
        "impact": [],
        "is_in_use": true,
        "is_cmp": false,
        "code_year": 2015,
        "text_standard": "<p style=\"margin-left:1.7pt\">L&rsquo;&eacute;valuation continue int&eacute;grale consiste en une pluralit&eacute; d&rsquo;&eacute;valuations diversifi&eacute;es, r&eacute;parties r&eacute;guli&egrave;rement sur l&rsquo;ensemble des&nbsp; semaines du semestre et pour l&rsquo;ensemble des enseignements dont l&rsquo;objectif est de renforcer la dimension formative des &eacute;valuations et de conf&eacute;rer aux retours sur les &eacute;valuations un r&ocirc;le important dans la progression des &eacute;tudiants.</p>\r\n\r\n<p>Elle doit permettre &agrave; l&rsquo;&eacute;quipe p&eacute;dagogique d&rsquo;attester que l&rsquo;&eacute;tudiant ma&icirc;trise les connaissances et comp&eacute;tences vis&eacute;es dans une UE. Elle n&rsquo;a pas n&eacute;cessairement pour objectif d&rsquo;&eacute;valuer tous les contenus p&eacute;dagogiques d&rsquo;une UE.</p>\r\n",
        "rule": [
            22
        ]
    },
    "pk": 142,
    "model": "rules.paragraph"
}, {
    "fields": {
        "display_order": 1,
        "is_interaction": false,
        "text_motiv": "",
        "text_derog": "",
        "impact": [],
        "is_in_use": true,
        "is_cmp": false,
        "code_year": 2015,
        "text_standard": "<p>L&rsquo;organisation temporelle de toutes les &eacute;valuations (avec et sans convocation) est &eacute;tablie de fa&ccedil;on concert&eacute;e dans l&rsquo;&eacute;quipe p&eacute;dagogique de la formation. Le responsable du parcours ou de la sp&eacute;cialit&eacute; concern&eacute;e, ou le directeur des &eacute;tudes (ou appellation &eacute;quivalente) si cette fonction est pr&eacute;vue par la composante porteuse de la formation, est le responsable de ce calendrier. Il a donc autorit&eacute; au sein de l&rsquo;&eacute;quipe p&eacute;dagogique pour garantir la meilleure coordonnation possible entre les &eacute;valuations. L&rsquo;organisation pratique est coordonn&eacute;e par l&rsquo;&eacute;quipe p&eacute;dagogique et la scolarit&eacute; de la composante et la DALI.</p>\r\n",
        "rule": [
            23
        ]
    },
    "pk": 143,
    "model": "rules.paragraph"
}, {
    "fields": {
        "display_order": 2,
        "is_interaction": false,
        "text_motiv": "",
        "text_derog": "",
        "impact": [],
        "is_in_use": true,
        "is_cmp": false,
        "code_year": 2015,
        "text_standard": "<p>La r&eacute;partition r&eacute;guli&egrave;re des &eacute;valuations peut &ecirc;tre garantie par le recours syst&eacute;matique &agrave; des cr&eacute;neaux hebdomadaires identifi&eacute;s dans l&rsquo;emploi du temps.</p>\r\n",
        "rule": [
            23
        ]
    },
    "pk": 144,
    "model": "rules.paragraph"
}, {
    "fields": {
        "display_order": 3,
        "is_interaction": false,
        "text_motiv": "",
        "text_derog": "",
        "impact": [],
        "is_in_use": true,
        "is_cmp": false,
        "code_year": 2015,
        "text_standard": "<p>Le planning des &eacute;valuations avec convocation (qui doivent &ecirc;tre identifi&eacute;es comme telles dans les modalit&eacute;s d&rsquo;&eacute;valuation de chaque formation sera publi&eacute; au cours des deux premi&egrave;res semaines du semestre. Si des modifications doivent &ecirc;tre apport&eacute;es au planning des &eacute;valuations en cours de semestre pour des raisons imp&eacute;rieuses, elles devront &ecirc;tre communiqu&eacute;es obligatoirement 15 jours avant l&rsquo;&eacute;valuation.</p>\r\n",
        "rule": [
            23
        ]
    },
    "pk": 145,
    "model": "rules.paragraph"
}, {
    "fields": {
        "display_order": 4,
        "is_interaction": false,
        "text_motiv": "",
        "text_derog": "",
        "impact": [],
        "is_in_use": true,
        "is_cmp": false,
        "code_year": 2015,
        "text_standard": "<p style=\"margin-left:1.7pt\">Des &eacute;valuations peuvent &eacute;galement &ecirc;tre r&eacute;alis&eacute;es sans convocation dans les cr&eacute;neaux d&rsquo;enseignement de l&rsquo;emploi du temps (&eacute;valuations en TD et TP, par exemple). Pour ces derni&egrave;res, des am&eacute;nagements ou des d&eacute;rogations sont accord&eacute;s au profit des &eacute;tudiants &agrave; profil sp&eacute;cifique (&eacute;tudiants salari&eacute;s, sportifs ou musiciens de haut niveau, en situation de handicap, etc.)</p>\r\n",
        "rule": [
            23
        ]
    },
    "pk": 146,
    "model": "rules.paragraph"
}, {
    "fields": {
        "display_order": 1,
        "is_interaction": false,
        "text_motiv": "",
        "text_derog": "",
        "impact": [],
        "is_in_use": true,
        "is_cmp": false,
        "code_year": 2015,
        "text_standard": "<p style=\"margin-left:1.7pt\">L&rsquo;&eacute;l&eacute;ment de base de l&rsquo;&eacute;valuation et de la compensation est l&rsquo;UE.</p>\r\n\r\n<p>Le nombre global de notes est &agrave; appr&eacute;cier en fonction du nombre d&rsquo;ECTS et/ou du nombre d&rsquo;enseignements qui composent l&rsquo;UE, ainsi que de la nature et de la dur&eacute;e des &eacute;preuves.</p>\r\n",
        "rule": [
            24
        ]
    },
    "pk": 147,
    "model": "rules.paragraph"
}, {
    "fields": {
        "display_order": 2,
        "is_interaction": true,
        "text_motiv": "<p>Merci d&rsquo;indiquer, pour les conseils &eacute;lus, les motifs de votre demande.</p>\r\n",
        "text_derog": "<p>Vous souhaitez demander une d&eacute;rogation pour cet alin&eacute;a.</p>\r\n\r\n<p>Merci de reprendre le passage pour le modifier ou y substituer le texte de l&rsquo;alin&eacute;a que vous souhaitez voir valider pour votre formation. <em>N&rsquo;oubliez pas de d&eacute;tailler, le cas &eacute;ch&eacute;ant, les enseignements auxquels s&rsquo;appliquent votre alin&eacute;a, et les conditions et les crit&egrave;res d&rsquo;application, ou tout autre &eacute;l&eacute;ment pertinent.</em></p>\r\n",
        "impact": [],
        "is_in_use": true,
        "is_cmp": false,
        "code_year": 2015,
        "text_standard": "<p>Aucune note ne peut contribuer pour plus de 50% de la moyenne de l&rsquo;UE.</p>\r\n",
        "rule": [
            24
        ]
    },
    "pk": 148,
    "model": "rules.paragraph"
}, {
    "fields": {
        "display_order": 3,
        "is_interaction": true,
        "text_motiv": "<p>Merci d&rsquo;indiquer, pour les conseils &eacute;lus, les motifs de votre demande.</p>\r\n",
        "text_derog": "<p>Vous souhaitez demander une d&eacute;rogation pour cet alin&eacute;a.</p>\r\n\r\n<p>Merci de reprendre le passage pour le modifier ou y substituer le texte de l&rsquo;alin&eacute;a que vous souhaitez voir valider pour votre formation. <em>N&rsquo;oubliez pas de d&eacute;tailler, le cas &eacute;ch&eacute;ant, les enseignements auxquels s&rsquo;appliquent votre alin&eacute;a, et les conditions et les crit&egrave;res d&rsquo;application, ou tout autre &eacute;l&eacute;ment pertinent.</em></p>\r\n",
        "impact": [],
        "is_in_use": true,
        "is_cmp": false,
        "code_year": 2015,
        "text_standard": "<p style=\"margin-left:1.7pt\">Un minimum de trois notes est fortement encourag&eacute; pour permettre une v&eacute;ritable progression de l&rsquo;&eacute;tudiant et des rem&eacute;diations entre les &eacute;valuations. <strong>Ce minimum est exig&eacute; pour des UE de plus de 3 ECTS.</strong></p>\r\n",
        "rule": [
            24
        ]
    },
    "pk": 149,
    "model": "rules.paragraph"
}, {
    "fields": {
        "display_order": 1,
        "is_interaction": false,
        "text_motiv": "",
        "text_derog": "",
        "impact": [],
        "is_in_use": true,
        "is_cmp": false,
        "code_year": 2015,
        "text_standard": "<p>Chaque &eacute;preuve doit &ecirc;tre corrig&eacute;e dans un d&eacute;lai raisonnable, et en tout &eacute;tat de cause avant l&rsquo;&eacute;valuation suivante. Elle fait l&rsquo;objet d&rsquo;une correction selon des modalit&eacute;s laiss&eacute;es &agrave; l&rsquo;appr&eacute;ciation des enseignants. Le corrig&eacute; renforce la dimension formative de l&rsquo;UE. En particulier, il est remis en perspective par rapport aux attendus (connaissances et comp&eacute;tence) de l&rsquo;enseignement.</p>\r\n",
        "rule": [
            25
        ]
    },
    "pk": 150,
    "model": "rules.paragraph"
}, {
    "fields": {
        "display_order": 1,
        "is_interaction": false,
        "text_motiv": "",
        "text_derog": "",
        "impact": [],
        "is_in_use": true,
        "is_cmp": false,
        "code_year": 2015,
        "text_standard": "<p><u>En cas d&rsquo;absence &agrave; une &eacute;preuve avec convocation,</u> l&rsquo;&eacute;tudiant doit imp&eacute;rativement pr&eacute;senter une justification au service de scolarit&eacute; dans un d&eacute;lai de rigueur de sept jours ouvr&eacute;s, sauf cas de force majeure. Seule un certificat original est recevable.</p>\r\n",
        "rule": [
            26
        ]
    },
    "pk": 151,
    "model": "rules.paragraph"
}, {
    "fields": {
        "display_order": 2,
        "is_interaction": true,
        "text_motiv": "<p>Merci d&rsquo;indiquer, pour les conseils &eacute;lus, les motifs de votre demande.</p>\r\n",
        "text_derog": "<p>Vous souhaitez demander une d&eacute;rogation pour cet alin&eacute;a.</p>\r\n\r\n<p>Merci de reprendre le passage pour le modifier ou y substituer le texte de l&rsquo;alin&eacute;a que vous souhaitez voir valider pour votre formation. <em>N&rsquo;oubliez pas de d&eacute;tailler, le cas &eacute;ch&eacute;ant, les enseignements auxquels s&rsquo;appliquent votre alin&eacute;a, et les conditions et les crit&egrave;res d&rsquo;application, ou tout autre &eacute;l&eacute;ment pertinent.</em></p>\r\n",
        "impact": [],
        "is_in_use": true,
        "is_cmp": false,
        "code_year": 2015,
        "text_standard": "<p>A d&eacute;faut de justification recevable, l&rsquo;&eacute;tudiant est d&eacute;clar&eacute; d&eacute;faillant quels que soient les r&eacute;sultats obtenus par ailleurs. Il devra donc repasser tous les &eacute;l&eacute;ments non valid&eacute;s lors de la session de rattrapage.</p>\r\n",
        "rule": [
            26
        ]
    },
    "pk": 152,
    "model": "rules.paragraph"
}, {
    "fields": {
        "display_order": 3,
        "is_interaction": true,
        "text_motiv": "<p>[Pas de motivation n&eacute;cessaire] (saisir <em>N&eacute;ant</em>)</p>\r\n",
        "text_derog": "<p><strong>Vous souhaitez ajouter des motifs de justifications d&rsquo;absence en examen &agrave; la liste propos&eacute;e par les r&egrave;gles g&eacute;n&eacute;rales des MECC. Merci de les ajouter &agrave; la suite du texte reproduit ci-dessous, en adoptant une r&eacute;daction pr&eacute;cise quant aux circonstances et crit&egrave;res d&rsquo;absence que vous estimez excusables.</strong></p>\r\n",
        "impact": [],
        "is_in_use": true,
        "is_cmp": false,
        "code_year": 2015,
        "text_standard": "<p>Toutefois, une &eacute;preuve de remplacement peut &ecirc;tre accord&eacute;e par le Pr&eacute;sident du jury ou le responsable de la formation, au cas par cas, en particulier dans les circonstances suivantes&nbsp;:</p>\r\n\r\n<ul>\r\n\t<li>Une convocation &agrave; un concours de recrutement de la fonction publique&nbsp;; la convocation doit &ecirc;tre d&eacute;pos&eacute;e au moins trois jours avant les &eacute;preuves aupr&egrave;s du service de scolarit&eacute;.</li>\r\n\t<li>Un emp&ecirc;chement subit et grave, ind&eacute;pendant de la volont&eacute; de l&rsquo;&eacute;tudiant et attest&eacute; apr&egrave;s du service de scolarit&eacute; par un justificatif original dans un d&eacute;lai n&rsquo;exc&eacute;dant pas sept jours ouvr&eacute;s apr&egrave;s les &eacute;preuves concern&eacute;s. Un accident, une maladie obligeant &agrave; un arr&ecirc;t, une hospitalisation, le d&eacute;c&egrave;s d&rsquo;un proche constituent des cas recevables dans cette circonstance.</li>\r\n</ul>\r\n\r\n<p>La pr&eacute;sence &agrave; ces &eacute;preuves est obligatoire sauf pour les cas de dispense.</p>\r\n",
        "rule": [
            26
        ]
    },
    "pk": 153,
    "model": "rules.paragraph"
}, {
    "fields": {
        "display_order": 4,
        "is_interaction": false,
        "text_motiv": "",
        "text_derog": "",
        "impact": [],
        "is_in_use": true,
        "is_cmp": false,
        "code_year": 2015,
        "text_standard": "<p>Des dispositions particuli&egrave;res peuvent &ecirc;tre appliqu&eacute;es aux &eacute;tudiants &agrave; profil sp&eacute;cifique.</p>\r\n",
        "rule": [
            26
        ]
    },
    "pk": 154,
    "model": "rules.paragraph"
}, {
    "fields": {
        "display_order": 1,
        "is_interaction": true,
        "text_motiv": "<p>Merci d&rsquo;indiquer, pour les conseils &eacute;lus, les motifs de votre demande.</p>\r\n",
        "text_derog": "<p>Vous souhaitez demander une d&eacute;rogation pour cet alin&eacute;a.</p>\r\n\r\n<p>Merci de reprendre le passage pour le modifier ou y substituer le texte de l&rsquo;alin&eacute;a que vous souhaitez voir valider pour votre formation. <em>N&rsquo;oubliez pas de d&eacute;tailler, le cas &eacute;ch&eacute;ant, les enseignements auxquels s&rsquo;appliquent votre alin&eacute;a, et les conditions et les crit&egrave;res d&rsquo;application, ou tout autre &eacute;l&eacute;ment pertinent.</em></p>\r\n",
        "impact": [],
        "is_in_use": true,
        "is_cmp": false,
        "code_year": 2015,
        "text_standard": "<p style=\"margin-left:1.85pt\">La pr&eacute;sence aux &eacute;preuves n&rsquo;ayant pas donn&eacute; lieu &agrave; convocation est obligatoire, sauf dans les cas de dispense.</p>\r\n\r\n<p>En cas d&rsquo;absence &agrave; une &eacute;preuve sans convocation, l&rsquo;&eacute;tudiant doit imp&eacute;rativement pr&eacute;senter une justification au service de scolarit&eacute; dans un d&eacute;lai de rigueur de sept jours ouvr&eacute;s, sauf en cas de force majeure. Seul un certificat original est recevable.</p>\r\n",
        "rule": [
            27
        ]
    },
    "pk": 155,
    "model": "rules.paragraph"
}, {
    "fields": {
        "display_order": 2,
        "is_interaction": true,
        "text_motiv": "<p>[Pas de motivation n&eacute;cessaire] (saisir <em>N&eacute;ant</em>)</p>\r\n",
        "text_derog": "<p><strong>Vous souhaitez ajouter des motifs de justifications d&rsquo;absence en examen &agrave; la liste propos&eacute;e par les r&egrave;gles g&eacute;n&eacute;rales des MECC. Merci de les ajouter &agrave; la suite du texte reproduit ci-dessous, en adoptant une r&eacute;daction pr&eacute;cise quant aux circonstances et crit&egrave;res d&rsquo;absence que vous estimez excusables.</strong></p>\r\n",
        "impact": [],
        "is_in_use": true,
        "is_cmp": false,
        "code_year": 2015,
        "text_standard": "<p style=\"margin-left:1.85pt\">Sont consid&eacute;r&eacute;es comme des justifications recevables&nbsp;:</p>\r\n\r\n<ul>\r\n\t<li>Une convocation &agrave; un concours de recrutement de la fonction publique&nbsp;; la convocation doit &ecirc;tre d&eacute;pos&eacute;e au moins trois jours avant les &eacute;preuves aupr&egrave;s du service de scolarit&eacute;.</li>\r\n\t<li>Un emp&ecirc;chement subit et grave, ind&eacute;pendant de la volont&eacute; de l&rsquo;&eacute;tudiant et attest&eacute; aupr&egrave;s du service de scolarit&eacute; par un justificatif original, dans un d&eacute;lai n&rsquo;exc&eacute;dant pas sept jours ouvr&eacute;s apr&egrave;s les &eacute;preuves concern&eacute;es. Un accident, une maladie obligeant &agrave; un arr&ecirc;t, une hospitalisation, le d&eacute;c&egrave;s d&rsquo;un proche constituent des cas recevables dans cette circonstance.</li>\r\n</ul>\r\n",
        "rule": [
            27
        ]
    },
    "pk": 156,
    "model": "rules.paragraph"
}, {
    "fields": {
        "display_order": 3,
        "is_interaction": true,
        "text_motiv": "<p>Merci d&rsquo;indiquer, pour les conseils &eacute;lus, les motifs de votre demande.</p>\r\n",
        "text_derog": "<p>Vous souhaitez demander une d&eacute;rogation pour cet alin&eacute;a.</p>\r\n\r\n<p>Merci de reprendre le passage pour le modifier ou y substituer le texte de l&rsquo;alin&eacute;a que vous souhaitez voir valider pour votre formation. <em>N&rsquo;oubliez pas de d&eacute;tailler, le cas &eacute;ch&eacute;ant, les enseignements auxquels s&rsquo;appliquent votre alin&eacute;a, et les conditions et les crit&egrave;res d&rsquo;application, ou tout autre &eacute;l&eacute;ment pertinent.</em></p>\r\n",
        "impact": [],
        "is_in_use": true,
        "is_cmp": false,
        "code_year": 2015,
        "text_standard": "<p><em>En cas d&rsquo;absence injustifi&eacute;e, l&rsquo;&eacute;tudiant est sanctionn&eacute; par la note z&eacute;ro &agrave; cette &eacute;preuve.</em></p>\r\n",
        "rule": [
            27
        ]
    },
    "pk": 157,
    "model": "rules.paragraph"
}, {
    "fields": {
        "display_order": 4,
        "is_interaction": false,
        "text_motiv": "",
        "text_derog": "",
        "impact": [],
        "is_in_use": true,
        "is_cmp": false,
        "code_year": 2015,
        "text_standard": "<p style=\"margin-left:1.85pt\">Une dispense totale ou partielle de pr&eacute;sence aux &eacute;preuves sans convocation peut &ecirc;tre accord&eacute;e dans les conditions suivantes.</p>\r\n\r\n<ul>\r\n\t<li>Les &eacute;tudiants relevant d&rsquo;un profil sp&eacute;cifique peuvent b&eacute;n&eacute;ficier d&rsquo;une dispense totale de pr&eacute;sence aux &eacute;preuves sans convocation. Ils doivent en faire la demande aupr&egrave;s de leur service de scolarit&eacute; avant la fin du premier mois des enseignements ou dans les quinze jours suivant leur accession &agrave; ce profil sp&eacute;cifique.</li>\r\n\t<li>Une dispense partielle de pr&eacute;sence aux &eacute;preuves sans convocation peut &ecirc;tre accord&eacute;e pour des raisons jug&eacute;es recevables. L&rsquo;&eacute;tudiant doit en faire la demande et produite les justificatifs aupr&egrave;s de son service de scolarit&eacute; avant l&rsquo;&eacute;preuve ou, en cas d&rsquo;&eacute;v&eacute;nement impr&eacute;vu, au plus tard sept jours apr&egrave;s l&rsquo;&eacute;preuve. Une &eacute;preuve de remplacement peut lui &ecirc;tre propos&eacute;e par l&rsquo;enseignant responsable de l&rsquo;&eacute;preuve initiale, qui en d&eacute;finit les modalit&eacute;s&nbsp;; elles peuvent &ecirc;tre diff&eacute;rentes de celles de l&rsquo;&eacute;preuve initiale. A d&eacute;faut, il n&rsquo;est pas tenu compte de la note manquante.</li>\r\n</ul>\r\n",
        "rule": [
            27
        ]
    },
    "pk": 158,
    "model": "rules.paragraph"
}, {
    "fields": {
        "display_order": 1,
        "is_interaction": false,
        "text_motiv": "",
        "text_derog": "",
        "impact": [],
        "is_in_use": true,
        "is_cmp": false,
        "code_year": 2015,
        "text_standard": "<p>Par d&eacute;finition, dans un r&eacute;gime d&rsquo;&eacute;valuation continue int&eacute;grale dont l&rsquo;objectif est de favoriser la r&eacute;ussite et les apprentissages des &eacute;tudiants par des &eacute;preuves formatives, multiples et diversifi&eacute;es, la session de rattrapage est avant tout destin&eacute;e aux &eacute;tudiants emp&ecirc;ch&eacute;s de composer au cours du semestre.</p>\r\n",
        "rule": [
            28
        ]
    },
    "pk": 159,
    "model": "rules.paragraph"
}, {
    "fields": {
        "display_order": 2,
        "is_interaction": true,
        "text_motiv": "<p>Merci d&rsquo;indiquer, pour les conseils &eacute;lus, les motifs de votre demande.</p>\r\n",
        "text_derog": "<p>Vous souhaitez demander une d&eacute;rogation pour cet alin&eacute;a.</p>\r\n\r\n<p>Merci de reprendre le passage pour le modifier ou y substituer le texte de l&rsquo;alin&eacute;a que vous souhaitez voir valider pour votre formation. <em>N&rsquo;oubliez pas de d&eacute;tailler, le cas &eacute;ch&eacute;ant, les enseignements auxquels s&rsquo;appliquent votre alin&eacute;a, et les conditions et les crit&egrave;res d&rsquo;application, ou tout autre &eacute;l&eacute;ment pertinent.</em></p>\r\n",
        "impact": [],
        "is_in_use": true,
        "is_cmp": false,
        "code_year": 2015,
        "text_standard": "<p>Elle comportera une &eacute;preuve unique par UE.</p>\r\n",
        "rule": [
            28
        ]
    },
    "pk": 160,
    "model": "rules.paragraph"
}, {
    "fields": {
        "display_order": 1,
        "is_interaction": true,
        "text_motiv": "<p>Merci d&rsquo;indiquer, pour les conseils &eacute;lus, les motifs de votre demande.</p>\r\n",
        "text_derog": "<p>Vous souhaitez demander une d&eacute;rogation pour cet alin&eacute;a.</p>\r\n\r\n<p>Merci de reprendre le passage pour le modifier ou y substituer le texte de l&rsquo;alin&eacute;a que vous souhaitez voir valider pour votre formation. <em>N&rsquo;oubliez pas de d&eacute;tailler, le cas &eacute;ch&eacute;ant, les enseignements auxquels s&rsquo;appliquent votre alin&eacute;a, et les conditions et les crit&egrave;res d&rsquo;application, ou tout autre &eacute;l&eacute;ment pertinent.</em></p>\r\n",
        "impact": [],
        "is_in_use": true,
        "is_cmp": false,
        "code_year": 2015,
        "text_standard": "<p>Les candidats ne peuvent acc&eacute;der &agrave; la salle d&rsquo;examen au-del&agrave; de la premi&egrave;re heure de l&rsquo;&eacute;preuve, ou au-del&agrave; de la moiti&eacute; de la dur&eacute;e de l&rsquo;&eacute;preuve lorsque celle-ci est inf&eacute;rieure ou &eacute;gale &agrave; une heure. Aucun &eacute;tudiant n&#39;est autoris&eacute; &agrave; quitter la salle d&#39;examen avant que la moiti&eacute; de la dur&eacute;e de l&rsquo;&eacute;preuve ne soit &eacute;coul&eacute;e, ni 10 minutes avant la fin de l&rsquo;&eacute;preuve.</p>\r\n\r\n<p>Les candidats retardataires ne b&eacute;n&eacute;ficient d&rsquo;aucune dur&eacute;e suppl&eacute;mentaire.</p>\r\n",
        "rule": [
            29
        ]
    },
    "pk": 161,
    "model": "rules.paragraph"
}, {
    "fields": {
        "display_order": 2,
        "is_interaction": true,
        "text_motiv": "<p>Merci d&rsquo;indiquer, pour les conseils &eacute;lus, les motifs de votre demande.</p>\r\n",
        "text_derog": "<p>Vous souhaitez demander une d&eacute;rogation pour cet alin&eacute;a.</p>\r\n\r\n<p>Merci de reprendre le passage pour le modifier ou y substituer le texte de l&rsquo;alin&eacute;a que vous souhaitez voir valider pour votre formation. <em>N&rsquo;oubliez pas de d&eacute;tailler, le cas &eacute;ch&eacute;ant, les enseignements auxquels s&rsquo;appliquent votre alin&eacute;a, et les conditions et les crit&egrave;res d&rsquo;application, ou tout autre &eacute;l&eacute;ment pertinent.</em></p>\r\n",
        "impact": [],
        "is_in_use": true,
        "is_cmp": false,
        "code_year": 2015,
        "text_standard": "<p>En cas d&rsquo;absence &agrave; une &eacute;preuve de contr&ocirc;le terminal, l&rsquo;&eacute;tudiant est d&eacute;clar&eacute; d&eacute;faillant quels que soient les r&eacute;sultats obtenus par ailleurs.</p>\r\n",
        "rule": [
            29
        ]
    },
    "pk": 162,
    "model": "rules.paragraph"
}, {
    "fields": {
        "display_order": 3,
        "is_interaction": false,
        "text_motiv": "",
        "text_derog": "",
        "impact": [],
        "is_in_use": true,
        "is_cmp": false,
        "code_year": 2015,
        "text_standard": "<p style=\"margin-left:1.85pt\">Toutefois, une &eacute;preuve de remplacement peut &ecirc;tre accord&eacute;e par le Pr&eacute;sident du jury, au cas par cas, en particulier dans les circonstances suivantes&nbsp;:</p>\r\n\r\n<ul>\r\n\t<li>Convocation &agrave; un concours de recrutement de la fonction publique&nbsp;; la convocation doit &ecirc;tre d&eacute;pos&eacute;e au moins trois jours avant les &eacute;preuves aupr&egrave;s de leur service de scolarit&eacute;.</li>\r\n\t<li>Emp&ecirc;chement subit et grave, ind&eacute;pendant de la volont&eacute; de l&rsquo;&eacute;tudiant, et attest&eacute; par un justificatif original pr&eacute;sent&eacute; au service de scolarit&eacute;, dans un d&eacute;lai de rigueur de sept jours ouvr&eacute;s, sauf en cas de force majeure. Un accident, une maladie obligeant &agrave; un arr&ecirc;t, une hospitalisation, le d&eacute;c&egrave;s d&rsquo;un proche constituent des cas recevables dans cette circonstance.</li>\r\n</ul>\r\n\r\n<p>Des dispositions particuli&egrave;res peuvent &ecirc;tre appliqu&eacute;es aux &eacute;tudiants &agrave; profil sp&eacute;cifique.</p>\r\n",
        "rule": [
            29
        ]
    },
    "pk": 163,
    "model": "rules.paragraph"
}, {
    "fields": {
        "display_order": 1,
        "is_interaction": false,
        "text_motiv": "",
        "text_derog": "",
        "impact": [],
        "is_in_use": true,
        "is_cmp": false,
        "code_year": 2015,
        "text_standard": "<p>En cas d&#39;absence sans excuse valable &agrave; l&#39;une des &eacute;preuves &eacute;crites d&#39;un examen, l&#39;&eacute;tudiant ne peut plus participer au classement final de la fili&egrave;re. Il sera de ce fait ajourn&eacute; &agrave; l&#39;issue du 1 er semestre ou de l&#39;ann&eacute;e.</p>\r\n\r\n<p>En cas d&#39;absence non excus&eacute;e &agrave; l&#39;une des parties des &eacute;preuves d&#39;une m&ecirc;me unit&eacute;</p>\r\n\r\n<p>d&#39;enseignement, c&#39;est la mention &laquo;absent&raquo; qui appara&icirc;tra dans le proc&egrave;s-verbal final. La note 0 ne peut &ecirc;tre attribu&eacute;e en cas d&#39;absence.</p>\r\n",
        "rule": [
            75
        ]
    },
    "pk": 164,
    "model": "rules.paragraph"
}, {
    "fields": {
        "display_order": 2,
        "is_interaction": false,
        "text_motiv": "",
        "text_derog": "",
        "impact": [],
        "is_in_use": true,
        "is_cmp": false,
        "code_year": 2015,
        "text_standard": "<p>Tout &eacute;tudiant n&#39;ayant pas r&eacute;pondu &agrave; l&#39;appel de son nom avant le d&eacute;but des</p>\r\n\r\n<p>examens est d&eacute;clar&eacute; absent &agrave; chacune des &eacute;preuves correspondantes.</p>\r\n\r\n<p>Le d&eacute;but de l&#39;&eacute;preuve est d&eacute;termin&eacute; par l&#39;autorisation d&#39;ouverture de la pochette</p>\r\n\r\n<p>contenant les sujets donn&eacute;s par le responsable de salle. Apr&egrave;s l&#39;ouverture de cette pochette plus aucun &eacute;tudiant ne peut &ecirc;tre autoris&eacute; &agrave; composer quels que soient le motif ou la dur&eacute;e de son retard.</p>\r\n",
        "rule": [
            75
        ]
    },
    "pk": 165,
    "model": "rules.paragraph"
}, {
    "fields": {
        "display_order": 3,
        "is_interaction": false,
        "text_motiv": "",
        "text_derog": "",
        "impact": [],
        "is_in_use": true,
        "is_cmp": false,
        "code_year": 2015,
        "text_standard": "<p>Si l&#39;emp&ecirc;chement &agrave; une ou plusieurs &eacute;preuves d&#39;examen est motiv&eacute; notamment par</p>\r\n\r\n<p>une raison de sant&eacute;, le candidat doit adresser au Pr&eacute;sident du jury, dans un d&eacute;lai de 8 jours un certificat d&eacute;livr&eacute; par un m&eacute;decin asserment&eacute; ou, s&#39;il y a eu hospitalisation, par le Chef du service hospitalier.</p>\r\n\r\n<p>En cas d&#39;absence valablement excus&eacute;e, reconnue par le Pr&eacute;sident du jury pour les examens des sessions de janvier et/ou de juin, l&#39;&eacute;tudiant(e) continue &agrave; participer aux &eacute;preuves de classement - avec la mention A.E. [absent(e) excus&eacute;(e)] - par les notes obtenues aux &eacute;preuves pr&eacute;sent&eacute;es. Le total porte, comme pour tous les &eacute;tudiants, sur le m&ecirc;me nombre des points de chaque concours.</p>\r\n\r\n<p>Les &eacute;tudiant(e)s class&eacute;(e)s en rang utile avec la mention A. E. &agrave; l&#39;une ou l&#39;autre &eacute;preuve</p>\r\n\r\n<p>sont d&eacute;clar&eacute;(e)s admis(es) au concours, sauf dans le cas d&rsquo;une absence aux &eacute;preuves sanctionnant&nbsp; l&rsquo;UE 8 sp&eacute;cifique.</p>\r\n",
        "rule": [
            75
        ]
    },
    "pk": 166,
    "model": "rules.paragraph"
}, {
    "fields": {
        "display_order": 4,
        "is_interaction": false,
        "text_motiv": "",
        "text_derog": "",
        "impact": [],
        "is_in_use": true,
        "is_cmp": false,
        "code_year": 2015,
        "text_standard": "<p>Toute absence aux &eacute;preuves sanctionnant les U.E.8 sp&eacute;cifiques interdit le classement dans la fili&egrave;re concern&eacute;e, sans incidence sur le classement des autres fili&egrave;res, sauf si l&#39;examen porte sur un &eacute;l&eacute;ment p&eacute;dagogique mutualis&eacute;.</p>\r\n",
        "rule": [
            75
        ]
    },
    "pk": 167,
    "model": "rules.paragraph"
}, {
    "fields": {
        "display_order": 1,
        "is_interaction": true,
        "text_motiv": "<p>Merci d&rsquo;indiquer, pour les conseils &eacute;lus, les motifs de votre demande.</p>\r\n",
        "text_derog": "<p>Vous souhaitez demander une d&eacute;rogation pour cet alin&eacute;a.</p>\r\n\r\n<p>Merci de reprendre le passage pour le modifier ou y substituer le texte de l&rsquo;alin&eacute;a que vous souhaitez voir valider pour votre formation. <em>N&rsquo;oubliez pas de d&eacute;tailler, le cas &eacute;ch&eacute;ant, les enseignements auxquels s&rsquo;appliquent votre alin&eacute;a, et les conditions et les crit&egrave;res d&rsquo;application, ou tout autre &eacute;l&eacute;ment pertinent.</em></p>\r\n",
        "impact": [],
        "is_in_use": true,
        "is_cmp": false,
        "code_year": 2015,
        "text_standard": "<p style=\"margin-left:1.85pt\">La pr&eacute;sence aux &eacute;preuves de contr&ocirc;le continu est obligatoire, sauf dans les cas de dispense. <strong>En cas d&rsquo;absence injustifi&eacute;e &agrave; une &eacute;preuve de contr&ocirc;le continu, l&rsquo;&eacute;tudiant est sanctionn&eacute; par un z&eacute;ro &agrave; cette &eacute;preuve. </strong></p>\r\n",
        "rule": [
            30
        ]
    },
    "pk": 168,
    "model": "rules.paragraph"
}, {
    "fields": {
        "display_order": 2,
        "is_interaction": true,
        "text_motiv": "<p>Merci d&rsquo;indiquer, pour les conseils &eacute;lus, les motifs de votre demande.</p>\r\n",
        "text_derog": "<p>Vous souhaitez demander une d&eacute;rogation pour cet alin&eacute;a.</p>\r\n\r\n<p>Merci de reprendre le passage pour le modifier ou y substituer le texte de l&rsquo;alin&eacute;a que vous souhaitez voir valider pour votre formation. <em>N&rsquo;oubliez pas de d&eacute;tailler, le cas &eacute;ch&eacute;ant, les enseignements auxquels s&rsquo;appliquent votre alin&eacute;a, et les conditions et les crit&egrave;res d&rsquo;application, ou tout autre &eacute;l&eacute;ment pertinent.</em></p>\r\n",
        "impact": [],
        "is_in_use": true,
        "is_cmp": false,
        "code_year": 2015,
        "text_standard": "<p>Lorsque la session principale ne comporte que des &eacute;preuves de contr&ocirc;le continu et que l&rsquo;&eacute;tudiant est absent &agrave; toutes ces &eacute;preuves, sans justification, il est d&eacute;clar&eacute; d&eacute;faillant quels que soient les r&eacute;sultats obtenus par ailleurs.</p>\r\n",
        "rule": [
            30
        ]
    },
    "pk": 169,
    "model": "rules.paragraph"
}, {
    "fields": {
        "display_order": 3,
        "is_interaction": false,
        "text_motiv": "",
        "text_derog": "",
        "impact": [],
        "is_in_use": true,
        "is_cmp": false,
        "code_year": 2015,
        "text_standard": "<p style=\"margin-left:1.85pt\">Une dispense totale ou partielle de contr&ocirc;le continu peut &ecirc;tre accord&eacute;e dans les conditions suivantes.</p>\r\n\r\n<ul>\r\n\t<li>Les &eacute;tudiants relevant d&rsquo;un profil sp&eacute;cifique attest&eacute; peuvent b&eacute;n&eacute;ficier d&rsquo;une dispense totale de contr&ocirc;le continu. Ils doivent en faire la demande aupr&egrave;s de leur service de scolarit&eacute; avant la fin du premier mois des enseignements ou dans les quinze jours suivants leur accession &agrave; ce profil sp&eacute;cifique. Lorsque la session principale ne comporte que des &eacute;preuves de contr&ocirc;le continu, une &eacute;preuve de substitution doit &ecirc;tre pr&eacute;vue dans le r&egrave;glement des examens.</li>\r\n\t<li>Une dispense partielle de contr&ocirc;le continu peut &ecirc;tre accord&eacute;e pour des raisons jug&eacute;es recevables. L&rsquo;&eacute;tudiant doit en faire la demande et produire les justificatifs originaux aupr&egrave;s de son service de scolarit&eacute; avant l&rsquo;&eacute;preuve ou, en cas d&rsquo;&eacute;v&eacute;nement impr&eacute;vu, au plus tard dans un d&eacute;lai de rigueur de sept jours ouvr&eacute;s, sauf en cas de force majeure.</li>\r\n</ul>\r\n\r\n<p>Une &eacute;preuve de remplacement peut lui &ecirc;tre propos&eacute;e. A d&eacute;faut, il n&rsquo;est pas tenu compte de la note manquante.</p>\r\n",
        "rule": [
            30
        ]
    },
    "pk": 170,
    "model": "rules.paragraph"
}, {
    "fields": {
        "display_order": 1,
        "is_interaction": false,
        "text_motiv": "",
        "text_derog": "",
        "impact": [],
        "is_in_use": true,
        "is_cmp": false,
        "code_year": 2015,
        "text_standard": "<p>Lorsque l&rsquo;&eacute;valuation comporte un contr&ocirc;le continu et une &eacute;preuve terminale, l&rsquo;organisation du contr&ocirc;le continu doit intervenir au moins quinze jours avant la fin du semestre. Ce d&eacute;lai de quinze jours ne s&rsquo;impose pas &agrave; un enseignement &eacute;valu&eacute; uniquement gr&acirc;ce &agrave; un contr&ocirc;le continu, ou aux travaux dirig&eacute;s ou aux travaux pratiques.</p>\r\n",
        "rule": [
            31
        ]
    },
    "pk": 171,
    "model": "rules.paragraph"
}, {
    "fields": {
        "display_order": 2,
        "is_interaction": false,
        "text_motiv": "",
        "text_derog": "",
        "impact": [],
        "is_in_use": true,
        "is_cmp": false,
        "code_year": 2015,
        "text_standard": "<p>Des &eacute;preuves terminales anticip&eacute;es peuvent &ecirc;tre organis&eacute;es si l&rsquo;enseignement s&rsquo;ach&egrave;ve avant la fin du semestre.</p>\r\n",
        "rule": [
            31
        ]
    },
    "pk": 172,
    "model": "rules.paragraph"
}, {
    "fields": {
        "display_order": 1,
        "is_interaction": false,
        "text_motiv": "",
        "text_derog": "",
        "impact": [],
        "is_in_use": true,
        "is_cmp": false,
        "code_year": 2015,
        "text_standard": "<p>Les &eacute;preuves &eacute;crites terminales sont anonymes.</p>\r\n",
        "rule": [
            32
        ]
    },
    "pk": 173,
    "model": "rules.paragraph"
}, {
    "fields": {
        "display_order": 1,
        "is_interaction": true,
        "text_motiv": "<p>Merci d&rsquo;indiquer, pour les conseils &eacute;lus, les motifs de votre demande.</p>\r\n",
        "text_derog": "<p>Vous souhaitez demander une d&eacute;rogation pour cet alin&eacute;a.</p>\r\n\r\n<p>Merci de reprendre le passage pour le modifier ou y substituer le texte de l&rsquo;alin&eacute;a que vous souhaitez voir valider pour votre formation. <em>N&rsquo;oubliez pas de d&eacute;tailler, le cas &eacute;ch&eacute;ant, les enseignements auxquels s&rsquo;appliquent votre alin&eacute;a, et les conditions et les crit&egrave;res d&rsquo;application, ou tout autre &eacute;l&eacute;ment pertinent.</em></p>\r\n",
        "impact": [],
        "is_in_use": true,
        "is_cmp": false,
        "code_year": 2015,
        "text_standard": "<p>Les notes sup&eacute;rieures ou &eacute;gales &agrave; 10/20 des &eacute;preuves d&rsquo;une UE non valid&eacute;e sont report&eacute;es de la session principale &agrave; la session de rattrapage, sans possibilit&eacute; de renonciation.</p>\r\n",
        "rule": [
            33
        ]
    },
    "pk": 174,
    "model": "rules.paragraph"
}, {
    "fields": {
        "display_order": 1,
        "is_interaction": true,
        "text_motiv": "<p>Merci d&rsquo;indiquer, pour les conseils &eacute;lus, les motifs de votre demande.</p>\r\n",
        "text_derog": "<p>Vous souhaitez demander une d&eacute;rogation pour cet alin&eacute;a.</p>\r\n\r\n<p>Merci de reprendre le passage pour le modifier ou y substituer le texte de l&rsquo;alin&eacute;a que vous souhaitez voir valider pour votre formation. <em>N&rsquo;oubliez pas de d&eacute;tailler, le cas &eacute;ch&eacute;ant, les enseignements auxquels s&rsquo;appliquent votre alin&eacute;a, et les conditions et les crit&egrave;res d&rsquo;application, ou tout autre &eacute;l&eacute;ment pertinent.</em></p>\r\n",
        "impact": [],
        "is_in_use": true,
        "is_cmp": false,
        "code_year": 2015,
        "text_standard": "<p>En cas d&rsquo;ajournement ou d&eacute;faillance &agrave; la session principale, l&rsquo;&eacute;tudiant conserve pour la session de rattrapage, les notes des UE valid&eacute;es lors de la session principale.</p>\r\n\r\n<p>Dans les 7 jours qui suivent la mise &agrave; disposition du relev&eacute; de notes, l&rsquo;&eacute;tudiant peut y renoncer par demande &eacute;crite au service de scolarit&eacute;. Dans ce cas, <em>seule la note obtenue &agrave; la session de rattrapage sera retenue et consid&eacute;r&eacute;e comme d&eacute;finitive.</em></p>\r\n",
        "rule": [
            76
        ]
    },
    "pk": 175,
    "model": "rules.paragraph"
}, {
    "fields": {
        "display_order": 2,
        "is_interaction": true,
        "text_motiv": "<p>Merci d&rsquo;indiquer, pour les conseils &eacute;lus, les motifs de votre demande.</p>\r\n",
        "text_derog": "<p>Vous souhaitez demander une d&eacute;rogation pour cet alin&eacute;a.</p>\r\n\r\n<p>Merci de reprendre le passage pour le modifier ou y substituer le texte de l&rsquo;alin&eacute;a que vous souhaitez voir valider pour votre formation. <em>N&rsquo;oubliez pas de d&eacute;tailler, le cas &eacute;ch&eacute;ant, les enseignements auxquels s&rsquo;appliquent votre alin&eacute;a, et les conditions et les crit&egrave;res d&rsquo;application, ou tout autre &eacute;l&eacute;ment pertinent.</em></p>\r\n",
        "impact": [],
        "is_in_use": true,
        "is_cmp": false,
        "code_year": 2015,
        "text_standard": "<p>Les notes sup&eacute;rieures ou &eacute;gales &agrave; 10/20 des &eacute;preuves d&rsquo;une UE non valid&eacute;e sont report&eacute;es de la session principale &agrave; la session de rattrapage, sans possibilit&eacute; de renonciation.</p>\r\n",
        "rule": [
            76
        ]
    },
    "pk": 176,
    "model": "rules.paragraph"
}, {
    "fields": {
        "codename": "add_permission",
        "content_type": 1,
        "name": "Can add permission"
    },
    "pk": 1,
    "model": "auth.permission"
}, {
    "fields": {
        "codename": "change_permission",
        "content_type": 1,
        "name": "Can change permission"
    },
    "pk": 2,
    "model": "auth.permission"
}, {
    "fields": {
        "codename": "delete_permission",
        "content_type": 1,
        "name": "Can delete permission"
    },
    "pk": 3,
    "model": "auth.permission"
}, {
    "fields": {
        "codename": "add_group",
        "content_type": 2,
        "name": "Can add group"
    },
    "pk": 4,
    "model": "auth.permission"
}, {
    "fields": {
        "codename": "change_group",
        "content_type": 2,
        "name": "Can change group"
    },
    "pk": 5,
    "model": "auth.permission"
}, {
    "fields": {
        "codename": "delete_group",
        "content_type": 2,
        "name": "Can delete group"
    },
    "pk": 6,
    "model": "auth.permission"
}, {
    "fields": {
        "codename": "add_user",
        "content_type": 3,
        "name": "Can add user"
    },
    "pk": 7,
    "model": "auth.permission"
}, {
    "fields": {
        "codename": "change_user",
        "content_type": 3,
        "name": "Can change user"
    },
    "pk": 8,
    "model": "auth.permission"
}, {
    "fields": {
        "codename": "delete_user",
        "content_type": 3,
        "name": "Can delete user"
    },
    "pk": 9,
    "model": "auth.permission"
}, {
    "fields": {
        "codename": "add_contenttype",
        "content_type": 4,
        "name": "Can add content type"
    },
    "pk": 10,
    "model": "auth.permission"
}, {
    "fields": {
        "codename": "change_contenttype",
        "content_type": 4,
        "name": "Can change content type"
    },
    "pk": 11,
    "model": "auth.permission"
}, {
    "fields": {
        "codename": "delete_contenttype",
        "content_type": 4,
        "name": "Can delete content type"
    },
    "pk": 12,
    "model": "auth.permission"
}, {
    "fields": {
        "codename": "add_session",
        "content_type": 5,
        "name": "Can add session"
    },
    "pk": 13,
    "model": "auth.permission"
}, {
    "fields": {
        "codename": "change_session",
        "content_type": 5,
        "name": "Can change session"
    },
    "pk": 14,
    "model": "auth.permission"
}, {
    "fields": {
        "codename": "delete_session",
        "content_type": 5,
        "name": "Can delete session"
    },
    "pk": 15,
    "model": "auth.permission"
}, {
    "fields": {
        "codename": "add_site",
        "content_type": 6,
        "name": "Can add site"
    },
    "pk": 16,
    "model": "auth.permission"
}, {
    "fields": {
        "codename": "change_site",
        "content_type": 6,
        "name": "Can change site"
    },
    "pk": 17,
    "model": "auth.permission"
}, {
    "fields": {
        "codename": "delete_site",
        "content_type": 6,
        "name": "Can delete site"
    },
    "pk": 18,
    "model": "auth.permission"
}, {
    "fields": {
        "codename": "add_logentry",
        "content_type": 7,
        "name": "Can add log entry"
    },
    "pk": 19,
    "model": "auth.permission"
}, {
    "fields": {
        "codename": "change_logentry",
        "content_type": 7,
        "name": "Can change log entry"
    },
    "pk": 20,
    "model": "auth.permission"
}, {
    "fields": {
        "codename": "delete_logentry",
        "content_type": 7,
        "name": "Can delete log entry"
    },
    "pk": 21,
    "model": "auth.permission"
}, {
    "fields": {
        "codename": "add_tgt",
        "content_type": 8,
        "name": "Can add tgt"
    },
    "pk": 22,
    "model": "auth.permission"
}, {
    "fields": {
        "codename": "change_tgt",
        "content_type": 8,
        "name": "Can change tgt"
    },
    "pk": 23,
    "model": "auth.permission"
}, {
    "fields": {
        "codename": "delete_tgt",
        "content_type": 8,
        "name": "Can delete tgt"
    },
    "pk": 24,
    "model": "auth.permission"
}, {
    "fields": {
        "codename": "add_pgtiou",
        "content_type": 9,
        "name": "Can add pgt iou"
    },
    "pk": 25,
    "model": "auth.permission"
}, {
    "fields": {
        "codename": "change_pgtiou",
        "content_type": 9,
        "name": "Can change pgt iou"
    },
    "pk": 26,
    "model": "auth.permission"
}, {
    "fields": {
        "codename": "delete_pgtiou",
        "content_type": 9,
        "name": "Can delete pgt iou"
    },
    "pk": 27,
    "model": "auth.permission"
}, {
    "fields": {
        "codename": "add_sessionserviceticket",
        "content_type": 10,
        "name": "Can add session service ticket"
    },
    "pk": 28,
    "model": "auth.permission"
}, {
    "fields": {
        "codename": "change_sessionserviceticket",
        "content_type": 10,
        "name": "Can change session service ticket"
    },
    "pk": 29,
    "model": "auth.permission"
}, {
    "fields": {
        "codename": "delete_sessionserviceticket",
        "content_type": 10,
        "name": "Can delete session service ticket"
    },
    "pk": 30,
    "model": "auth.permission"
}, {
    "fields": {
        "codename": "add_ecicommissionmember",
        "content_type": 11,
        "name": "Can add eci commission member"
    },
    "pk": 31,
    "model": "auth.permission"
}, {
    "fields": {
        "codename": "change_ecicommissionmember",
        "content_type": 11,
        "name": "Can change eci commission member"
    },
    "pk": 32,
    "model": "auth.permission"
}, {
    "fields": {
        "codename": "delete_ecicommissionmember",
        "content_type": 11,
        "name": "Can delete eci commission member"
    },
    "pk": 33,
    "model": "auth.permission"
}, {
    "fields": {
        "codename": "can_view_eci_commission_member",
        "content_type": 11,
        "name": "Peut voir les membres de la commission ECI"
    },
    "pk": 34,
    "model": "auth.permission"
}, {
    "fields": {
        "codename": "add_degreetype",
        "content_type": 12,
        "name": "Can add degree type"
    },
    "pk": 35,
    "model": "auth.permission"
}, {
    "fields": {
        "codename": "change_degreetype",
        "content_type": 12,
        "name": "Can change degree type"
    },
    "pk": 36,
    "model": "auth.permission"
}, {
    "fields": {
        "codename": "delete_degreetype",
        "content_type": 12,
        "name": "Can delete degree type"
    },
    "pk": 37,
    "model": "auth.permission"
}, {
    "fields": {
        "codename": "can_view_degree_type",
        "content_type": 12,
        "name": "Peut voir les types de dip\u00f4me"
    },
    "pk": 38,
    "model": "auth.permission"
}, {
    "fields": {
        "codename": "add_degree",
        "content_type": 13,
        "name": "Can add degree"
    },
    "pk": 39,
    "model": "auth.permission"
}, {
    "fields": {
        "codename": "change_degree",
        "content_type": 13,
        "name": "Can change degree"
    },
    "pk": 40,
    "model": "auth.permission"
}, {
    "fields": {
        "codename": "delete_degree",
        "content_type": 13,
        "name": "Can delete degree"
    },
    "pk": 41,
    "model": "auth.permission"
}, {
    "fields": {
        "codename": "add_academicfield",
        "content_type": 14,
        "name": "Can add academic field"
    },
    "pk": 42,
    "model": "auth.permission"
}, {
    "fields": {
        "codename": "change_academicfield",
        "content_type": 14,
        "name": "Can change academic field"
    },
    "pk": 43,
    "model": "auth.permission"
}, {
    "fields": {
        "codename": "delete_academicfield",
        "content_type": 14,
        "name": "Can delete academic field"
    },
    "pk": 44,
    "model": "auth.permission"
}, {
    "fields": {
        "codename": "add_institute",
        "content_type": 15,
        "name": "Can add institute"
    },
    "pk": 45,
    "model": "auth.permission"
}, {
    "fields": {
        "codename": "change_institute",
        "content_type": 15,
        "name": "Can change institute"
    },
    "pk": 46,
    "model": "auth.permission"
}, {
    "fields": {
        "codename": "delete_institute",
        "content_type": 15,
        "name": "Can delete institute"
    },
    "pk": 47,
    "model": "auth.permission"
}, {
    "fields": {
        "codename": "add_scolmanager",
        "content_type": 16,
        "name": "Can add scol manager"
    },
    "pk": 48,
    "model": "auth.permission"
}, {
    "fields": {
        "codename": "change_scolmanager",
        "content_type": 16,
        "name": "Can change scol manager"
    },
    "pk": 49,
    "model": "auth.permission"
}, {
    "fields": {
        "codename": "delete_scolmanager",
        "content_type": 16,
        "name": "Can delete scol manager"
    },
    "pk": 50,
    "model": "auth.permission"
}, {
    "fields": {
        "codename": "add_institute",
        "content_type": 17,
        "name": "Can add institute"
    },
    "pk": 51,
    "model": "auth.permission"
}, {
    "fields": {
        "codename": "change_institute",
        "content_type": 17,
        "name": "Can change institute"
    },
    "pk": 52,
    "model": "auth.permission"
}, {
    "fields": {
        "codename": "delete_institute",
        "content_type": 17,
        "name": "Can delete institute"
    },
    "pk": 53,
    "model": "auth.permission"
}, {
    "fields": {
        "codename": "can_view_institute",
        "content_type": 17,
        "name": "Peut voir les composantes"
    },
    "pk": 54,
    "model": "auth.permission"
}, {
    "fields": {
        "codename": "add_instituteyear",
        "content_type": 18,
        "name": "Can add institute year"
    },
    "pk": 55,
    "model": "auth.permission"
}, {
    "fields": {
        "codename": "change_instituteyear",
        "content_type": 18,
        "name": "Can change institute year"
    },
    "pk": 56,
    "model": "auth.permission"
}, {
    "fields": {
        "codename": "delete_instituteyear",
        "content_type": 18,
        "name": "Can delete institute year"
    },
    "pk": 57,
    "model": "auth.permission"
}, {
    "fields": {
        "codename": "add_universityyear",
        "content_type": 19,
        "name": "Can add university year"
    },
    "pk": 58,
    "model": "auth.permission"
}, {
    "fields": {
        "codename": "change_universityyear",
        "content_type": 19,
        "name": "Can change university year"
    },
    "pk": 59,
    "model": "auth.permission"
}, {
    "fields": {
        "codename": "delete_universityyear",
        "content_type": 19,
        "name": "Can delete university year"
    },
    "pk": 60,
    "model": "auth.permission"
}, {
    "fields": {
        "codename": "add_instituteyear2",
        "content_type": 20,
        "name": "Can add institute year2"
    },
    "pk": 61,
    "model": "auth.permission"
}, {
    "fields": {
        "codename": "change_instituteyear2",
        "content_type": 20,
        "name": "Can change institute year2"
    },
    "pk": 62,
    "model": "auth.permission"
}, {
    "fields": {
        "codename": "delete_instituteyear2",
        "content_type": 20,
        "name": "Can delete institute year2"
    },
    "pk": 63,
    "model": "auth.permission"
}, {
    "fields": {
        "codename": "add_profile",
        "content_type": 21,
        "name": "Can add profile"
    },
    "pk": 64,
    "model": "auth.permission"
}, {
    "fields": {
        "codename": "change_profile",
        "content_type": 21,
        "name": "Can change profile"
    },
    "pk": 65,
    "model": "auth.permission"
}, {
    "fields": {
        "codename": "delete_profile",
        "content_type": 21,
        "name": "Can delete profile"
    },
    "pk": 66,
    "model": "auth.permission"
}, {
    "fields": {
        "codename": "DES1",
        "content_type": 21,
        "name": "Donne acc\u00e8s \u00e0 un large panel de fonctionnalit\u00e9"
    },
    "pk": 67,
    "model": "auth.permission"
}, {
    "fields": {
        "codename": "DES2",
        "content_type": 21,
        "name": "Donne acc\u00e8s \u00e0 un panel restreint"
    },
    "pk": 68,
    "model": "auth.permission"
}, {
    "fields": {
        "codename": "DES3",
        "content_type": 21,
        "name": "Peut usurper l'identit\u00e9 des utilisateurs"
    },
    "pk": 69,
    "model": "auth.permission"
}, {
    "fields": {
        "codename": "VP",
        "content_type": 21,
        "name": "Appratient au groupe VP"
    },
    "pk": 70,
    "model": "auth.permission"
}, {
    "fields": {
        "codename": "change_paragraph",
        "content_type": 22,
        "name": "Can change paragraph"
    },
    "pk": 71,
    "model": "auth.permission"
}, {
    "fields": {
        "codename": "delete_paragraph",
        "content_type": 22,
        "name": "Can delete paragraph"
    },
    "pk": 72,
    "model": "auth.permission"
}, {
    "fields": {
        "codename": "can_view_institute",
        "content_type": 15,
        "name": "Peut voir les composantes"
    },
    "pk": 73,
    "model": "auth.permission"
}, {
    "fields": {
        "codename": "add_instituteyear",
        "content_type": 16,
        "name": "Can add institute year"
    },
    "pk": 74,
    "model": "auth.permission"
}, {
    "fields": {
        "codename": "change_instituteyear",
        "content_type": 16,
        "name": "Can change institute year"
    },
    "pk": 75,
    "model": "auth.permission"
}, {
    "fields": {
        "codename": "delete_instituteyear",
        "content_type": 16,
        "name": "Can delete institute year"
    },
    "pk": 76,
    "model": "auth.permission"
}, {
    "fields": {
        "codename": "add_universityyear",
        "content_type": 17,
        "name": "Can add university year"
    },
    "pk": 77,
    "model": "auth.permission"
}, {
    "fields": {
        "codename": "change_universityyear",
        "content_type": 17,
        "name": "Can change university year"
    },
    "pk": 78,
    "model": "auth.permission"
}, {
    "fields": {
        "codename": "delete_universityyear",
        "content_type": 17,
        "name": "Can delete university year"
    },
    "pk": 79,
    "model": "auth.permission"
}, {
    "fields": {
        "codename": "add_profile",
        "content_type": 18,
        "name": "Can add profile"
    },
    "pk": 80,
    "model": "auth.permission"
}, {
    "fields": {
        "codename": "change_profile",
        "content_type": 18,
        "name": "Can change profile"
    },
    "pk": 81,
    "model": "auth.permission"
}, {
    "fields": {
        "codename": "delete_profile",
        "content_type": 18,
        "name": "Can delete profile"
    },
    "pk": 82,
    "model": "auth.permission"
}, {
    "fields": {
        "codename": "DES1",
        "content_type": 18,
        "name": "Donne acc\u00e8s \u00e0 un large panel de fonctionnalit\u00e9"
    },
    "pk": 83,
    "model": "auth.permission"
}, {
    "fields": {
        "codename": "DES2",
        "content_type": 18,
        "name": "Donne acc\u00e8s \u00e0 un panel restreint"
    },
    "pk": 84,
    "model": "auth.permission"
}, {
    "fields": {
        "codename": "DES3",
        "content_type": 18,
        "name": "Peut usurper l'identit\u00e9 des utilisateurs"
    },
    "pk": 85,
    "model": "auth.permission"
}, {
    "fields": {
        "codename": "add_meccuser",
        "content_type": 19,
        "name": "Can add mecc user"
    },
    "pk": 86,
    "model": "auth.permission"
}, {
    "fields": {
        "codename": "change_meccuser",
        "content_type": 19,
        "name": "Can change mecc user"
    },
    "pk": 87,
    "model": "auth.permission"
}, {
    "fields": {
        "codename": "delete_meccuser",
        "content_type": 19,
        "name": "Can delete mecc user"
    },
    "pk": 88,
    "model": "auth.permission"
}, {
    "fields": {
        "codename": "add_impact",
        "content_type": 20,
        "name": "Can add impact"
    },
    "pk": 89,
    "model": "auth.permission"
}, {
    "fields": {
        "codename": "change_impact",
        "content_type": 20,
        "name": "Can change impact"
    },
    "pk": 90,
    "model": "auth.permission"
}, {
    "fields": {
        "codename": "delete_impact",
        "content_type": 20,
        "name": "Can delete impact"
    },
    "pk": 91,
    "model": "auth.permission"
}, {
    "fields": {
        "codename": "add_rule",
        "content_type": 21,
        "name": "Can add rule"
    },
    "pk": 92,
    "model": "auth.permission"
}, {
    "fields": {
        "codename": "change_rule",
        "content_type": 21,
        "name": "Can change rule"
    },
    "pk": 93,
    "model": "auth.permission"
}, {
    "fields": {
        "codename": "delete_rule",
        "content_type": 21,
        "name": "Can delete rule"
    },
    "pk": 94,
    "model": "auth.permission"
}, {
    "fields": {
        "codename": "add_paragraph",
        "content_type": 22,
        "name": "Can add paragraph"
    },
    "pk": 95,
    "model": "auth.permission"
}, {
    "fields": {
        "permissions": [
            67
        ],
        "name": "DES1"
    },
    "pk": 1,
    "model": "auth.group"
}, {
    "fields": {
        "permissions": [
            68
        ],
        "name": "DES2"
    },
    "pk": 2,
    "model": "auth.group"
}, {
    "fields": {
        "permissions": [
            69
        ],
        "name": "DES3"
    },
    "pk": 3,
    "model": "auth.group"
}, {
    "fields": {
        "permissions": [
            70
        ],
        "name": "VP"
    },
    "pk": 4,
    "model": "auth.group"
}, {
    "fields": {
        "is_superuser": true,
        "email": "",
        "date_joined": "2016-03-01T11:52:40.697Z",
        "user_permissions": [],
        "is_active": true,
        "groups": [],
        "last_login": "2016-06-08T12:12:33.088Z",
        "last_name": "",
        "is_staff": true,
        "username": "ibis.ismail",
        "first_name": "",
        "password": ""
    },
    "pk": 1,
    "model": "auth.user"
}, {
    "fields": {
        "is_superuser": false,
        "email": "",
        "date_joined": "2016-03-01T11:56:15.208Z",
        "user_permissions": [],
        "is_active": true,
        "groups": [
            3
        ],
        "last_login": null,
        "last_name": "",
        "is_staff": false,
        "username": "DES3",
        "first_name": "",
        "password": ""
    },
    "pk": 2,
    "model": "auth.user"
}, {
    "fields": {
        "is_superuser": false,
        "email": "",
        "date_joined": "2016-03-01T11:56:37.409Z",
        "user_permissions": [],
        "is_active": true,
        "groups": [],
        "last_login": null,
        "last_name": "",
        "is_staff": false,
        "username": "test",
        "first_name": "",
        "password": ""
    },
    "pk": 3,
    "model": "auth.user"
}, {
    "fields": {
        "is_superuser": true,
        "email": "",
        "date_joined": "2016-03-01T12:00:08.149Z",
        "user_permissions": [],
        "is_active": true,
        "groups": [],
        "last_login": "2016-06-14T12:54:14.295Z",
        "last_name": "",
        "is_staff": true,
        "username": "weible",
        "first_name": "",
        "password": ""
    },
    "pk": 4,
    "model": "auth.user"
}, {
    "fields": {
        "is_superuser": false,
        "email": "grout@unistra.fr",
        "date_joined": "2016-03-21T13:17:42.098Z",
        "user_permissions": [],
        "is_active": true,
        "groups": [],
        "last_login": "2016-03-22T08:22:47.066Z",
        "last_name": "GROUT",
        "is_staff": false,
        "username": "grout",
        "first_name": "Nathalie",
        "password": ""
    },
    "pk": 5,
    "model": "auth.user"
}, {
    "fields": {
        "is_superuser": false,
        "email": "brigitte.got@unistra.fr",
        "date_joined": "2016-03-21T13:18:18.186Z",
        "user_permissions": [],
        "is_active": true,
        "groups": [],
        "last_login": "2016-06-01T09:48:43.944Z",
        "last_name": "GOT",
        "is_staff": false,
        "username": "brigitte.got",
        "first_name": "Brigitte",
        "password": ""
    },
    "pk": 7,
    "model": "auth.user"
}, {
    "fields": {
        "is_superuser": false,
        "email": "planeix@unistra.fr",
        "date_joined": "2016-03-21T13:18:18.666Z",
        "user_permissions": [],
        "is_active": true,
        "groups": [],
        "last_login": "2016-06-14T09:42:45.192Z",
        "last_name": "PLANEIX",
        "is_staff": false,
        "username": "planeix",
        "first_name": "Jean-Marc",
        "password": ""
    },
    "pk": 8,
    "model": "auth.user"
}, {
    "fields": {
        "is_superuser": false,
        "email": "plitzler@unistra.fr",
        "date_joined": "2016-03-21T15:51:21.975Z",
        "user_permissions": [],
        "is_active": true,
        "groups": [],
        "last_login": "2016-03-21T15:56:14.642Z",
        "last_name": "LITZLER",
        "is_staff": false,
        "username": "plitzler",
        "first_name": "Pierre",
        "password": ""
    },
    "pk": 18,
    "model": "auth.user"
}, {
    "fields": {
        "is_superuser": false,
        "email": "",
        "date_joined": "2016-03-22T08:26:03.226Z",
        "user_permissions": [],
        "is_active": true,
        "groups": [],
        "last_login": "2016-03-22T09:07:39.363Z",
        "last_name": "BIRKEL",
        "is_staff": false,
        "username": "jeanine.birkel",
        "first_name": "Jeanine",
        "password": ""
    },
    "pk": 22,
    "model": "auth.user"
}, {
    "fields": {
        "is_superuser": false,
        "email": "",
        "date_joined": "2016-03-22T08:26:14.944Z",
        "user_permissions": [],
        "is_active": true,
        "groups": [],
        "last_login": null,
        "last_name": "RUEFF",
        "is_staff": false,
        "username": "nathalie.rueff",
        "first_name": "Nathalie",
        "password": ""
    },
    "pk": 23,
    "model": "auth.user"
}, {
    "fields": {
        "is_superuser": false,
        "email": "",
        "date_joined": "2016-03-22T08:30:55.011Z",
        "user_permissions": [],
        "is_active": true,
        "groups": [],
        "last_login": "2016-03-23T07:58:37.682Z",
        "last_name": "LE NY",
        "is_staff": false,
        "username": "leny",
        "first_name": "Jean-Pierre",
        "password": ""
    },
    "pk": 24,
    "model": "auth.user"
}, {
    "fields": {
        "is_superuser": false,
        "email": "",
        "date_joined": "2016-03-22T08:31:38.729Z",
        "user_permissions": [],
        "is_active": true,
        "groups": [],
        "last_login": null,
        "last_name": "VOGT",
        "is_staff": false,
        "username": "agnes.vogt",
        "first_name": "Agnes",
        "password": ""
    },
    "pk": 25,
    "model": "auth.user"
}, {
    "fields": {
        "is_superuser": false,
        "email": "",
        "date_joined": "2016-03-22T14:49:47.821Z",
        "user_permissions": [],
        "is_active": true,
        "groups": [],
        "last_login": "2016-06-01T09:47:59.645Z",
        "last_name": "PINARD",
        "is_staff": false,
        "username": "b.pinard",
        "first_name": "Bertrand",
        "password": ""
    },
    "pk": 29,
    "model": "auth.user"
}, {
    "fields": {
        "is_superuser": false,
        "email": "v.fritsch@unistra.fr",
        "date_joined": "2016-03-23T12:21:08.604Z",
        "user_permissions": [],
        "is_active": true,
        "groups": [],
        "last_login": "2016-03-23T12:23:49.186Z",
        "last_name": "Fritsch-Noirard",
        "is_staff": false,
        "username": "v.fritsch",
        "first_name": "Valerie",
        "password": ""
    },
    "pk": 31,
    "model": "auth.user"
}, {
    "fields": {
        "is_superuser": false,
        "email": "lauriane.kuhn@etu.unistra.fr",
        "date_joined": "2016-03-23T12:23:06.649Z",
        "user_permissions": [],
        "is_active": true,
        "groups": [],
        "last_login": null,
        "last_name": "Kuhn",
        "is_staff": false,
        "username": "laurianekuhn",
        "first_name": "Lauriane",
        "password": ""
    },
    "pk": 32,
    "model": "auth.user"
}, {
    "fields": {
        "is_superuser": false,
        "email": "chinetti@unistra.fr",
        "date_joined": "2016-03-30T06:51:56.176Z",
        "user_permissions": [],
        "is_active": true,
        "groups": [
            1
        ],
        "last_login": "2016-06-03T13:58:33.172Z",
        "last_name": "Chinetti",
        "is_staff": false,
        "username": "chinetti",
        "first_name": "Marie-Alexandra",
        "password": ""
    },
    "pk": 33,
    "model": "auth.user"
}, {
    "fields": {
        "is_superuser": false,
        "email": "gerb@unistra.fr",
        "date_joined": "2016-03-30T08:58:40.190Z",
        "user_permissions": [],
        "is_active": true,
        "groups": [],
        "last_login": "2016-03-30T12:00:08.734Z",
        "last_name": "Erb",
        "is_staff": false,
        "username": "gerb",
        "first_name": "Gilles",
        "password": ""
    },
    "pk": 34,
    "model": "auth.user"
}, {
    "fields": {
        "is_superuser": false,
        "email": "abellahcene@unistra.fr",
        "date_joined": "2016-03-30T09:04:09.581Z",
        "user_permissions": [],
        "is_active": true,
        "groups": [],
        "last_login": null,
        "last_name": "BELLAHCENE",
        "is_staff": false,
        "username": "abellahcene",
        "first_name": "Abderrahman",
        "password": ""
    },
    "pk": 35,
    "model": "auth.user"
}, {
    "fields": {
        "is_superuser": false,
        "email": "thierry.rosique@unistra.fr",
        "date_joined": "2016-03-30T09:04:10.203Z",
        "user_permissions": [],
        "is_active": true,
        "groups": [],
        "last_login": "2016-06-14T09:43:59.094Z",
        "last_name": "ROSIQUE",
        "is_staff": false,
        "username": "thierry.rosique",
        "first_name": "Thierry",
        "password": ""
    },
    "pk": 36,
    "model": "auth.user"
}, {
    "fields": {
        "is_superuser": false,
        "email": "",
        "date_joined": "2016-03-30T09:08:27.956Z",
        "user_permissions": [],
        "is_active": true,
        "groups": [],
        "last_login": null,
        "last_name": "PIOMBINI",
        "is_staff": false,
        "username": "piombini",
        "first_name": "Arnaud",
        "password": ""
    },
    "pk": 37,
    "model": "auth.user"
}, {
    "fields": {
        "is_superuser": false,
        "email": "",
        "date_joined": "2016-03-30T09:09:11.510Z",
        "user_permissions": [],
        "is_active": true,
        "groups": [],
        "last_login": null,
        "last_name": "AMETTALSI",
        "is_staff": false,
        "username": "azizaamettalsi",
        "first_name": "Aziza",
        "password": ""
    },
    "pk": 38,
    "model": "auth.user"
}, {
    "fields": {
        "is_superuser": false,
        "email": "gauer@inci-cnrs.unistra.fr",
        "date_joined": "2016-04-06T09:34:43.191Z",
        "user_permissions": [],
        "is_active": true,
        "groups": [
            4
        ],
        "last_login": null,
        "last_name": "Gauer",
        "is_staff": false,
        "username": "gauer",
        "first_name": "Fran\u00e7ois",
        "password": ""
    },
    "pk": 41,
    "model": "auth.user"
}, {
    "fields": {
        "is_superuser": false,
        "email": "",
        "date_joined": "2016-04-13T11:06:09.354Z",
        "user_permissions": [],
        "is_active": true,
        "groups": [],
        "last_login": "2016-06-07T08:26:38.980Z",
        "last_name": "",
        "is_staff": false,
        "username": "WEIBLE",
        "first_name": "",
        "password": ""
    },
    "pk": 42,
    "model": "auth.user"
}, {
    "fields": {
        "is_superuser": false,
        "email": "",
        "date_joined": "2016-04-18T12:13:25.171Z",
        "user_permissions": [],
        "is_active": true,
        "groups": [],
        "last_login": "2016-04-18T12:13:25.248Z",
        "last_name": "",
        "is_staff": false,
        "username": "bidon",
        "first_name": "",
        "password": ""
    },
    "pk": 43,
    "model": "auth.user"
}, {
    "fields": {
        "is_superuser": false,
        "email": "kathalyne.bertrand@unistra.fr",
        "date_joined": "2016-05-17T12:31:05.771Z",
        "user_permissions": [],
        "is_active": true,
        "groups": [
            2
        ],
        "last_login": "2016-06-03T13:58:50.227Z",
        "last_name": "Bertrand",
        "is_staff": false,
        "username": "k.bertrand",
        "first_name": "Kathalyne",
        "password": ""
    },
    "pk": 44,
    "model": "auth.user"
}, {
    "fields": {
        "action_time": "2016-03-21T15:50:19.015Z",
        "user": 1,
        "object_id": "6",
        "action_flag": 3,
        "object_repr": "plitzler",
        "change_message": "",
        "content_type": 3
    },
    "pk": 1,
    "model": "admin.logentry"
}, {
    "fields": {
        "action_time": "2016-03-21T15:50:19.204Z",
        "user": 1,
        "object_id": "6",
        "action_flag": 3,
        "object_repr": "plitzler",
        "change_message": "",
        "content_type": 3
    },
    "pk": 2,
    "model": "admin.logentry"
}, {
    "fields": {
        "action_time": "2016-03-21T15:51:59.732Z",
        "user": 1,
        "object_id": "14",
        "action_flag": 3,
        "object_repr": "arnaud.vincent",
        "change_message": "",
        "content_type": 3
    },
    "pk": 3,
    "model": "admin.logentry"
}, {
    "fields": {
        "action_time": "2016-03-21T15:52:00.034Z",
        "user": 1,
        "object_id": "10",
        "action_flag": 3,
        "object_repr": "douce",
        "change_message": "",
        "content_type": 3
    },
    "pk": 4,
    "model": "admin.logentry"
}, {
    "fields": {
        "action_time": "2016-03-21T15:52:01.236Z",
        "user": 1,
        "object_id": "9",
        "action_flag": 3,
        "object_repr": "ewolf",
        "change_message": "",
        "content_type": 3
    },
    "pk": 5,
    "model": "admin.logentry"
}, {
    "fields": {
        "action_time": "2016-03-21T15:52:01.702Z",
        "user": 1,
        "object_id": "15",
        "action_flag": 3,
        "object_repr": "grabocz",
        "change_message": "",
        "content_type": 3
    },
    "pk": 6,
    "model": "admin.logentry"
}, {
    "fields": {
        "action_time": "2016-03-21T15:52:01.946Z",
        "user": 1,
        "object_id": "11",
        "action_flag": 3,
        "object_repr": "aghisolfi",
        "change_message": "",
        "content_type": 3
    },
    "pk": 7,
    "model": "admin.logentry"
}, {
    "fields": {
        "action_time": "2016-03-21T15:52:02.162Z",
        "user": 1,
        "object_id": "13",
        "action_flag": 3,
        "object_repr": "amiot",
        "change_message": "",
        "content_type": 3
    },
    "pk": 8,
    "model": "admin.logentry"
}, {
    "fields": {
        "action_time": "2016-03-21T15:52:02.341Z",
        "user": 1,
        "object_id": "16",
        "action_flag": 3,
        "object_repr": "c.imbert",
        "change_message": "",
        "content_type": 3
    },
    "pk": 9,
    "model": "admin.logentry"
}, {
    "fields": {
        "action_time": "2016-03-21T15:52:02.506Z",
        "user": 1,
        "object_id": "12",
        "action_flag": 3,
        "object_repr": "cdaveiga",
        "change_message": "",
        "content_type": 3
    },
    "pk": 10,
    "model": "admin.logentry"
}, {
    "fields": {
        "action_time": "2016-03-21T15:52:02.665Z",
        "user": 1,
        "object_id": "17",
        "action_flag": 3,
        "object_repr": "chscherrer",
        "change_message": "",
        "content_type": 3
    },
    "pk": 11,
    "model": "admin.logentry"
}, {
    "fields": {
        "action_time": "2016-03-22T14:46:39.530Z",
        "user": 1,
        "object_id": "26",
        "action_flag": 3,
        "object_repr": "b.pinard",
        "change_message": "",
        "content_type": 3
    },
    "pk": 12,
    "model": "admin.logentry"
}, {
    "fields": {
        "action_time": "2016-03-22T14:49:29.068Z",
        "user": 1,
        "object_id": "28",
        "action_flag": 3,
        "object_repr": "b.pinard",
        "change_message": "",
        "content_type": 3
    },
    "pk": 13,
    "model": "admin.logentry"
}, {
    "fields": {
        "action_time": "2016-03-30T06:51:56.224Z",
        "user": 4,
        "object_id": "33",
        "action_flag": 1,
        "object_repr": "chinetti",
        "change_message": "",
        "content_type": 3
    },
    "pk": 14,
    "model": "admin.logentry"
}, {
    "fields": {
        "action_time": "2016-03-30T06:52:14.947Z",
        "user": 4,
        "object_id": "33",
        "action_flag": 2,
        "object_repr": "chinetti",
        "change_message": "Modifi\u00e9 last_name, first_name, email et groups.",
        "content_type": 3
    },
    "pk": 15,
    "model": "admin.logentry"
}, {
    "fields": {
        "action_time": "2016-04-05T09:58:02.127Z",
        "user": 4,
        "object_id": "39",
        "action_flag": 1,
        "object_repr": "gauer",
        "change_message": "",
        "content_type": 3
    },
    "pk": 16,
    "model": "admin.logentry"
}, {
    "fields": {
        "action_time": "2016-04-05T09:58:21.921Z",
        "user": 4,
        "object_id": "39",
        "action_flag": 3,
        "object_repr": "gauer",
        "change_message": "",
        "content_type": 3
    },
    "pk": 17,
    "model": "admin.logentry"
}, {
    "fields": {
        "action_time": "2016-04-06T09:20:42.748Z",
        "user": 1,
        "object_id": "40",
        "action_flag": 1,
        "object_repr": "aze",
        "change_message": "",
        "content_type": 3
    },
    "pk": 18,
    "model": "admin.logentry"
}, {
    "fields": {
        "action_time": "2016-04-06T09:20:46.353Z",
        "user": 1,
        "object_id": "40",
        "action_flag": 3,
        "object_repr": "aze",
        "change_message": "",
        "content_type": 3
    },
    "pk": 19,
    "model": "admin.logentry"
}, {
    "fields": {
        "action_time": "2016-04-06T09:34:43.242Z",
        "user": 4,
        "object_id": "41",
        "action_flag": 1,
        "object_repr": "gauer",
        "change_message": "",
        "content_type": 3
    },
    "pk": 20,
    "model": "admin.logentry"
}, {
    "fields": {
        "action_time": "2016-04-06T09:36:00.821Z",
        "user": 4,
        "object_id": "41",
        "action_flag": 2,
        "object_repr": "gauer",
        "change_message": "Modifi\u00e9 last_name, first_name, email et groups.",
        "content_type": 3
    },
    "pk": 21,
    "model": "admin.logentry"
}, {
    "fields": {
        "action_time": "2016-05-17T12:31:05.817Z",
        "user": 4,
        "object_id": "44",
        "action_flag": 1,
        "object_repr": "k.bertrand",
        "change_message": "",
        "content_type": 3
    },
    "pk": 22,
    "model": "admin.logentry"
}, {
    "fields": {
        "action_time": "2016-05-17T12:31:58.179Z",
        "user": 4,
        "object_id": "44",
        "action_flag": 2,
        "object_repr": "k.bertrand",
        "change_message": "Modifi\u00e9 last_name, first_name, email et groups.",
        "content_type": 3
    },
    "pk": 23,
    "model": "admin.logentry"
}, {
    "fields": {
        "status": "",
        "cmp": "ART",
        "is_ref_app": false,
        "profile": [
            5
        ],
        "user": 5
    },
    "pk": 1,
    "model": "adm.meccuser"
}, {
    "fields": {
        "status": "",
        "cmp": "CHM",
        "is_ref_app": false,
        "profile": [
            5
        ],
        "user": 7
    },
    "pk": 3,
    "model": "adm.meccuser"
}, {
    "fields": {
        "status": "",
        "cmp": "CHM",
        "is_ref_app": false,
        "profile": [
            6
        ],
        "user": 8
    },
    "pk": 4,
    "model": "adm.meccuser"
}, {
    "fields": {
        "status": "",
        "cmp": "ART",
        "is_ref_app": false,
        "profile": [
            6
        ],
        "user": 18
    },
    "pk": 14,
    "model": "adm.meccuser"
}, {
    "fields": {
        "status": "",
        "cmp": "CHM",
        "is_ref_app": false,
        "profile": [
            3
        ],
        "user": 22
    },
    "pk": 18,
    "model": "adm.meccuser"
}, {
    "fields": {
        "status": "",
        "cmp": "CHM",
        "is_ref_app": false,
        "profile": [
            3
        ],
        "user": 23
    },
    "pk": 19,
    "model": "adm.meccuser"
}, {
    "fields": {
        "status": "",
        "cmp": "CHM",
        "is_ref_app": false,
        "profile": [
            2
        ],
        "user": 24
    },
    "pk": 20,
    "model": "adm.meccuser"
}, {
    "fields": {
        "status": "",
        "cmp": "CHM",
        "is_ref_app": false,
        "profile": [
            3
        ],
        "user": 25
    },
    "pk": 21,
    "model": "adm.meccuser"
}, {
    "fields": {
        "status": "",
        "cmp": "CHM",
        "is_ref_app": true,
        "profile": [
            8
        ],
        "user": 29
    },
    "pk": 25,
    "model": "adm.meccuser"
}, {
    "fields": {
        "status": "",
        "cmp": "",
        "is_ref_app": false,
        "profile": [
            7
        ],
        "user": 31
    },
    "pk": 27,
    "model": "adm.meccuser"
}, {
    "fields": {
        "status": "",
        "cmp": "",
        "is_ref_app": false,
        "profile": [
            7
        ],
        "user": 32
    },
    "pk": 28,
    "model": "adm.meccuser"
}, {
    "fields": {
        "status": "",
        "cmp": "",
        "is_ref_app": false,
        "profile": [
            7
        ],
        "user": 34
    },
    "pk": 29,
    "model": "adm.meccuser"
}, {
    "fields": {
        "status": "",
        "cmp": "GEO",
        "is_ref_app": false,
        "profile": [
            5
        ],
        "user": 35
    },
    "pk": 30,
    "model": "adm.meccuser"
}, {
    "fields": {
        "status": "",
        "cmp": "GEO",
        "is_ref_app": false,
        "profile": [
            6
        ],
        "user": 36
    },
    "pk": 31,
    "model": "adm.meccuser"
}, {
    "fields": {
        "status": "",
        "cmp": "GEO",
        "is_ref_app": false,
        "profile": [
            2
        ],
        "user": 37
    },
    "pk": 32,
    "model": "adm.meccuser"
}, {
    "fields": {
        "status": "",
        "cmp": "GEO",
        "is_ref_app": false,
        "profile": [
            3
        ],
        "user": 38
    },
    "pk": 33,
    "model": "adm.meccuser"
}]
