[
{
  "model": "contenttypes.contenttype",
  "pk": 1,
  "fields": {
    "model": "permission",
    "app_label": "auth"
  }
},
{
  "model": "contenttypes.contenttype",
  "pk": 2,
  "fields": {
    "model": "group",
    "app_label": "auth"
  }
},
{
  "model": "contenttypes.contenttype",
  "pk": 3,
  "fields": {
    "model": "user",
    "app_label": "auth"
  }
},
{
  "model": "contenttypes.contenttype",
  "pk": 4,
  "fields": {
    "model": "contenttype",
    "app_label": "contenttypes"
  }
},
{
  "model": "contenttypes.contenttype",
  "pk": 5,
  "fields": {
    "model": "session",
    "app_label": "sessions"
  }
},
{
  "model": "contenttypes.contenttype",
  "pk": 6,
  "fields": {
    "model": "site",
    "app_label": "sites"
  }
},
{
  "model": "contenttypes.contenttype",
  "pk": 7,
  "fields": {
    "model": "logentry",
    "app_label": "admin"
  }
},
{
  "model": "contenttypes.contenttype",
  "pk": 8,
  "fields": {
    "model": "tgt",
    "app_label": "django_cas"
  }
},
{
  "model": "contenttypes.contenttype",
  "pk": 9,
  "fields": {
    "model": "pgtiou",
    "app_label": "django_cas"
  }
},
{
  "model": "contenttypes.contenttype",
  "pk": 10,
  "fields": {
    "model": "sessionserviceticket",
    "app_label": "django_cas"
  }
},
{
  "model": "contenttypes.contenttype",
  "pk": 11,
  "fields": {
    "model": "ecicommissionmember",
    "app_label": "commission"
  }
},
{
  "model": "contenttypes.contenttype",
  "pk": 12,
  "fields": {
    "model": "degreetype",
    "app_label": "degree"
  }
},
{
  "model": "contenttypes.contenttype",
  "pk": 13,
  "fields": {
    "model": "degree",
    "app_label": "degree"
  }
},
{
  "model": "contenttypes.contenttype",
  "pk": 14,
  "fields": {
    "model": "academicfield",
    "app_label": "institute"
  }
},
{
  "model": "contenttypes.contenttype",
  "pk": 15,
  "fields": {
    "model": "institute",
    "app_label": "institute"
  }
},
{
  "model": "contenttypes.contenttype",
  "pk": 16,
  "fields": {
    "model": "instituteyear",
    "app_label": "years"
  }
},
{
  "model": "contenttypes.contenttype",
  "pk": 17,
  "fields": {
    "model": "universityyear",
    "app_label": "years"
  }
},
{
  "model": "contenttypes.contenttype",
  "pk": 18,
  "fields": {
    "model": "profile",
    "app_label": "adm"
  }
},
{
  "model": "contenttypes.contenttype",
  "pk": 19,
  "fields": {
    "model": "meccuser",
    "app_label": "adm"
  }
},
{
  "model": "contenttypes.contenttype",
  "pk": 20,
  "fields": {
    "model": "rule",
    "app_label": "rules"
  }
},
{
  "model": "contenttypes.contenttype",
  "pk": 21,
  "fields": {
    "model": "paragraph",
    "app_label": "rules"
  }
},
{
  "model": "contenttypes.contenttype",
  "pk": 22,
  "fields": {
    "model": "training",
    "app_label": "training"
  }
},
{
  "model": "contenttypes.contenttype",
  "pk": 23,
  "fields": {
    "model": "specificparagraph",
    "app_label": "training"
  }
},
{
  "model": "contenttypes.contenttype",
  "pk": 24,
  "fields": {
    "model": "additionalparagraph",
    "app_label": "training"
  }
},
{
  "model": "sessions.session",
  "pk": "0gs65oolec1miy9o9wqgvjmiph6o69ox",
  "fields": {
    "session_data": "ODE1OTIzMGZiOTYyNWQ1NGNiZDA5NWIwOTBkZmExOGIyOGYxZTNjNTp7ImN1cnJlbnRfY29kZV95ZWFyIjoyMDE2LCJ2aXNpdGVkX2NtcF9sYWJlbCI6IkZhY3VsdFx1MDBlOSBkZSBjaGltaWUiLCJ2aXNpdGVkX2NtcF9pZCI6MjgsImN1cnJlbnRfeWVhciI6IkFublx1MDBlOWUgdW5pdmVyc2l0YWlyZSAyMDE1LzIwMTYiLCJ2aXNpdGVkX2NtcCI6IkNITSIsIl9hdXRoX3VzZXJfYmFja2VuZCI6ImRqYW5nb19jYXMuYmFja2VuZHMuQ0FTQmFja2VuZCIsInZpc2l0ZWRfcnVsZSI6NzksIl9hdXRoX3VzZXJfaWQiOiIxIiwiX2F1dGhfdXNlcl9oYXNoIjoiN2ZmZjg1MWFkZDgyYTdjNTU2NWI4NGRjYzI1NTEzMzdiZTg4Y2M1MSJ9",
    "expire_date": "2016-12-13T15:47:51.844Z"
  }
},
{
  "model": "sessions.session",
  "pk": "0x5qr8r79k0adfm46c30rsunp9gp7lng",
  "fields": {
    "session_data": "ZjMwY2ZjMzg3NTA0YWM5YmRjNWJhNjNkY2M4MWIxZTUyOGRlYmQ0ODp7Il9hdXRoX3VzZXJfaWQiOiI0IiwiY3VycmVudF9jb2RlX3llYXIiOjIwMTUsIl9hdXRoX3VzZXJfaGFzaCI6IjdmZmY4NTFhZGQ4MmE3YzU1NjViODRkY2MyNTUxMzM3YmU4OGNjNTEiLCJjdXJyZW50X3llYXIiOiJBbm5cdTAwZTllIHVuaXZlcnNpdGFpcmUgMjAxNS8yMDE2IiwiX2F1dGhfdXNlcl9iYWNrZW5kIjoiZGphbmdvX2Nhcy5iYWNrZW5kcy5DQVNCYWNrZW5kIn0=",
    "expire_date": "2016-12-15T12:59:30.050Z"
  }
},
{
  "model": "sessions.session",
  "pk": "1ywdq63n55omn0ljcbw2s8easp0vc6fh",
  "fields": {
    "session_data": "NDkyMmJiYTFmYWI3YjEwZTg2ZmFlZGEyYjRjMjRiMzg0ZGRmMjU1NDp7Il9hdXRoX3VzZXJfaGFzaCI6IjdmZmY4NTFhZGQ4MmE3YzU1NjViODRkY2MyNTUxMzM3YmU4OGNjNTEiLCJpc19zcG9vZmVkX3VzZXIiOnRydWUsInJlYWxfdXNlcm5hbWUiOiJiYWd1ZXQiLCJjdXJyZW50X3llYXIiOiJBbm5cdTAwZTllIHVuaXZlcnNpdGFpcmUgMjAxNS8yMDE2IiwiX2F1dGhfdXNlcl9pZCI6IjU1IiwiY3VycmVudF9jb2RlX3llYXIiOjIwMTUsIl9hdXRoX3VzZXJfYmFja2VuZCI6ImRqYW5nb19jYXMuYmFja2VuZHMuQ0FTQmFja2VuZCJ9",
    "expire_date": "2016-12-21T15:31:05.641Z"
  }
},
{
  "model": "sessions.session",
  "pk": "3pjnd6vhm08gg5709ri37ykdkhoewr3d",
  "fields": {
    "session_data": "NzVmY2QzYWEwODM2YWIwMjU2MDg0MzYyN2EzZDY4YTNhM2VkMGU1ZTp7Il9hdXRoX3VzZXJfYmFja2VuZCI6ImRqYW5nb19jYXMuYmFja2VuZHMuQ0FTQmFja2VuZCIsInZpc2l0ZWRfY21wX2xhYmVsIjoiRmFjdWx0XHUwMGU5IGRlIGNoaW1pZSIsImN1cnJlbnRfeWVhciI6IkFublx1MDBlOWUgdW5pdmVyc2l0YWlyZSAyMDE1LzIwMTYiLCJjdXJyZW50X2NvZGVfeWVhciI6MjAxNSwiX2F1dGhfdXNlcl9pZCI6IjEiLCJfYXV0aF91c2VyX2hhc2giOiI3ZmZmODUxYWRkODJhN2M1NTY1Yjg0ZGNjMjU1MTMzN2JlODhjYzUxIiwidmlzaXRlZF9jbXBfaWQiOjI4LCJ2aXNpdGVkX2NtcCI6IlJFU1BGT1JNIn0=",
    "expire_date": "2016-11-24T13:44:31.597Z"
  }
},
{
  "model": "sessions.session",
  "pk": "4r5g9w3j413o8fef5iq4p3xovb0j2ph8",
  "fields": {
    "session_data": "MGMwMjIwZGQwNzhkODkxODUyNmRkN2RhMmQwZTc4OWNmNWE2YjM2Yjp7Il9hdXRoX3VzZXJfaWQiOiIxIiwidmlzaXRlZF9ydWxlIjoyLCJjdXJyZW50X2NvZGVfeWVhciI6MjAxNSwiX2F1dGhfdXNlcl9iYWNrZW5kIjoiZGphbmdvX2Nhcy5iYWNrZW5kcy5DQVNCYWNrZW5kIiwidmlzaXRlZF9jbXBfaWQiOjI4LCJ2aXNpdGVkX2NtcF9sYWJlbCI6IkZhY3VsdFx1MDBlOSBkZSBjaGltaWUiLCJfYXV0aF91c2VyX2hhc2giOiI3ZmZmODUxYWRkODJhN2M1NTY1Yjg0ZGNjMjU1MTMzN2JlODhjYzUxIiwidmlzaXRlZF9jbXAiOiJDSE0iLCJjdXJyZW50X3llYXIiOiJBbm5cdTAwZTllIHVuaXZlcnNpdGFpcmUgMjAxNS8yMDE2In0=",
    "expire_date": "2016-12-14T14:55:29.313Z"
  }
},
{
  "model": "sessions.session",
  "pk": "58exhmuvnaeoxyhfmvsbhitvvrn5kpiv",
  "fields": {
    "session_data": "OWYxZmE5MjVmYTMzYmQzODA2NjA1ZGE4YmNmNjhjYzAyYTFhMmIzZTp7ImN1cnJlbnRfY29kZV95ZWFyIjoyMDE1LCJfYXV0aF91c2VyX2hhc2giOiI3ZmZmODUxYWRkODJhN2M1NTY1Yjg0ZGNjMjU1MTMzN2JlODhjYzUxIiwiX2F1dGhfdXNlcl9pZCI6IjEiLCJjdXJyZW50X3llYXIiOiJBbm5cdTAwZTllIHVuaXZlcnNpdGFpcmUgMjAxNS8yMDE2IiwiX2F1dGhfdXNlcl9iYWNrZW5kIjoiZGphbmdvX2Nhcy5iYWNrZW5kcy5DQVNCYWNrZW5kIn0=",
    "expire_date": "2016-12-06T10:06:14.469Z"
  }
},
{
  "model": "sessions.session",
  "pk": "6lt8i3xgtmxghm34dqvpriou42gkb56o",
  "fields": {
    "session_data": "MTJjM2M2ZDhmMDg0ZGM2N2YzZGQwMTMwOWM2ODQ2OGVjNmFhMWEyZDp7ImN1cnJlbnRfY29kZV95ZWFyIjoyMDE1LCJfYXV0aF91c2VyX2hhc2giOiJlODYxMzM2NTM1M2VmYzA0OTkzNWRmOGY1NDJhMTJlZjFhY2Y4YzcxIiwiaXNfc3Bvb2ZlZF91c2VyIjpmYWxzZSwiX2F1dGhfdXNlcl9iYWNrZW5kIjoiZGphbmdvX2Nhcy5iYWNrZW5kcy5DQVNCYWNrZW5kIiwiY3VycmVudF95ZWFyIjoiQW5uXHUwMGU5ZSB1bml2ZXJzaXRhaXJlIDIwMTUvMjAxNiIsIl9hdXRoX3VzZXJfaWQiOiIyMjAifQ==",
    "expire_date": "2016-12-07T13:56:09.293Z"
  }
},
{
  "model": "sessions.session",
  "pk": "7jy3bkjwbi0p4tt4vjykp068kywg8k3y",
  "fields": {
    "session_data": "ZjZhYjBmMzkzMWMwOTU5N2UxODE0NTVhYWRlZTM3ZDA3ZTk3M2ViMzp7ImlzX3Nwb29mZWRfdXNlciI6ZmFsc2UsIl9hdXRoX3VzZXJfYmFja2VuZCI6ImRqYW5nb19jYXMuYmFja2VuZHMuQ0FTQmFja2VuZCIsImN1cnJlbnRfY29kZV95ZWFyIjoyMDE1LCJ2aXNpdGVkX2NtcF9sYWJlbCI6IkZhY3VsdFx1MDBlOSBkZSBjaGltaWUiLCJfYXV0aF91c2VyX2lkIjoiNCIsInZpc2l0ZWRfY21wX2lkIjoyOCwiX2F1dGhfdXNlcl9oYXNoIjoiN2ZmZjg1MWFkZDgyYTdjNTU2NWI4NGRjYzI1NTEzMzdiZTg4Y2M1MSIsImN1cnJlbnRfeWVhciI6IkFublx1MDBlOWUgdW5pdmVyc2l0YWlyZSAyMDE1LzIwMTYiLCJ2aXNpdGVkX2NtcCI6IkNITSJ9",
    "expire_date": "2016-12-05T13:43:52.786Z"
  }
},
{
  "model": "sessions.session",
  "pk": "80tnpl6czz9r6ux4erhce7hq9sr3u1k1",
  "fields": {
    "session_data": "ZjUzNTUwOGUzYzRhZWU5OTIxOGFkMDEzZjk0YjZmZjI0ZWUzYmRmMTp7ImN1cnJlbnRfY29kZV95ZWFyIjoyMDE1LCJ2aXNpdGVkX2NtcF9sYWJlbCI6IkZhY3VsdFx1MDBlOSBkZSBjaGltaWUiLCJfYXV0aF91c2VyX2hhc2giOiJhMDZkNzg5ODJjNGE0ZTQxMmMzYjkxZDYxMTdlMjgyYjUwZTdmYjFkIiwiY3VycmVudF95ZWFyIjoiQW5uXHUwMGU5ZSB1bml2ZXJzaXRhaXJlIDIwMTUvMjAxNiIsIl9hdXRoX3VzZXJfYmFja2VuZCI6ImRqYW5nb19jYXMuYmFja2VuZHMuQ0FTQmFja2VuZCIsIl9hdXRoX3VzZXJfaWQiOiIyMjEiLCJ2aXNpdGVkX2NtcF9pZCI6MjgsInZpc2l0ZWRfY21wIjoiQ0hNIn0=",
    "expire_date": "2016-12-15T16:21:52.383Z"
  }
},
{
  "model": "sessions.session",
  "pk": "82wcvm93gybpo5pqcttaex60ynxc2ynv",
  "fields": {
    "session_data": "NDc4ZDEyMTMzMTE4MjczODMxOTMyNjMxNjFmNmZmYTAxMWU0MWM0Yzp7Il9hdXRoX3VzZXJfaWQiOiIxIiwidmlzaXRlZF9jbXAiOm51bGwsInZpc2l0ZWRfY21wX2xhYmVsIjoiVG91dGVzIGNvbXBvc2FudGVzIiwiX2F1dGhfdXNlcl9iYWNrZW5kIjoiZGphbmdvX2Nhcy5iYWNrZW5kcy5DQVNCYWNrZW5kIiwiY3VycmVudF95ZWFyIjoiQW5uXHUwMGU5ZSB1bml2ZXJzaXRhaXJlIDIwMTUvMjAxNiIsIl9hdXRoX3VzZXJfaGFzaCI6IjdmZmY4NTFhZGQ4MmE3YzU1NjViODRkY2MyNTUxMzM3YmU4OGNjNTEiLCJ2aXNpdGVkX2NtcF9pZCI6bnVsbCwiY3VycmVudF9jb2RlX3llYXIiOjIwMTV9",
    "expire_date": "2016-12-02T11:13:37.150Z"
  }
},
{
  "model": "sessions.session",
  "pk": "bhk8srlktgmalihzem9vv1y5oyiz46gq",
  "fields": {
    "session_data": "YmQ3YzZlYzc5NWRiZTg2ZjU3ODBiODdhOGQxNWZjNWY5MzQzNmZkYjp7Il9hdXRoX3VzZXJfYmFja2VuZCI6ImRqYW5nb19jYXMuYmFja2VuZHMuQ0FTQmFja2VuZCIsImN1cnJlbnRfY29kZV95ZWFyIjoyMDE1LCJ2aXNpdGVkX2NtcF9sYWJlbCI6IlRvdXRlcyBjb21wb3NhbnRlcyIsIl9hdXRoX3VzZXJfaWQiOiIxIiwidmlzaXRlZF9jbXBfaWQiOm51bGwsIl9hdXRoX3VzZXJfaGFzaCI6IjdmZmY4NTFhZGQ4MmE3YzU1NjViODRkY2MyNTUxMzM3YmU4OGNjNTEiLCJjdXJyZW50X3llYXIiOiJBbm5cdTAwZTllIHVuaXZlcnNpdGFpcmUgMjAxNS8yMDE2IiwidmlzaXRlZF9jbXAiOm51bGx9",
    "expire_date": "2016-12-06T10:12:04.658Z"
  }
},
{
  "model": "sessions.session",
  "pk": "ddtj8akloll72dj8rc9nkv32ktclnwku",
  "fields": {
    "session_data": "MDk5MzQ3NjFhMGU4OWE3NmVlZTA1YTQ2ZDQ1YTBiZjYzOTkzOTFmZDp7Il9hdXRoX3VzZXJfaWQiOiIxIiwiX2F1dGhfdXNlcl9oYXNoIjoiN2ZmZjg1MWFkZDgyYTdjNTU2NWI4NGRjYzI1NTEzMzdiZTg4Y2M1MSIsIl9hdXRoX3VzZXJfYmFja2VuZCI6ImRqYW5nb19jYXMuYmFja2VuZHMuQ0FTQmFja2VuZCJ9",
    "expire_date": "2016-12-15T08:52:19.952Z"
  }
},
{
  "model": "sessions.session",
  "pk": "dm0ppzy6j7wnrwij30xtsmhqj2nu39yj",
  "fields": {
    "session_data": "NzNlNTAyZDNkMTA4YmE0NDdmN2VhNGJjMzE5YzgxM2IyNDYwYzljNTp7Il9hdXRoX3VzZXJfaGFzaCI6IjdmZmY4NTFhZGQ4MmE3YzU1NjViODRkY2MyNTUxMzM3YmU4OGNjNTEiLCJfYXV0aF91c2VyX2lkIjoiMSIsIl9hdXRoX3VzZXJfYmFja2VuZCI6ImRqYW5nb19jYXMuYmFja2VuZHMuQ0FTQmFja2VuZCJ9",
    "expire_date": "2016-11-29T09:09:24.718Z"
  }
},
{
  "model": "sessions.session",
  "pk": "lpie56c8ec95dgsq26ks979rdnf0h6sy",
  "fields": {
    "session_data": "MTg0NjE2YzY2ODE4N2Q5MWU2NTE5ZmFkMTdjMDRhODY0YTUxODk1Njp7InZpc2l0ZWRfY21wX2lkIjoyOCwidmlzaXRlZF9jbXAiOiJDSE0iLCJjdXJyZW50X2NvZGVfeWVhciI6MjAxNSwiX2F1dGhfdXNlcl9pZCI6IjIwNyIsImN1cnJlbnRfeWVhciI6IkFublx1MDBlOWUgdW5pdmVyc2l0YWlyZSAyMDE1LzIwMTYiLCJ2aXNpdGVkX2NtcF9sYWJlbCI6IkZhY3VsdFx1MDBlOSBkZSBjaGltaWUiLCJpc19zcG9vZmVkX3VzZXIiOmZhbHNlLCJfYXV0aF91c2VyX2hhc2giOiI3NThkZWJhNWJhNjZjMGZkMzk3ZTNhYmY3MTNkMTAwZTUxM2Y4NjU3IiwiX2F1dGhfdXNlcl9iYWNrZW5kIjoiZGphbmdvX2Nhcy5iYWNrZW5kcy5DQVNCYWNrZW5kIn0=",
    "expire_date": "2016-12-05T15:37:31.335Z"
  }
},
{
  "model": "sessions.session",
  "pk": "luv03digo3mdhcg62mrvbyd52tv2vg1j",
  "fields": {
    "session_data": "NDc4ZTVkNDkwMWI1NDRkZDhiZTQzMmQ3OWJhYmMzNDljM2M4OTQ0NTp7Il9hdXRoX3VzZXJfYmFja2VuZCI6ImRqYW5nb19jYXMuYmFja2VuZHMuQ0FTQmFja2VuZCIsIl9hdXRoX3VzZXJfaWQiOiIyMjAiLCJjdXJyZW50X3llYXIiOiJBbm5cdTAwZTllIHVuaXZlcnNpdGFpcmUgMjAxNS8yMDE2IiwiY3VycmVudF9jb2RlX3llYXIiOjIwMTUsIl9hdXRoX3VzZXJfaGFzaCI6ImU4NjEzMzY1MzUzZWZjMDQ5OTM1ZGY4ZjU0MmExMmVmMWFjZjhjNzEifQ==",
    "expire_date": "2016-11-29T09:10:50.347Z"
  }
},
{
  "model": "sessions.session",
  "pk": "mzkt1w9kftwdzojmad9i15zkk6xv8jq8",
  "fields": {
    "session_data": "YWRlNDYwZmQ0OGVjN2NkYThkYTYzNzU4NjE1YWQ5Y2NmYzJlZTUwNjp7InZpc2l0ZWRfY21wIjoiQ0hNIiwiX2F1dGhfdXNlcl9pZCI6IjU1IiwicmVhbF91c2VybmFtZSI6ImIucGluYXJkIiwidmlzaXRlZF9jbXBfaWQiOjI4LCJ2aXNpdGVkX2NtcF9sYWJlbCI6IkZhY3VsdFx1MDBlOSBkZSBjaGltaWUiLCJfYXV0aF91c2VyX2JhY2tlbmQiOiJkamFuZ29fY2FzLmJhY2tlbmRzLkNBU0JhY2tlbmQiLCJpc19zcG9vZmVkX3VzZXIiOnRydWUsIl9hdXRoX3VzZXJfaGFzaCI6IjdmZmY4NTFhZGQ4MmE3YzU1NjViODRkY2MyNTUxMzM3YmU4OGNjNTEiLCJjdXJyZW50X3llYXIiOiJBbm5cdTAwZTllIHVuaXZlcnNpdGFpcmUgMjAxNS8yMDE2IiwiY3VycmVudF9jb2RlX3llYXIiOjIwMTV9",
    "expire_date": "2016-12-02T10:35:54.414Z"
  }
},
{
  "model": "sessions.session",
  "pk": "olgfzz2r7atqd16t4hj0ke7g5ao2bec3",
  "fields": {
    "session_data": "YmVmMDBhYTg2M2ZjNmJhMGZmZThkMjAzMTlkYzQzYzEyN2JmOWMyNjp7Il9hdXRoX3VzZXJfaWQiOiI0IiwiX2F1dGhfdXNlcl9oYXNoIjoiN2ZmZjg1MWFkZDgyYTdjNTU2NWI4NGRjYzI1NTEzMzdiZTg4Y2M1MSIsIl9hdXRoX3VzZXJfYmFja2VuZCI6ImRqYW5nb19jYXMuYmFja2VuZHMuQ0FTQmFja2VuZCIsImN1cnJlbnRfeWVhciI6IkFublx1MDBlOWUgdW5pdmVyc2l0YWlyZSAyMDE1LzIwMTYiLCJ2aXNpdGVkX3J1bGUiOjIsImN1cnJlbnRfY29kZV95ZWFyIjoyMDE1fQ==",
    "expire_date": "2016-12-16T08:52:58.041Z"
  }
},
{
  "model": "sessions.session",
  "pk": "rlqh71y5ckrn2f0qwl67zyzbclo7b3zy",
  "fields": {
    "session_data": "NmFmMzVmNTYyZWVkZmI1NDZlZGNiMDRlYzczNGRlMTg0MzA5MDQ5MDp7InZpc2l0ZWRfY21wX2lkIjoyOCwiY3VycmVudF9jb2RlX3llYXIiOjIwMTUsInZpc2l0ZWRfY21wIjoiQ0hNIiwiX2F1dGhfdXNlcl9pZCI6IjIyMSIsImN1cnJlbnRfeWVhciI6IkFublx1MDBlOWUgdW5pdmVyc2l0YWlyZSAyMDE1LzIwMTYiLCJ2aXNpdGVkX2NtcF9sYWJlbCI6IkZhY3VsdFx1MDBlOSBkZSBjaGltaWUiLCJfYXV0aF91c2VyX2hhc2giOiJhMDZkNzg5ODJjNGE0ZTQxMmMzYjkxZDYxMTdlMjgyYjUwZTdmYjFkIiwiX2F1dGhfdXNlcl9iYWNrZW5kIjoiZGphbmdvX2Nhcy5iYWNrZW5kcy5DQVNCYWNrZW5kIn0=",
    "expire_date": "2016-12-05T12:46:58.401Z"
  }
},
{
  "model": "sessions.session",
  "pk": "szg9q3jzzupf6y9axwunf90gnhr11x7p",
  "fields": {
    "session_data": "ZmM3N2UxMzM2ZmU3YTZhNGQ1ZWRiYzljNzNjNTE3OWI1Mjk2YTg0MTp7ImN1cnJlbnRfY29kZV95ZWFyIjoyMDE1LCJ2aXNpdGVkX2NtcCI6bnVsbCwiX2F1dGhfdXNlcl9pZCI6IjEiLCJ2aXNpdGVkX2NtcF9pZCI6bnVsbCwiY3VycmVudF95ZWFyIjoiQW5uXHUwMGU5ZSB1bml2ZXJzaXRhaXJlIDIwMTUvMjAxNiIsInZpc2l0ZWRfY21wX2xhYmVsIjoiVG91dGVzIGNvbXBvc2FudGVzIiwiaXNfc3Bvb2ZlZF91c2VyIjpmYWxzZSwiX2F1dGhfdXNlcl9oYXNoIjoiN2ZmZjg1MWFkZDgyYTdjNTU2NWI4NGRjYzI1NTEzMzdiZTg4Y2M1MSIsIl9hdXRoX3VzZXJfYmFja2VuZCI6ImRqYW5nb19jYXMuYmFja2VuZHMuQ0FTQmFja2VuZCJ9",
    "expire_date": "2016-12-02T16:15:33.725Z"
  }
},
{
  "model": "sessions.session",
  "pk": "uf6lk02nm7lavqi84lz3mjnexpbl0vyu",
  "fields": {
    "session_data": "NjQxMDc1M2QzNjBlMTJiOGI4M2E0ZmM0NTQwMjQyNGZhZWM2NjUyNDp7Il9hdXRoX3VzZXJfaGFzaCI6IjdmZmY4NTFhZGQ4MmE3YzU1NjViODRkY2MyNTUxMzM3YmU4OGNjNTEiLCJfYXV0aF91c2VyX2JhY2tlbmQiOiJkamFuZ29fY2FzLmJhY2tlbmRzLkNBU0JhY2tlbmQiLCJfYXV0aF91c2VyX2lkIjoiMSJ9",
    "expire_date": "2016-12-07T13:09:23.840Z"
  }
},
{
  "model": "sessions.session",
  "pk": "v4z0b96tg2idx1cydj5qi69qulmoas3m",
  "fields": {
    "session_data": "NWNjOTI5ZmZiMTY1NTg2M2Y4NDlmMzcxMzMwNTUwZjdlNjZhNmZmNTp7Il9hdXRoX3VzZXJfYmFja2VuZCI6ImRqYW5nb19jYXMuYmFja2VuZHMuQ0FTQmFja2VuZCIsImN1cnJlbnRfeWVhciI6IkFublx1MDBlOWUgdW5pdmVyc2l0YWlyZSAyMDE1LzIwMTYiLCJfYXV0aF91c2VyX2lkIjoiMSIsImN1cnJlbnRfY29kZV95ZWFyIjoyMDE1LCJ2aXNpdGVkX2NtcCI6IkNITSIsInZpc2l0ZWRfY21wX2xhYmVsIjoiRmFjdWx0XHUwMGU5IGRlIGNoaW1pZSIsIl9hdXRoX3VzZXJfaGFzaCI6IjdmZmY4NTFhZGQ4MmE3YzU1NjViODRkY2MyNTUxMzM3YmU4OGNjNTEiLCJ2aXNpdGVkX2NtcF9pZCI6Mjh9",
    "expire_date": "2016-12-22T11:04:02.716Z"
  }
},
{
  "model": "sessions.session",
  "pk": "xe2x69n4oemoa4lmyg8dini79q425nyl",
  "fields": {
    "session_data": "M2ZhMzA4MTdkNTZmNDA0YTUwMmZiYzAzNjVjNTFiMGIzMDZlNDU1ZTp7Il9hdXRoX3VzZXJfaWQiOiIyMTkiLCJ2aXNpdGVkX2NtcCI6IkNITSIsInZpc2l0ZWRfY21wX2lkIjoyOCwiY3VycmVudF95ZWFyIjoiQW5uXHUwMGU5ZSB1bml2ZXJzaXRhaXJlIDIwMTUvMjAxNiIsInZpc2l0ZWRfY21wX2xhYmVsIjoiRmFjdWx0XHUwMGU5IGRlIGNoaW1pZSIsIl9hdXRoX3VzZXJfYmFja2VuZCI6ImRqYW5nb19jYXMuYmFja2VuZHMuQ0FTQmFja2VuZCIsIl9hdXRoX3VzZXJfaGFzaCI6IjZhMTdjNzE0YTUxMDBhY2EzZjljZGM5YTcxNTc4MTAyNzhkYzM4YzEiLCJjdXJyZW50X2NvZGVfeWVhciI6MjAxNX0=",
    "expire_date": "2016-11-29T14:17:17.315Z"
  }
},
{
  "model": "sessions.session",
  "pk": "xqvx9hoc8rhyr5pt0hk64qpvrafov5gg",
  "fields": {
    "session_data": "MmFmOGQ0ZTk0NGZjY2JkMWY3YjE4MTdkZTU2MzdmYjRhOGJkYWFjYjp7ImN1cnJlbnRfeWVhciI6IkFublx1MDBlOWUgdW5pdmVyc2l0YWlyZSAyMDE1LzIwMTYiLCJfYXV0aF91c2VyX2hhc2giOiI3NThkZWJhNWJhNjZjMGZkMzk3ZTNhYmY3MTNkMTAwZTUxM2Y4NjU3IiwicmVhbF91c2VybmFtZSI6ImNoaW5ldHRpIiwiaXNfc3Bvb2ZlZF91c2VyIjpmYWxzZSwidmlzaXRlZF9jbXAiOiJDSE0iLCJjdXJyZW50X2NvZGVfeWVhciI6MjAxNSwidmlzaXRlZF9jbXBfaWQiOjI4LCJfYXV0aF91c2VyX2lkIjoiMjA3IiwiX2F1dGhfdXNlcl9iYWNrZW5kIjoiZGphbmdvX2Nhcy5iYWNrZW5kcy5DQVNCYWNrZW5kIiwidmlzaXRlZF9jbXBfbGFiZWwiOiJGYWN1bHRcdTAwZTkgZGUgY2hpbWllIn0=",
    "expire_date": "2016-11-24T13:31:12.260Z"
  }
},
{
  "model": "sessions.session",
  "pk": "yq8dwa70cnnutp4txb7pkigs82zo7v5b",
  "fields": {
    "session_data": "MWUyYzRmNDU3NWM2ZDIzMTFjOGIzY2Y2MDkzZDFlNDEyNTFkMjRiMzp7ImN1cnJlbnRfY29kZV95ZWFyIjoyMDE1LCJfYXV0aF91c2VyX2JhY2tlbmQiOiJkamFuZ29fY2FzLmJhY2tlbmRzLkNBU0JhY2tlbmQiLCJfYXV0aF91c2VyX2hhc2giOiI3ZmZmODUxYWRkODJhN2M1NTY1Yjg0ZGNjMjU1MTMzN2JlODhjYzUxIiwiY3VycmVudF95ZWFyIjoiQW5uXHUwMGU5ZSB1bml2ZXJzaXRhaXJlIDIwMTUvMjAxNiIsIl9hdXRoX3VzZXJfaWQiOiIxIn0=",
    "expire_date": "2016-11-28T09:41:48.709Z"
  }
},
{
  "model": "sites.site",
  "pk": 1,
  "fields": {
    "domain": "example.com",
    "name": "example.com"
  }
},
{
  "model": "django_cas.sessionserviceticket",
  "pk": "ST-1034495-vpOb9PEnmajO27Deq4AE-cas1",
  "fields": {
    "session_key": "uf6lk02nm7lavqi84lz3mjnexpbl0vyu"
  }
},
{
  "model": "django_cas.sessionserviceticket",
  "pk": "ST-1232280-ZgQpj9eZwuBelYwYeS7D-cas2",
  "fields": {
    "session_key": "0gs65oolec1miy9o9wqgvjmiph6o69ox"
  }
},
{
  "model": "django_cas.sessionserviceticket",
  "pk": "ST-1425761-BVsivORbzCNcPERezIKw-cas2",
  "fields": {
    "session_key": "ddtj8akloll72dj8rc9nkv32ktclnwku"
  }
},
{
  "model": "django_cas.sessionserviceticket",
  "pk": "ST-14330-E3NmczgAGM9dFJcCwcwU-cas2",
  "fields": {
    "session_key": "81lax3kedrmm4s6c96j83vq0w1x63hdj"
  }
},
{
  "model": "django_cas.sessionserviceticket",
  "pk": "ST-1475096-MIaCPCqyqDyP0XsIJemm-cas2",
  "fields": {
    "session_key": "0x5qr8r79k0adfm46c30rsunp9gp7lng"
  }
},
{
  "model": "django_cas.sessionserviceticket",
  "pk": "ST-1511862-dgfcvO29uyuDalO16dhR-cas2",
  "fields": {
    "session_key": "80tnpl6czz9r6ux4erhce7hq9sr3u1k1"
  }
},
{
  "model": "django_cas.sessionserviceticket",
  "pk": "ST-1580964-t5USiTgknsfC1KRg393W-cas2",
  "fields": {
    "session_key": "olgfzz2r7atqd16t4hj0ke7g5ao2bec3"
  }
},
{
  "model": "django_cas.sessionserviceticket",
  "pk": "ST-176591-zZU5XK3dAs00ag7la4Ku-cas2",
  "fields": {
    "session_key": "yq8dwa70cnnutp4txb7pkigs82zo7v5b"
  }
},
{
  "model": "django_cas.sessionserviceticket",
  "pk": "ST-194984-GHnw4dCmKsYjAbLy4vRT-cas1",
  "fields": {
    "session_key": "3pjnd6vhm08gg5709ri37ykdkhoewr3d"
  }
},
{
  "model": "django_cas.sessionserviceticket",
  "pk": "ST-1950952-yx6kK3fcvhUZpqqd9RB0-cas2",
  "fields": {
    "session_key": "v4z0b96tg2idx1cydj5qi69qulmoas3m"
  }
},
{
  "model": "django_cas.sessionserviceticket",
  "pk": "ST-2071463-eXn4RbzjPevSvxluFtT4-cas2",
  "fields": {
    "session_key": "mdxg1m59yknkj9n5tj8av4i1ff2wpesa"
  }
},
{
  "model": "django_cas.sessionserviceticket",
  "pk": "ST-210612-YrbKcR0GfuHM6N9xwEAV-cas1",
  "fields": {
    "session_key": "xqvx9hoc8rhyr5pt0hk64qpvrafov5gg"
  }
},
{
  "model": "django_cas.sessionserviceticket",
  "pk": "ST-210659-tYhvD2HerEOuicV3Nl2x-cas1",
  "fields": {
    "session_key": "u4sinwce005etkqgabgti14jq8ivt6qw"
  }
},
{
  "model": "django_cas.sessionserviceticket",
  "pk": "ST-210834-xeJoA7azioTaiK0VMdyO-cas1",
  "fields": {
    "session_key": "covuov70oth4shkgg8a7roippxkxsqmb"
  }
},
{
  "model": "django_cas.sessionserviceticket",
  "pk": "ST-211834-nODClZsAvohafWtxXV1k-cas1",
  "fields": {
    "session_key": "wbrv6ldln0mmf6p7s2tbd4iap7z9wvd3"
  }
},
{
  "model": "django_cas.sessionserviceticket",
  "pk": "ST-2303919-h6eNet7aAgIl0ZxrzuyK-cas2",
  "fields": {
    "session_key": "vxeziz053vsco2s20fcank6qpivmz4n0"
  }
},
{
  "model": "django_cas.sessionserviceticket",
  "pk": "ST-2309817-fmAKGcdoRQbrFAXMwfXj-cas2",
  "fields": {
    "session_key": "cx8q0xq5we9aqe6ux2bkojgpmvxs912v"
  }
},
{
  "model": "django_cas.sessionserviceticket",
  "pk": "ST-2321330-VpudZf3ujs3xktxf4gUa-cas2",
  "fields": {
    "session_key": "jbnx4dwj679tourukb1b4t94s7eiehem"
  }
},
{
  "model": "django_cas.sessionserviceticket",
  "pk": "ST-289637-ZqbZrwi73eiQMXW2UU3Y-cas2",
  "fields": {
    "session_key": "xe2x69n4oemoa4lmyg8dini79q425nyl"
  }
},
{
  "model": "django_cas.sessionserviceticket",
  "pk": "ST-359054-kbzqip2oMd4Nlb9ZGesZ-cas2",
  "fields": {
    "session_key": "opputllflvov6tjvamtjkish2dk4c3rr"
  }
},
{
  "model": "django_cas.sessionserviceticket",
  "pk": "ST-452720-EQjeFI6RqN5aMaTJr5Bu-cas1",
  "fields": {
    "session_key": "4224t49dpxnm1tdmsrgj3n3qce74xzk3"
  }
},
{
  "model": "django_cas.sessionserviceticket",
  "pk": "ST-456392-acNGKNtYa1gAbRZfw0p4-cas1",
  "fields": {
    "session_key": "dm0ppzy6j7wnrwij30xtsmhqj2nu39yj"
  }
},
{
  "model": "django_cas.sessionserviceticket",
  "pk": "ST-456541-2efAD49Yx7EpnQPWOPJM-cas1",
  "fields": {
    "session_key": "luv03digo3mdhcg62mrvbyd52tv2vg1j"
  }
},
{
  "model": "django_cas.sessionserviceticket",
  "pk": "ST-497372-cCgQfSLPULHKnEOzgBfc-cas2",
  "fields": {
    "session_key": "82wcvm93gybpo5pqcttaex60ynxc2ynv"
  }
},
{
  "model": "django_cas.sessionserviceticket",
  "pk": "ST-503662-FuLaddxzXbGV2PkxSBld-cas2",
  "fields": {
    "session_key": "i6klcg9gidm7t444ckuik3l42d79ydf8"
  }
},
{
  "model": "django_cas.sessionserviceticket",
  "pk": "ST-516268-VKxA6qzkHNyEkjBh3c4W-cas2",
  "fields": {
    "session_key": "klbps4a6dxnl875cq2hw76lwtlvgz25j"
  }
},
{
  "model": "django_cas.sessionserviceticket",
  "pk": "ST-563304-vG0SqZJWiyTKxmIaf10h-cas1",
  "fields": {
    "session_key": "a5zim5tdfn8f2j43smch3zfg5812l26f"
  }
},
{
  "model": "django_cas.sessionserviceticket",
  "pk": "ST-668055-FJ5wub1VGM3YDIJo02Pd-cas2",
  "fields": {
    "session_key": "49kf0uwm5g9zyo6eh0nwbdwnu9n3uxin"
  }
},
{
  "model": "django_cas.sessionserviceticket",
  "pk": "ST-668182-6faAF2iqvI5o5FKLsQ6p-cas2",
  "fields": {
    "session_key": "ol4w1hst6psm1cj24w0aofhmzco2h4ig"
  }
},
{
  "model": "django_cas.sessionserviceticket",
  "pk": "ST-669093-va3Fgfyz9XOYWsbQwqxv-cas2",
  "fields": {
    "session_key": "rlqh71y5ckrn2f0qwl67zyzbclo7b3zy"
  }
},
{
  "model": "django_cas.sessionserviceticket",
  "pk": "ST-680201-1hTpczFbqb6EjfHKtoa0-cas2",
  "fields": {
    "session_key": "4dvvw8o53um9dk76uidwqwr5y9ywba0j"
  }
},
{
  "model": "django_cas.sessionserviceticket",
  "pk": "ST-741528-ZnppxJ4c1TPl3tvOTbmp-cas2",
  "fields": {
    "session_key": "bhk8srlktgmalihzem9vv1y5oyiz46gq"
  }
},
{
  "model": "django_cas.sessionserviceticket",
  "pk": "ST-745728-h9v2ke47jjOpyHAaHyBW-cas2",
  "fields": {
    "session_key": "5e5cmu6xlw01w44q4hkjtbm12r4dgdji"
  }
},
{
  "model": "django_cas.sessionserviceticket",
  "pk": "ST-836238-crmcVFYGzW5dq2hHlLmo-cas2",
  "fields": {
    "session_key": "4r5g9w3j413o8fef5iq4p3xovb0j2ph8"
  }
},
{
  "model": "django_cas.sessionserviceticket",
  "pk": "ST-842518-ASdHPS1m3RRknK5jVX7M-cas2",
  "fields": {
    "session_key": "bz5ciyeyczvthe8rb362t6g5eft6s6zp"
  }
},
{
  "model": "django_cas.sessionserviceticket",
  "pk": "ST-869773-ec1LnOSoWL9N5l94k6t7-cas1",
  "fields": {
    "session_key": "ku319qp6nfot5g9l5xhnq6lj13yf4lw0"
  }
},
{
  "model": "django_cas.sessionserviceticket",
  "pk": "ST-934864-CE6xGhCWIbuEdk5lzhIB-cas1",
  "fields": {
    "session_key": "58exhmuvnaeoxyhfmvsbhitvvrn5kpiv"
  }
},
{
  "model": "commission.ecicommissionmember",
  "pk": 2,
  "fields": {
    "username": "v.fritsch",
    "email": "v.fritsch@unistra.fr",
    "member_type": "commission",
    "first_name": "Valerie",
    "last_name": "Fritsch-Noirard(Fritsch)"
  }
},
{
  "model": "commission.ecicommissionmember",
  "pk": 3,
  "fields": {
    "username": "gerb",
    "email": "gerb@unistra.fr",
    "member_type": "commission",
    "first_name": "Gilles",
    "last_name": "Erb"
  }
},
{
  "model": "commission.ecicommissionmember",
  "pk": 8,
  "fields": {
    "username": "ygerber",
    "email": "yohan.gerber@etu.unistra.fr",
    "member_type": "supply",
    "first_name": "Yohan",
    "last_name": "Gerber"
  }
},
{
  "model": "commission.ecicommissionmember",
  "pk": 9,
  "fields": {
    "username": "chargui",
    "email": "chargui@unistra.fr",
    "member_type": "commission",
    "first_name": "Mohamed",
    "last_name": "Chargui"
  }
},
{
  "model": "commission.ecicommissionmember",
  "pk": 10,
  "fields": {
    "username": "gauer",
    "email": "gauer@inci-cnrs.unistra.fr",
    "member_type": "commission",
    "first_name": "Francois",
    "last_name": "Gauer"
  }
},
{
  "model": "commission.ecicommissionmember",
  "pk": 12,
  "fields": {
    "username": "rschurhammer",
    "email": "rschurhammer@unistra.fr",
    "member_type": "commission",
    "first_name": "Rachel",
    "last_name": "Schurhammer"
  }
},
{
  "model": "commission.ecicommissionmember",
  "pk": 13,
  "fields": {
    "username": "planeix",
    "email": "planeix@unistra.fr",
    "member_type": "commission",
    "first_name": "Jean-Marc",
    "last_name": "Planeix"
  }
},
{
  "model": "degree.degreetype",
  "pk": 1,
  "fields": {
    "is_in_use": true,
    "short_label": "DAEU",
    "display_order": 1,
    "long_label": "Dipl\u00f4me d'acc\u00e8s aux \u00e9tudes universitaires",
    "ROF_code": "DA"
  }
},
{
  "model": "degree.degreetype",
  "pk": 2,
  "fields": {
    "is_in_use": true,
    "short_label": "Capacit\u00e9 (Droit)",
    "display_order": 2,
    "long_label": "Capacit\u00e9",
    "ROF_code": "AC"
  }
},
{
  "model": "degree.degreetype",
  "pk": 3,
  "fields": {
    "is_in_use": true,
    "short_label": "DUT",
    "display_order": 3,
    "long_label": "Dipl\u00f4me Universitaire de Technologie",
    "ROF_code": "DT"
  }
},
{
  "model": "degree.degreetype",
  "pk": 4,
  "fields": {
    "is_in_use": true,
    "short_label": "DEUST",
    "display_order": 4,
    "long_label": "Dipl\u00f4me d'Etudes Universitaires Scientifiques et Techniques",
    "ROF_code": "DE"
  }
},
{
  "model": "degree.degreetype",
  "pk": 5,
  "fields": {
    "is_in_use": true,
    "short_label": "Licence",
    "display_order": 5,
    "long_label": "Licence",
    "ROF_code": "XA"
  }
},
{
  "model": "degree.degreetype",
  "pk": 6,
  "fields": {
    "is_in_use": true,
    "short_label": "Licence professionnelle",
    "display_order": 6,
    "long_label": "Licence professionnelle",
    "ROF_code": "DP"
  }
},
{
  "model": "degree.degreetype",
  "pk": 7,
  "fields": {
    "is_in_use": true,
    "short_label": "Master",
    "display_order": 7,
    "long_label": "Master",
    "ROF_code": "XB"
  }
},
{
  "model": "degree.degreetype",
  "pk": 8,
  "fields": {
    "is_in_use": true,
    "short_label": "DU - Dipl\u00f4me d'Universit\u00e9",
    "display_order": 20,
    "long_label": "Dipl\u00f4me d'Universit\u00e9",
    "ROF_code": "1"
  }
},
{
  "model": "degree.degreetype",
  "pk": 9,
  "fields": {
    "is_in_use": true,
    "short_label": "ECOLE - Dipl\u00f4me d'ing\u00e9nieur",
    "display_order": 30,
    "long_label": "Dipl\u00f4me d'ing\u00e9nieur",
    "ROF_code": "UF"
  }
},
{
  "model": "degree.degreetype",
  "pk": 10,
  "fields": {
    "is_in_use": true,
    "short_label": "ECOLE - Dipl\u00f4me IEP",
    "display_order": 31,
    "long_label": "Dipl\u00f4me de l'Institut d'Etudes Politiques",
    "ROF_code": "IE"
  }
},
{
  "model": "degree.degreetype",
  "pk": 11,
  "fields": {
    "is_in_use": true,
    "short_label": "ECOLE - Dipl\u00f4me Grande Ecole",
    "display_order": 32,
    "long_label": "Dipl\u00f4me Grande Ecole",
    "ROF_code": "GE"
  }
},
{
  "model": "degree.degreetype",
  "pk": 12,
  "fields": {
    "is_in_use": true,
    "short_label": "PREPA - Pr\u00e9paration Ecole Ing\u00e9nieur",
    "display_order": 40,
    "long_label": "Pr\u00e9paration Ecole d'ing\u00e9nieur",
    "ROF_code": "EI"
  }
},
{
  "model": "degree.degreetype",
  "pk": 13,
  "fields": {
    "is_in_use": true,
    "short_label": "PREPA - Pr\u00e9paration aux concours ",
    "display_order": 41,
    "long_label": "Pr\u00e9paration aux concours",
    "ROF_code": "PR"
  }
},
{
  "model": "degree.degreetype",
  "pk": 14,
  "fields": {
    "is_in_use": true,
    "short_label": "SANTE - PACES",
    "display_order": 50,
    "long_label": "Premi\u00e8re Ann\u00e9e Commune des Etudes de Sant\u00e9",
    "ROF_code": "PS"
  }
},
{
  "model": "degree.degreetype",
  "pk": 15,
  "fields": {
    "is_in_use": true,
    "short_label": "SANTE - DFGS",
    "display_order": 51,
    "long_label": "Dipl\u00f4me de Formation G\u00e9n\u00e9rale en Sant\u00e9",
    "ROF_code": "DF"
  }
},
{
  "model": "degree.degreetype",
  "pk": 16,
  "fields": {
    "is_in_use": true,
    "short_label": "SANTE - DFAS",
    "display_order": 52,
    "long_label": "Dipl\u00f4me de Formation Approfondie en Sant\u00e9",
    "ROF_code": "DS"
  }
},
{
  "model": "degree.degreetype",
  "pk": 17,
  "fields": {
    "is_in_use": true,
    "short_label": "SANTE - Dipl\u00f4me d'Etat en Pharmacie",
    "display_order": 53,
    "long_label": "Dipl\u00f4me d'Etat de Docteur en Pharmacie",
    "ROF_code": "FH"
  }
},
{
  "model": "degree.degreetype",
  "pk": 18,
  "fields": {
    "is_in_use": true,
    "short_label": "SANTE - Dipl\u00f4me d'Etat en Dentaire",
    "display_order": 54,
    "long_label": "Dipl\u00f4me d'Etat de Docteur en Dentaire",
    "ROF_code": "DD"
  }
},
{
  "model": "degree.degreetype",
  "pk": 19,
  "fields": {
    "is_in_use": true,
    "short_label": "SANTE - Dipl\u00f4me d'Etat en M\u00e9decine",
    "display_order": 55,
    "long_label": "Dipl\u00f4me d'Etat de Docteur en M\u00e9decine",
    "ROF_code": "IB"
  }
},
{
  "model": "degree.degreetype",
  "pk": 20,
  "fields": {
    "is_in_use": true,
    "short_label": "SANTE - DFMS",
    "display_order": 56,
    "long_label": "Dipl\u00f4me de Formation M\u00e9dicale Sp\u00e9cialis\u00e9e",
    "ROF_code": "DM"
  }
},
{
  "model": "degree.degreetype",
  "pk": 21,
  "fields": {
    "is_in_use": true,
    "short_label": "SANTE - DFMSA",
    "display_order": 57,
    "long_label": "Dipl\u00f4me de  Formation M\u00e9dicale Sp\u00e9cialis\u00e9e Approfondie",
    "ROF_code": "AP"
  }
},
{
  "model": "degree.degreetype",
  "pk": 22,
  "fields": {
    "is_in_use": true,
    "short_label": "SANTE - CECS (CECSMO)",
    "display_order": 58,
    "long_label": "Certificat d'\u00e9tudes cliniques sp\u00e9cialis\u00e9es",
    "ROF_code": "JB"
  }
},
{
  "model": "degree.degreetype",
  "pk": 23,
  "fields": {
    "is_in_use": true,
    "short_label": "SANTE - Capacit\u00e9 Sant\u00e9",
    "display_order": 59,
    "long_label": "Capacit\u00e9",
    "ROF_code": "KG"
  }
},
{
  "model": "degree.degreetype",
  "pk": 24,
  "fields": {
    "is_in_use": true,
    "short_label": "SANTE - CES dentaire",
    "display_order": 60,
    "long_label": "Certificat d'Etudes Sup\u00e9rieures dentaire",
    "ROF_code": "SD"
  }
},
{
  "model": "degree.degreetype",
  "pk": 25,
  "fields": {
    "is_in_use": true,
    "short_label": "SANTE - CES m\u00e9decine",
    "display_order": 61,
    "long_label": "Certificat d'Etudes Sup\u00e9rieures m\u00e9decine",
    "ROF_code": "CM"
  }
},
{
  "model": "degree.degreetype",
  "pk": 26,
  "fields": {
    "is_in_use": true,
    "short_label": "CATALOGUE OF NS",
    "display_order": 0,
    "long_label": "CATALOGUE enseignements NS",
    "ROF_code": ""
  }
},
{
  "model": "degree.degree",
  "pk": 1,
  "fields": {
    "APOGEE_code": "CH015-232",
    "is_used": true,
    "end_year": 2017,
    "ROF_code": "",
    "start_year": 2013,
    "institutes": [
      28
    ],
    "degree_type": 7,
    "label": "Master - STS - Chimie - Agr\u00e9gation chimie",
    "degree_type_label": "Master"
  }
},
{
  "model": "degree.degree",
  "pk": 2,
  "fields": {
    "APOGEE_code": "CH1G5-232",
    "is_used": true,
    "end_year": 2017,
    "ROF_code": "",
    "start_year": 2013,
    "institutes": [
      28
    ],
    "degree_type": 7,
    "label": "Master - STS - Chimie - Chimie verte",
    "degree_type_label": "Master"
  }
},
{
  "model": "degree.degree",
  "pk": 3,
  "fields": {
    "APOGEE_code": "CH103-401-232-233-234",
    "is_used": true,
    "end_year": 2017,
    "ROF_code": "",
    "start_year": 2013,
    "institutes": [
      28
    ],
    "degree_type": 5,
    "label": "Licence - STS - Chimie",
    "degree_type_label": "Licence"
  }
},
{
  "model": "institute.academicfield",
  "pk": 1,
  "fields": {
    "name": "Arts, Lettres, Langues"
  }
},
{
  "model": "institute.academicfield",
  "pk": 2,
  "fields": {
    "name": "Droit, \u00e9conomie, gestion et sciences politiques et sociales"
  }
},
{
  "model": "institute.academicfield",
  "pk": 3,
  "fields": {
    "name": "Sant\u00e9"
  }
},
{
  "model": "institute.academicfield",
  "pk": 4,
  "fields": {
    "name": "Sciences humaines et sociales"
  }
},
{
  "model": "institute.academicfield",
  "pk": 5,
  "fields": {
    "name": "Sciences, Technologies"
  }
},
{
  "model": "institute.institute",
  "pk": 1,
  "fields": {
    "field": 1,
    "id_rac": "GROUT Nathalie",
    "rac": null,
    "dircomp": null,
    "ROF_code": "0672503G",
    "label": "Facult\u00e9 des arts",
    "ROF_support": false,
    "diretu": [],
    "id_dircomp": "LITZLER Pierre",
    "code": "ART",
    "is_on_duty": true,
    "scol_manager": []
  }
},
{
  "model": "institute.institute",
  "pk": 2,
  "fields": {
    "field": 1,
    "id_rac": "LAHEURTE Micheline",
    "rac": null,
    "dircomp": null,
    "ROF_code": "0671874Y",
    "label": "Facult\u00e9 des langues et des cultures \u00e9trang\u00e8res",
    "ROF_support": true,
    "diretu": [
      172
    ],
    "id_dircomp": "GENTON Bernard",
    "code": "LVI",
    "is_on_duty": true,
    "scol_manager": [
      167,
      168
    ]
  }
},
{
  "model": "institute.institute",
  "pk": 3,
  "fields": {
    "field": 1,
    "id_rac": "",
    "rac": null,
    "dircomp": null,
    "ROF_code": "0672502F",
    "label": "Facult\u00e9 des langues et sciences humaines appliqu\u00e9es (LSHA)",
    "ROF_support": false,
    "diretu": [],
    "id_dircomp": "GRASS Thierry",
    "code": "LGA",
    "is_on_duty": true,
    "scol_manager": []
  }
},
{
  "model": "institute.institute",
  "pk": 4,
  "fields": {
    "field": 1,
    "id_rac": "JUNG Claudine",
    "rac": null,
    "dircomp": null,
    "ROF_code": "0671875Z",
    "label": "Facult\u00e9 des lettres",
    "ROF_support": false,
    "diretu": [
      166
    ],
    "id_dircomp": "CHAPOT Frederic",
    "code": "LET",
    "is_on_duty": true,
    "scol_manager": []
  }
},
{
  "model": "institute.institute",
  "pk": 5,
  "fields": {
    "field": 2,
    "id_rac": "THOMAS St\u00e9phane",
    "rac": null,
    "dircomp": null,
    "ROF_code": "0671551X",
    "label": "Centre d'\u00e9tudes internationales de la propri\u00e9t\u00e9 intellectuelle (CEIPI)",
    "ROF_support": false,
    "diretu": [],
    "id_dircomp": "GEIGER Christophe",
    "code": "CPI",
    "is_on_duty": true,
    "scol_manager": []
  }
},
{
  "model": "institute.institute",
  "pk": 6,
  "fields": {
    "field": 2,
    "id_rac": "",
    "rac": null,
    "dircomp": null,
    "ROF_code": "0671881F",
    "label": "Centre universitaire d'enseignement du journalisme (CUEJ)",
    "ROF_support": false,
    "diretu": [],
    "id_dircomp": "GAUTHIER-BOOS Christine",
    "code": "CUJ",
    "is_on_duty": true,
    "scol_manager": []
  }
},
{
  "model": "institute.institute",
  "pk": 7,
  "fields": {
    "field": 2,
    "id_rac": "",
    "rac": null,
    "dircomp": null,
    "ROF_code": "0673015N",
    "label": "Ecole de management Strasbourg (EM)",
    "ROF_support": false,
    "diretu": [],
    "id_dircomp": "",
    "code": "EMS",
    "is_on_duty": true,
    "scol_manager": []
  }
},
{
  "model": "institute.institute",
  "pk": 8,
  "fields": {
    "field": 2,
    "id_rac": "",
    "rac": null,
    "dircomp": null,
    "ROF_code": "0671879D",
    "label": "Facult\u00e9 de droit, de sciences politiques et de gestion",
    "ROF_support": false,
    "diretu": [],
    "id_dircomp": "TUFFERY-ANDRIEU Jeanne-Marie",
    "code": "DRT",
    "is_on_duty": true,
    "scol_manager": []
  }
},
{
  "model": "institute.institute",
  "pk": 9,
  "fields": {
    "field": 2,
    "id_rac": "",
    "rac": null,
    "dircomp": null,
    "ROF_code": "0671872W",
    "label": "Facult\u00e9 de sciences \u00e9conomiques et de gestion (FSEG)",
    "ROF_support": false,
    "diretu": [],
    "id_dircomp": "",
    "code": "SEG",
    "is_on_duty": true,
    "scol_manager": []
  }
},
{
  "model": "institute.institute",
  "pk": 10,
  "fields": {
    "field": 2,
    "id_rac": "",
    "rac": null,
    "dircomp": null,
    "ROF_code": "0670151A",
    "label": "Institut de pr\u00e9paration \u00e0 l'administration g\u00e9n\u00e9rale (IPAG)",
    "ROF_support": false,
    "diretu": [],
    "id_dircomp": "",
    "code": "PAG",
    "is_on_duty": true,
    "scol_manager": []
  }
},
{
  "model": "institute.institute",
  "pk": 11,
  "fields": {
    "field": 2,
    "id_rac": "HMAE Catherine",
    "rac": null,
    "dircomp": null,
    "ROF_code": "0670178E",
    "label": "Institut d'\u00e9tudes politiques (IEP)",
    "ROF_support": false,
    "diretu": [],
    "id_dircomp": "ECKERT Gabriel",
    "code": "IEP",
    "is_on_duty": true,
    "scol_manager": []
  }
},
{
  "model": "institute.institute",
  "pk": 12,
  "fields": {
    "field": 3,
    "id_rac": "",
    "rac": null,
    "dircomp": null,
    "ROF_code": "0671863L",
    "label": "Facult\u00e9 de chirurgie dentaire",
    "ROF_support": false,
    "diretu": [],
    "id_dircomp": "",
    "code": "ODO",
    "is_on_duty": true,
    "scol_manager": []
  }
},
{
  "model": "institute.institute",
  "pk": 13,
  "fields": {
    "field": 3,
    "id_rac": "",
    "rac": null,
    "dircomp": null,
    "ROF_code": "0671860H",
    "label": "Facult\u00e9 de m\u00e9decine",
    "ROF_support": false,
    "diretu": [],
    "id_dircomp": "",
    "code": "MED",
    "is_on_duty": true,
    "scol_manager": []
  }
},
{
  "model": "institute.institute",
  "pk": 14,
  "fields": {
    "field": 3,
    "id_rac": "MULLER Alain",
    "rac": null,
    "dircomp": null,
    "ROF_code": "0671862K",
    "label": "Facult\u00e9 de pharmacie",
    "ROF_support": false,
    "diretu": [
      164
    ],
    "id_dircomp": "GIES Jean-Pierre",
    "code": "PHA",
    "is_on_duty": true,
    "scol_manager": [
      176,
      177
    ]
  }
},
{
  "model": "institute.institute",
  "pk": 15,
  "fields": {
    "field": 4,
    "id_rac": "",
    "rac": null,
    "dircomp": null,
    "ROF_code": "0673068W",
    "label": "Ecole sup\u00e9rieure du professorat et de l'\u00e9ducation (ESPE)",
    "ROF_support": false,
    "diretu": [],
    "id_dircomp": "",
    "code": "EPE",
    "is_on_duty": true,
    "scol_manager": []
  }
},
{
  "model": "institute.institute",
  "pk": 16,
  "fields": {
    "field": 4,
    "id_rac": "BELLAHCENE Abderrahman",
    "rac": null,
    "dircomp": null,
    "ROF_code": "0671871V",
    "label": "Facult\u00e9 de g\u00e9ographie et d'am\u00e9nagement",
    "ROF_support": false,
    "diretu": [],
    "id_dircomp": "ROSIQUE Thierry",
    "code": "GEO",
    "is_on_duty": true,
    "scol_manager": []
  }
},
{
  "model": "institute.institute",
  "pk": 17,
  "fields": {
    "field": 4,
    "id_rac": "",
    "rac": null,
    "dircomp": null,
    "ROF_code": "0671876A",
    "label": "Facult\u00e9 de philosophie",
    "ROF_support": false,
    "diretu": [],
    "id_dircomp": "",
    "code": "PLI",
    "is_on_duty": true,
    "scol_manager": []
  }
},
{
  "model": "institute.institute",
  "pk": 18,
  "fields": {
    "field": 4,
    "id_rac": "",
    "rac": null,
    "dircomp": null,
    "ROF_code": "0671870U",
    "label": "Facult\u00e9 de psychologie",
    "ROF_support": false,
    "diretu": [],
    "id_dircomp": "",
    "code": "PSY",
    "is_on_duty": true,
    "scol_manager": []
  }
},
{
  "model": "institute.institute",
  "pk": 19,
  "fields": {
    "field": 4,
    "id_rac": "",
    "rac": null,
    "dircomp": null,
    "ROF_code": "0673034J",
    "label": "Facult\u00e9 de sciences de l'\u00e9ducation",
    "ROF_support": false,
    "diretu": [],
    "id_dircomp": "",
    "code": "EDU",
    "is_on_duty": true,
    "scol_manager": []
  }
},
{
  "model": "institute.institute",
  "pk": 20,
  "fields": {
    "field": 4,
    "id_rac": "",
    "rac": null,
    "dircomp": null,
    "ROF_code": "0670147W",
    "label": "Facult\u00e9 de th\u00e9ologie catholique",
    "ROF_support": false,
    "diretu": [],
    "id_dircomp": "",
    "code": "THC",
    "is_on_duty": true,
    "scol_manager": []
  }
},
{
  "model": "institute.institute",
  "pk": 21,
  "fields": {
    "field": 4,
    "id_rac": "",
    "rac": null,
    "dircomp": null,
    "ROF_code": "0670148X",
    "label": "Facult\u00e9 de th\u00e9ologie protestante",
    "ROF_support": false,
    "diretu": [],
    "id_dircomp": "",
    "code": "THP",
    "is_on_duty": true,
    "scol_manager": []
  }
},
{
  "model": "institute.institute",
  "pk": 22,
  "fields": {
    "field": 4,
    "id_rac": "",
    "rac": null,
    "dircomp": null,
    "ROF_code": "0672070L",
    "label": "Facult\u00e9 des sciences du sport",
    "ROF_support": false,
    "diretu": [],
    "id_dircomp": "",
    "code": "APS",
    "is_on_duty": true,
    "scol_manager": []
  }
},
{
  "model": "institute.institute",
  "pk": 23,
  "fields": {
    "field": 4,
    "id_rac": "",
    "rac": null,
    "dircomp": null,
    "ROF_code": "0671877B",
    "label": "Facult\u00e9 des sciences Historiques",
    "ROF_support": false,
    "diretu": [],
    "id_dircomp": "",
    "code": "HIS",
    "is_on_duty": true,
    "scol_manager": []
  }
},
{
  "model": "institute.institute",
  "pk": 24,
  "fields": {
    "field": 4,
    "id_rac": "",
    "rac": null,
    "dircomp": null,
    "ROF_code": "0671878C",
    "label": "Facult\u00e9 des sciences sociales",
    "ROF_support": false,
    "diretu": [],
    "id_dircomp": "",
    "code": "SOC",
    "is_on_duty": true,
    "scol_manager": []
  }
},
{
  "model": "institute.institute",
  "pk": 25,
  "fields": {
    "field": 5,
    "id_rac": "",
    "rac": null,
    "dircomp": null,
    "ROF_code": "0670176C",
    "label": "Ecole et observatoire des sciences de la Terre (EOST)",
    "ROF_support": false,
    "diretu": [],
    "id_dircomp": "",
    "code": "EOT",
    "is_on_duty": true,
    "scol_manager": []
  }
},
{
  "model": "institute.institute",
  "pk": 26,
  "fields": {
    "field": 5,
    "id_rac": "",
    "rac": null,
    "dircomp": null,
    "ROF_code": "0672792W",
    "label": "Ecole europ\u00e9enne de chimie, polym\u00e8res et mat\u00e9riaux (ECPM)",
    "ROF_support": false,
    "diretu": [],
    "id_dircomp": "",
    "code": "ECP",
    "is_on_duty": true,
    "scol_manager": []
  }
},
{
  "model": "institute.institute",
  "pk": 27,
  "fields": {
    "field": 5,
    "id_rac": "",
    "rac": null,
    "dircomp": null,
    "ROF_code": "0672504H",
    "label": "Ecole sup\u00e9rieure de biotechnologie de Strasbourg (ESBS)",
    "ROF_support": false,
    "diretu": [],
    "id_dircomp": "",
    "code": "ESB",
    "is_on_duty": true,
    "scol_manager": []
  }
},
{
  "model": "institute.institute",
  "pk": 28,
  "fields": {
    "field": 5,
    "id_rac": "GOT Brigitte",
    "rac": null,
    "dircomp": null,
    "ROF_code": "0672640F",
    "label": "Facult\u00e9 de chimie",
    "ROF_support": false,
    "diretu": [
      195
    ],
    "id_dircomp": "PLANEIX Jean-Marc",
    "code": "CHM",
    "is_on_duty": true,
    "scol_manager": [
      139,
      140,
      179,
      199
    ]
  }
},
{
  "model": "institute.institute",
  "pk": 29,
  "fields": {
    "field": 5,
    "id_rac": "",
    "rac": null,
    "dircomp": null,
    "ROF_code": "0671867R",
    "label": "Facult\u00e9 des sciences de la vie",
    "ROF_support": false,
    "diretu": [],
    "id_dircomp": "GAUER Francois",
    "code": "VIE",
    "is_on_duty": true,
    "scol_manager": []
  }
},
{
  "model": "institute.institute",
  "pk": 30,
  "fields": {
    "field": 5,
    "id_rac": "",
    "rac": null,
    "dircomp": null,
    "ROF_code": "0672834S",
    "label": "Institut universitaire de technologie de Haguenau",
    "ROF_support": false,
    "diretu": [],
    "id_dircomp": "",
    "code": "IHA",
    "is_on_duty": true,
    "scol_manager": []
  }
},
{
  "model": "institute.institute",
  "pk": 31,
  "fields": {
    "field": 5,
    "id_rac": "",
    "rac": null,
    "dircomp": null,
    "ROF_code": "0672462M",
    "label": "Institut universitaire de technologie Louis Pasteur",
    "ROF_support": false,
    "diretu": [],
    "id_dircomp": "",
    "code": "ISC",
    "is_on_duty": true,
    "scol_manager": []
  }
},
{
  "model": "institute.institute",
  "pk": 32,
  "fields": {
    "field": 5,
    "id_rac": "",
    "rac": null,
    "dircomp": null,
    "ROF_code": "0671557D",
    "label": "Institut universitaire de technologie Robert Schuman",
    "ROF_support": false,
    "diretu": [],
    "id_dircomp": "",
    "code": "ILL",
    "is_on_duty": true,
    "scol_manager": []
  }
},
{
  "model": "institute.institute",
  "pk": 33,
  "fields": {
    "field": 5,
    "id_rac": "",
    "rac": null,
    "dircomp": null,
    "ROF_code": "0670173Z",
    "label": "Observatoire astronomique de Strasbourg",
    "ROF_support": false,
    "diretu": [],
    "id_dircomp": "",
    "code": "OBS",
    "is_on_duty": true,
    "scol_manager": []
  }
},
{
  "model": "institute.institute",
  "pk": 34,
  "fields": {
    "field": 5,
    "id_rac": "",
    "rac": null,
    "dircomp": null,
    "ROF_code": "0672380Y",
    "label": "T\u00e9l\u00e9com Physique Strasbourg",
    "ROF_support": false,
    "diretu": [],
    "id_dircomp": "",
    "code": "ESP",
    "is_on_duty": true,
    "scol_manager": []
  }
},
{
  "model": "institute.institute",
  "pk": 35,
  "fields": {
    "field": 5,
    "id_rac": "",
    "rac": null,
    "dircomp": null,
    "ROF_code": "0671864M",
    "label": "UFR de Math\u00e9matique et d'informatique",
    "ROF_support": false,
    "diretu": [],
    "id_dircomp": "",
    "code": "MAI",
    "is_on_duty": true,
    "scol_manager": []
  }
},
{
  "model": "institute.institute",
  "pk": 36,
  "fields": {
    "field": 5,
    "id_rac": "",
    "rac": null,
    "dircomp": null,
    "ROF_code": "0673024Y",
    "label": "Facult\u00e9 de physique et ing\u00e9nierie",
    "ROF_support": false,
    "diretu": [],
    "id_dircomp": "",
    "code": "PHI",
    "is_on_duty": true,
    "scol_manager": []
  }
},
{
  "model": "institute.institute",
  "pk": 37,
  "fields": {
    "field": 2,
    "id_rac": "",
    "rac": null,
    "dircomp": null,
    "ROF_code": "0670182J",
    "label": "Institut du travail",
    "ROF_support": false,
    "diretu": [],
    "id_dircomp": "",
    "code": "ITR",
    "is_on_duty": true,
    "scol_manager": []
  }
},
{
  "model": "years.instituteyear",
  "pk": 1,
  "fields": {
    "code_year": 2015,
    "id_cmp": 1,
    "date_expected_MECC": null,
    "date_last_notif": null
  }
},
{
  "model": "years.instituteyear",
  "pk": 2,
  "fields": {
    "code_year": 2015,
    "id_cmp": 2,
    "date_expected_MECC": null,
    "date_last_notif": null
  }
},
{
  "model": "years.instituteyear",
  "pk": 3,
  "fields": {
    "code_year": 2015,
    "id_cmp": 3,
    "date_expected_MECC": null,
    "date_last_notif": null
  }
},
{
  "model": "years.instituteyear",
  "pk": 4,
  "fields": {
    "code_year": 2015,
    "id_cmp": 4,
    "date_expected_MECC": null,
    "date_last_notif": null
  }
},
{
  "model": "years.instituteyear",
  "pk": 5,
  "fields": {
    "code_year": 2015,
    "id_cmp": 5,
    "date_expected_MECC": null,
    "date_last_notif": null
  }
},
{
  "model": "years.instituteyear",
  "pk": 6,
  "fields": {
    "code_year": 2015,
    "id_cmp": 6,
    "date_expected_MECC": null,
    "date_last_notif": null
  }
},
{
  "model": "years.instituteyear",
  "pk": 7,
  "fields": {
    "code_year": 2015,
    "id_cmp": 7,
    "date_expected_MECC": null,
    "date_last_notif": null
  }
},
{
  "model": "years.instituteyear",
  "pk": 8,
  "fields": {
    "code_year": 2015,
    "id_cmp": 8,
    "date_expected_MECC": null,
    "date_last_notif": null
  }
},
{
  "model": "years.instituteyear",
  "pk": 9,
  "fields": {
    "code_year": 2015,
    "id_cmp": 9,
    "date_expected_MECC": null,
    "date_last_notif": null
  }
},
{
  "model": "years.instituteyear",
  "pk": 10,
  "fields": {
    "code_year": 2015,
    "id_cmp": 10,
    "date_expected_MECC": null,
    "date_last_notif": null
  }
},
{
  "model": "years.instituteyear",
  "pk": 11,
  "fields": {
    "code_year": 2015,
    "id_cmp": 11,
    "date_expected_MECC": null,
    "date_last_notif": null
  }
},
{
  "model": "years.instituteyear",
  "pk": 12,
  "fields": {
    "code_year": 2015,
    "id_cmp": 12,
    "date_expected_MECC": null,
    "date_last_notif": null
  }
},
{
  "model": "years.instituteyear",
  "pk": 13,
  "fields": {
    "code_year": 2015,
    "id_cmp": 13,
    "date_expected_MECC": null,
    "date_last_notif": null
  }
},
{
  "model": "years.instituteyear",
  "pk": 14,
  "fields": {
    "code_year": 2015,
    "id_cmp": 14,
    "date_expected_MECC": null,
    "date_last_notif": null
  }
},
{
  "model": "years.instituteyear",
  "pk": 15,
  "fields": {
    "code_year": 2015,
    "id_cmp": 15,
    "date_expected_MECC": null,
    "date_last_notif": null
  }
},
{
  "model": "years.instituteyear",
  "pk": 16,
  "fields": {
    "code_year": 2015,
    "id_cmp": 16,
    "date_expected_MECC": "2015-06-16",
    "date_last_notif": null
  }
},
{
  "model": "years.instituteyear",
  "pk": 17,
  "fields": {
    "code_year": 2015,
    "id_cmp": 17,
    "date_expected_MECC": null,
    "date_last_notif": null
  }
},
{
  "model": "years.instituteyear",
  "pk": 18,
  "fields": {
    "code_year": 2015,
    "id_cmp": 18,
    "date_expected_MECC": null,
    "date_last_notif": null
  }
},
{
  "model": "years.instituteyear",
  "pk": 19,
  "fields": {
    "code_year": 2015,
    "id_cmp": 19,
    "date_expected_MECC": null,
    "date_last_notif": null
  }
},
{
  "model": "years.instituteyear",
  "pk": 20,
  "fields": {
    "code_year": 2015,
    "id_cmp": 20,
    "date_expected_MECC": null,
    "date_last_notif": null
  }
},
{
  "model": "years.instituteyear",
  "pk": 21,
  "fields": {
    "code_year": 2015,
    "id_cmp": 21,
    "date_expected_MECC": null,
    "date_last_notif": null
  }
},
{
  "model": "years.instituteyear",
  "pk": 22,
  "fields": {
    "code_year": 2015,
    "id_cmp": 22,
    "date_expected_MECC": null,
    "date_last_notif": null
  }
},
{
  "model": "years.instituteyear",
  "pk": 23,
  "fields": {
    "code_year": 2015,
    "id_cmp": 23,
    "date_expected_MECC": null,
    "date_last_notif": null
  }
},
{
  "model": "years.instituteyear",
  "pk": 24,
  "fields": {
    "code_year": 2015,
    "id_cmp": 24,
    "date_expected_MECC": null,
    "date_last_notif": null
  }
},
{
  "model": "years.instituteyear",
  "pk": 25,
  "fields": {
    "code_year": 2015,
    "id_cmp": 25,
    "date_expected_MECC": null,
    "date_last_notif": null
  }
},
{
  "model": "years.instituteyear",
  "pk": 26,
  "fields": {
    "code_year": 2015,
    "id_cmp": 26,
    "date_expected_MECC": null,
    "date_last_notif": null
  }
},
{
  "model": "years.instituteyear",
  "pk": 27,
  "fields": {
    "code_year": 2015,
    "id_cmp": 27,
    "date_expected_MECC": null,
    "date_last_notif": null
  }
},
{
  "model": "years.instituteyear",
  "pk": 28,
  "fields": {
    "code_year": 2015,
    "id_cmp": 28,
    "date_expected_MECC": "2015-06-16",
    "date_last_notif": "2016-12-07"
  }
},
{
  "model": "years.instituteyear",
  "pk": 29,
  "fields": {
    "code_year": 2015,
    "id_cmp": 29,
    "date_expected_MECC": null,
    "date_last_notif": null
  }
},
{
  "model": "years.instituteyear",
  "pk": 30,
  "fields": {
    "code_year": 2015,
    "id_cmp": 30,
    "date_expected_MECC": null,
    "date_last_notif": null
  }
},
{
  "model": "years.instituteyear",
  "pk": 31,
  "fields": {
    "code_year": 2015,
    "id_cmp": 31,
    "date_expected_MECC": null,
    "date_last_notif": null
  }
},
{
  "model": "years.instituteyear",
  "pk": 32,
  "fields": {
    "code_year": 2015,
    "id_cmp": 32,
    "date_expected_MECC": null,
    "date_last_notif": null
  }
},
{
  "model": "years.instituteyear",
  "pk": 33,
  "fields": {
    "code_year": 2015,
    "id_cmp": 33,
    "date_expected_MECC": null,
    "date_last_notif": null
  }
},
{
  "model": "years.instituteyear",
  "pk": 34,
  "fields": {
    "code_year": 2015,
    "id_cmp": 34,
    "date_expected_MECC": null,
    "date_last_notif": null
  }
},
{
  "model": "years.instituteyear",
  "pk": 35,
  "fields": {
    "code_year": 2015,
    "id_cmp": 35,
    "date_expected_MECC": null,
    "date_last_notif": null
  }
},
{
  "model": "years.instituteyear",
  "pk": 36,
  "fields": {
    "code_year": 2015,
    "id_cmp": 36,
    "date_expected_MECC": null,
    "date_last_notif": null
  }
},
{
  "model": "years.instituteyear",
  "pk": 37,
  "fields": {
    "code_year": 2015,
    "id_cmp": 37,
    "date_expected_MECC": null,
    "date_last_notif": null
  }
},
{
  "model": "years.instituteyear",
  "pk": 38,
  "fields": {
    "code_year": 2015,
    "id_cmp": 38,
    "date_expected_MECC": null,
    "date_last_notif": null
  }
},
{
  "model": "years.instituteyear",
  "pk": 39,
  "fields": {
    "code_year": 2016,
    "id_cmp": 1,
    "date_expected_MECC": null,
    "date_last_notif": null
  }
},
{
  "model": "years.instituteyear",
  "pk": 40,
  "fields": {
    "code_year": 2016,
    "id_cmp": 2,
    "date_expected_MECC": null,
    "date_last_notif": null
  }
},
{
  "model": "years.instituteyear",
  "pk": 41,
  "fields": {
    "code_year": 2016,
    "id_cmp": 3,
    "date_expected_MECC": null,
    "date_last_notif": null
  }
},
{
  "model": "years.instituteyear",
  "pk": 42,
  "fields": {
    "code_year": 2016,
    "id_cmp": 4,
    "date_expected_MECC": null,
    "date_last_notif": null
  }
},
{
  "model": "years.instituteyear",
  "pk": 43,
  "fields": {
    "code_year": 2016,
    "id_cmp": 5,
    "date_expected_MECC": null,
    "date_last_notif": null
  }
},
{
  "model": "years.instituteyear",
  "pk": 44,
  "fields": {
    "code_year": 2016,
    "id_cmp": 6,
    "date_expected_MECC": null,
    "date_last_notif": null
  }
},
{
  "model": "years.instituteyear",
  "pk": 45,
  "fields": {
    "code_year": 2016,
    "id_cmp": 7,
    "date_expected_MECC": null,
    "date_last_notif": null
  }
},
{
  "model": "years.instituteyear",
  "pk": 46,
  "fields": {
    "code_year": 2016,
    "id_cmp": 8,
    "date_expected_MECC": null,
    "date_last_notif": null
  }
},
{
  "model": "years.instituteyear",
  "pk": 47,
  "fields": {
    "code_year": 2016,
    "id_cmp": 9,
    "date_expected_MECC": null,
    "date_last_notif": null
  }
},
{
  "model": "years.instituteyear",
  "pk": 48,
  "fields": {
    "code_year": 2016,
    "id_cmp": 10,
    "date_expected_MECC": null,
    "date_last_notif": null
  }
},
{
  "model": "years.instituteyear",
  "pk": 49,
  "fields": {
    "code_year": 2016,
    "id_cmp": 11,
    "date_expected_MECC": null,
    "date_last_notif": null
  }
},
{
  "model": "years.instituteyear",
  "pk": 50,
  "fields": {
    "code_year": 2016,
    "id_cmp": 12,
    "date_expected_MECC": null,
    "date_last_notif": null
  }
},
{
  "model": "years.instituteyear",
  "pk": 51,
  "fields": {
    "code_year": 2016,
    "id_cmp": 13,
    "date_expected_MECC": null,
    "date_last_notif": null
  }
},
{
  "model": "years.instituteyear",
  "pk": 52,
  "fields": {
    "code_year": 2016,
    "id_cmp": 14,
    "date_expected_MECC": null,
    "date_last_notif": null
  }
},
{
  "model": "years.instituteyear",
  "pk": 53,
  "fields": {
    "code_year": 2016,
    "id_cmp": 15,
    "date_expected_MECC": null,
    "date_last_notif": null
  }
},
{
  "model": "years.instituteyear",
  "pk": 54,
  "fields": {
    "code_year": 2016,
    "id_cmp": 16,
    "date_expected_MECC": null,
    "date_last_notif": null
  }
},
{
  "model": "years.instituteyear",
  "pk": 55,
  "fields": {
    "code_year": 2016,
    "id_cmp": 17,
    "date_expected_MECC": null,
    "date_last_notif": null
  }
},
{
  "model": "years.instituteyear",
  "pk": 56,
  "fields": {
    "code_year": 2016,
    "id_cmp": 18,
    "date_expected_MECC": null,
    "date_last_notif": null
  }
},
{
  "model": "years.instituteyear",
  "pk": 57,
  "fields": {
    "code_year": 2016,
    "id_cmp": 19,
    "date_expected_MECC": null,
    "date_last_notif": null
  }
},
{
  "model": "years.instituteyear",
  "pk": 58,
  "fields": {
    "code_year": 2016,
    "id_cmp": 20,
    "date_expected_MECC": null,
    "date_last_notif": null
  }
},
{
  "model": "years.instituteyear",
  "pk": 59,
  "fields": {
    "code_year": 2016,
    "id_cmp": 21,
    "date_expected_MECC": null,
    "date_last_notif": null
  }
},
{
  "model": "years.instituteyear",
  "pk": 60,
  "fields": {
    "code_year": 2016,
    "id_cmp": 22,
    "date_expected_MECC": null,
    "date_last_notif": null
  }
},
{
  "model": "years.instituteyear",
  "pk": 61,
  "fields": {
    "code_year": 2016,
    "id_cmp": 23,
    "date_expected_MECC": null,
    "date_last_notif": null
  }
},
{
  "model": "years.instituteyear",
  "pk": 62,
  "fields": {
    "code_year": 2016,
    "id_cmp": 24,
    "date_expected_MECC": null,
    "date_last_notif": null
  }
},
{
  "model": "years.instituteyear",
  "pk": 63,
  "fields": {
    "code_year": 2016,
    "id_cmp": 25,
    "date_expected_MECC": null,
    "date_last_notif": null
  }
},
{
  "model": "years.instituteyear",
  "pk": 64,
  "fields": {
    "code_year": 2016,
    "id_cmp": 26,
    "date_expected_MECC": null,
    "date_last_notif": null
  }
},
{
  "model": "years.instituteyear",
  "pk": 65,
  "fields": {
    "code_year": 2016,
    "id_cmp": 27,
    "date_expected_MECC": null,
    "date_last_notif": null
  }
},
{
  "model": "years.instituteyear",
  "pk": 66,
  "fields": {
    "code_year": 2016,
    "id_cmp": 28,
    "date_expected_MECC": null,
    "date_last_notif": null
  }
},
{
  "model": "years.instituteyear",
  "pk": 67,
  "fields": {
    "code_year": 2016,
    "id_cmp": 29,
    "date_expected_MECC": null,
    "date_last_notif": null
  }
},
{
  "model": "years.instituteyear",
  "pk": 68,
  "fields": {
    "code_year": 2016,
    "id_cmp": 30,
    "date_expected_MECC": null,
    "date_last_notif": null
  }
},
{
  "model": "years.instituteyear",
  "pk": 69,
  "fields": {
    "code_year": 2016,
    "id_cmp": 31,
    "date_expected_MECC": null,
    "date_last_notif": null
  }
},
{
  "model": "years.instituteyear",
  "pk": 70,
  "fields": {
    "code_year": 2016,
    "id_cmp": 32,
    "date_expected_MECC": null,
    "date_last_notif": null
  }
},
{
  "model": "years.instituteyear",
  "pk": 71,
  "fields": {
    "code_year": 2016,
    "id_cmp": 33,
    "date_expected_MECC": null,
    "date_last_notif": null
  }
},
{
  "model": "years.instituteyear",
  "pk": 72,
  "fields": {
    "code_year": 2016,
    "id_cmp": 34,
    "date_expected_MECC": null,
    "date_last_notif": null
  }
},
{
  "model": "years.instituteyear",
  "pk": 73,
  "fields": {
    "code_year": 2016,
    "id_cmp": 35,
    "date_expected_MECC": null,
    "date_last_notif": null
  }
},
{
  "model": "years.instituteyear",
  "pk": 74,
  "fields": {
    "code_year": 2016,
    "id_cmp": 36,
    "date_expected_MECC": null,
    "date_last_notif": null
  }
},
{
  "model": "years.instituteyear",
  "pk": 75,
  "fields": {
    "code_year": 2016,
    "id_cmp": 37,
    "date_expected_MECC": null,
    "date_last_notif": null
  }
},
{
  "model": "years.instituteyear",
  "pk": 76,
  "fields": {
    "code_year": 2017,
    "id_cmp": 1,
    "date_expected_MECC": null,
    "date_last_notif": null
  }
},
{
  "model": "years.instituteyear",
  "pk": 77,
  "fields": {
    "code_year": 2017,
    "id_cmp": 2,
    "date_expected_MECC": null,
    "date_last_notif": null
  }
},
{
  "model": "years.instituteyear",
  "pk": 78,
  "fields": {
    "code_year": 2017,
    "id_cmp": 3,
    "date_expected_MECC": null,
    "date_last_notif": null
  }
},
{
  "model": "years.instituteyear",
  "pk": 79,
  "fields": {
    "code_year": 2017,
    "id_cmp": 4,
    "date_expected_MECC": null,
    "date_last_notif": null
  }
},
{
  "model": "years.instituteyear",
  "pk": 80,
  "fields": {
    "code_year": 2017,
    "id_cmp": 5,
    "date_expected_MECC": null,
    "date_last_notif": null
  }
},
{
  "model": "years.instituteyear",
  "pk": 81,
  "fields": {
    "code_year": 2017,
    "id_cmp": 6,
    "date_expected_MECC": null,
    "date_last_notif": null
  }
},
{
  "model": "years.instituteyear",
  "pk": 82,
  "fields": {
    "code_year": 2017,
    "id_cmp": 7,
    "date_expected_MECC": null,
    "date_last_notif": null
  }
},
{
  "model": "years.instituteyear",
  "pk": 83,
  "fields": {
    "code_year": 2017,
    "id_cmp": 8,
    "date_expected_MECC": null,
    "date_last_notif": null
  }
},
{
  "model": "years.instituteyear",
  "pk": 84,
  "fields": {
    "code_year": 2017,
    "id_cmp": 9,
    "date_expected_MECC": null,
    "date_last_notif": null
  }
},
{
  "model": "years.instituteyear",
  "pk": 85,
  "fields": {
    "code_year": 2017,
    "id_cmp": 10,
    "date_expected_MECC": null,
    "date_last_notif": null
  }
},
{
  "model": "years.instituteyear",
  "pk": 86,
  "fields": {
    "code_year": 2017,
    "id_cmp": 11,
    "date_expected_MECC": null,
    "date_last_notif": null
  }
},
{
  "model": "years.instituteyear",
  "pk": 87,
  "fields": {
    "code_year": 2017,
    "id_cmp": 12,
    "date_expected_MECC": null,
    "date_last_notif": null
  }
},
{
  "model": "years.instituteyear",
  "pk": 88,
  "fields": {
    "code_year": 2017,
    "id_cmp": 13,
    "date_expected_MECC": null,
    "date_last_notif": null
  }
},
{
  "model": "years.instituteyear",
  "pk": 89,
  "fields": {
    "code_year": 2017,
    "id_cmp": 14,
    "date_expected_MECC": null,
    "date_last_notif": null
  }
},
{
  "model": "years.instituteyear",
  "pk": 90,
  "fields": {
    "code_year": 2017,
    "id_cmp": 15,
    "date_expected_MECC": null,
    "date_last_notif": null
  }
},
{
  "model": "years.instituteyear",
  "pk": 91,
  "fields": {
    "code_year": 2017,
    "id_cmp": 16,
    "date_expected_MECC": null,
    "date_last_notif": null
  }
},
{
  "model": "years.instituteyear",
  "pk": 92,
  "fields": {
    "code_year": 2017,
    "id_cmp": 17,
    "date_expected_MECC": null,
    "date_last_notif": null
  }
},
{
  "model": "years.instituteyear",
  "pk": 93,
  "fields": {
    "code_year": 2017,
    "id_cmp": 18,
    "date_expected_MECC": null,
    "date_last_notif": null
  }
},
{
  "model": "years.instituteyear",
  "pk": 94,
  "fields": {
    "code_year": 2017,
    "id_cmp": 19,
    "date_expected_MECC": null,
    "date_last_notif": null
  }
},
{
  "model": "years.instituteyear",
  "pk": 95,
  "fields": {
    "code_year": 2017,
    "id_cmp": 20,
    "date_expected_MECC": null,
    "date_last_notif": null
  }
},
{
  "model": "years.instituteyear",
  "pk": 96,
  "fields": {
    "code_year": 2017,
    "id_cmp": 21,
    "date_expected_MECC": null,
    "date_last_notif": null
  }
},
{
  "model": "years.instituteyear",
  "pk": 97,
  "fields": {
    "code_year": 2017,
    "id_cmp": 22,
    "date_expected_MECC": null,
    "date_last_notif": null
  }
},
{
  "model": "years.instituteyear",
  "pk": 98,
  "fields": {
    "code_year": 2017,
    "id_cmp": 23,
    "date_expected_MECC": null,
    "date_last_notif": null
  }
},
{
  "model": "years.instituteyear",
  "pk": 99,
  "fields": {
    "code_year": 2017,
    "id_cmp": 24,
    "date_expected_MECC": null,
    "date_last_notif": null
  }
},
{
  "model": "years.instituteyear",
  "pk": 100,
  "fields": {
    "code_year": 2017,
    "id_cmp": 25,
    "date_expected_MECC": null,
    "date_last_notif": null
  }
},
{
  "model": "years.instituteyear",
  "pk": 101,
  "fields": {
    "code_year": 2017,
    "id_cmp": 26,
    "date_expected_MECC": null,
    "date_last_notif": null
  }
},
{
  "model": "years.instituteyear",
  "pk": 102,
  "fields": {
    "code_year": 2017,
    "id_cmp": 27,
    "date_expected_MECC": null,
    "date_last_notif": null
  }
},
{
  "model": "years.instituteyear",
  "pk": 103,
  "fields": {
    "code_year": 2017,
    "id_cmp": 28,
    "date_expected_MECC": null,
    "date_last_notif": null
  }
},
{
  "model": "years.instituteyear",
  "pk": 104,
  "fields": {
    "code_year": 2017,
    "id_cmp": 29,
    "date_expected_MECC": null,
    "date_last_notif": null
  }
},
{
  "model": "years.instituteyear",
  "pk": 105,
  "fields": {
    "code_year": 2017,
    "id_cmp": 30,
    "date_expected_MECC": null,
    "date_last_notif": null
  }
},
{
  "model": "years.instituteyear",
  "pk": 106,
  "fields": {
    "code_year": 2017,
    "id_cmp": 31,
    "date_expected_MECC": null,
    "date_last_notif": null
  }
},
{
  "model": "years.instituteyear",
  "pk": 107,
  "fields": {
    "code_year": 2017,
    "id_cmp": 32,
    "date_expected_MECC": null,
    "date_last_notif": null
  }
},
{
  "model": "years.instituteyear",
  "pk": 108,
  "fields": {
    "code_year": 2017,
    "id_cmp": 33,
    "date_expected_MECC": null,
    "date_last_notif": null
  }
},
{
  "model": "years.instituteyear",
  "pk": 109,
  "fields": {
    "code_year": 2017,
    "id_cmp": 34,
    "date_expected_MECC": null,
    "date_last_notif": null
  }
},
{
  "model": "years.instituteyear",
  "pk": 110,
  "fields": {
    "code_year": 2017,
    "id_cmp": 35,
    "date_expected_MECC": null,
    "date_last_notif": null
  }
},
{
  "model": "years.instituteyear",
  "pk": 111,
  "fields": {
    "code_year": 2017,
    "id_cmp": 36,
    "date_expected_MECC": null,
    "date_last_notif": null
  }
},
{
  "model": "years.instituteyear",
  "pk": 112,
  "fields": {
    "code_year": 2017,
    "id_cmp": 37,
    "date_expected_MECC": null,
    "date_last_notif": null
  }
},
{
  "model": "years.instituteyear",
  "pk": 113,
  "fields": {
    "code_year": 2015,
    "id_cmp": 38,
    "date_expected_MECC": null,
    "date_last_notif": null
  }
},
{
  "model": "years.instituteyear",
  "pk": 114,
  "fields": {
    "code_year": 2015,
    "id_cmp": 39,
    "date_expected_MECC": null,
    "date_last_notif": null
  }
},
{
  "model": "years.instituteyear",
  "pk": 115,
  "fields": {
    "code_year": 2015,
    "id_cmp": 40,
    "date_expected_MECC": null,
    "date_last_notif": null
  }
},
{
  "model": "years.instituteyear",
  "pk": 116,
  "fields": {
    "code_year": 2015,
    "id_cmp": 41,
    "date_expected_MECC": null,
    "date_last_notif": null
  }
},
{
  "model": "years.instituteyear",
  "pk": 117,
  "fields": {
    "code_year": 2015,
    "id_cmp": 42,
    "date_expected_MECC": null,
    "date_last_notif": null
  }
},
{
  "model": "years.instituteyear",
  "pk": 118,
  "fields": {
    "code_year": 2015,
    "id_cmp": 38,
    "date_expected_MECC": null,
    "date_last_notif": null
  }
},
{
  "model": "years.instituteyear",
  "pk": 119,
  "fields": {
    "code_year": 2015,
    "id_cmp": 39,
    "date_expected_MECC": null,
    "date_last_notif": null
  }
},
{
  "model": "years.instituteyear",
  "pk": 120,
  "fields": {
    "code_year": 2015,
    "id_cmp": 40,
    "date_expected_MECC": null,
    "date_last_notif": null
  }
},
{
  "model": "years.instituteyear",
  "pk": 121,
  "fields": {
    "code_year": 2015,
    "id_cmp": 41,
    "date_expected_MECC": null,
    "date_last_notif": null
  }
},
{
  "model": "years.instituteyear",
  "pk": 122,
  "fields": {
    "code_year": 2015,
    "id_cmp": 42,
    "date_expected_MECC": null,
    "date_last_notif": null
  }
},
{
  "model": "years.instituteyear",
  "pk": 123,
  "fields": {
    "code_year": 2015,
    "id_cmp": 43,
    "date_expected_MECC": null,
    "date_last_notif": null
  }
},
{
  "model": "years.universityyear",
  "pk": 1,
  "fields": {
    "date_expected": "2015-06-10",
    "code_year": 2015,
    "is_target_year": true,
    "is_year_init": true,
    "pdf_doc": "doc_cadre/Delib_024-2015_-_RG_MECC_2015-2016.pdf",
    "label_year": "Ann\u00e9e universitaire 2015/2016",
    "date_validation": "2015-03-17"
  }
},
{
  "model": "years.universityyear",
  "pk": 6,
  "fields": {
    "date_expected": "2016-06-07",
    "code_year": 2016,
    "is_target_year": false,
    "is_year_init": true,
    "pdf_doc": "doc_cadre/Delib_009-2016_-_Regles_generales_relatives_au_MECC_2016-2017.pdf",
    "label_year": "Ann\u00e9e universitaire 2016/2017",
    "date_validation": "2016-02-09"
  }
},
{
  "model": "years.universityyear",
  "pk": 7,
  "fields": {
    "date_expected": null,
    "code_year": 2017,
    "is_target_year": false,
    "is_year_init": true,
    "pdf_doc": "",
    "label_year": "Ann\u00e9e universitaire 2017/2018",
    "date_validation": null
  }
},
{
  "model": "adm.profile",
  "pk": 9,
  "fields": {
    "year": 2015,
    "cmp": "CHM",
    "label": "Responsable administratif",
    "code": "RAC"
  }
},
{
  "model": "adm.profile",
  "pk": 10,
  "fields": {
    "year": 2015,
    "cmp": "CHM",
    "label": "Directeur de composante",
    "code": "DIRCOMP"
  }
},
{
  "model": "adm.profile",
  "pk": 12,
  "fields": {
    "year": 2015,
    "cmp": "ART",
    "label": "Directeur de composante",
    "code": "DIRCOMP"
  }
},
{
  "model": "adm.profile",
  "pk": 14,
  "fields": {
    "year": 2015,
    "cmp": "GEO",
    "label": "Directeur de composante",
    "code": "DIRCOMP"
  }
},
{
  "model": "adm.profile",
  "pk": 21,
  "fields": {
    "year": 2015,
    "cmp": "CHM",
    "label": "Directeur d'\u00e9tudes",
    "code": "DIRETU"
  }
},
{
  "model": "adm.profile",
  "pk": 26,
  "fields": {
    "year": 2015,
    "cmp": "VIE",
    "label": "Directeur de composante",
    "code": "DIRCOMP"
  }
},
{
  "model": "adm.profile",
  "pk": 32,
  "fields": {
    "year": 2015,
    "cmp": "CHM",
    "label": "Responsable de formation",
    "code": "RESPFORM"
  }
},
{
  "model": "adm.profile",
  "pk": 35,
  "fields": {
    "year": 2015,
    "cmp": "CHM",
    "label": "R\u00e9f\u00e9rent d'application",
    "code": "REFAPP"
  }
},
{
  "model": "adm.profile",
  "pk": 39,
  "fields": {
    "year": 2015,
    "cmp": "ART",
    "label": " Responsable administratif",
    "code": "RAC"
  }
},
{
  "model": "adm.profile",
  "pk": 48,
  "fields": {
    "year": 2015,
    "cmp": "ART",
    "label": "R\u00e9f\u00e9rent d'application",
    "code": "REFAPP"
  }
},
{
  "model": "adm.profile",
  "pk": 53,
  "fields": {
    "year": 2015,
    "cmp": "ART",
    "label": "Gestionnaire de scolarit\u00e9",
    "code": "GESCOL"
  }
},
{
  "model": "adm.profile",
  "pk": 54,
  "fields": {
    "year": 2015,
    "cmp": "VIE",
    "label": "Gestionnaire de scolarit\u00e9",
    "code": "GESCOL"
  }
},
{
  "model": "adm.profile",
  "pk": 56,
  "fields": {
    "year": 2015,
    "cmp": "",
    "label": "Membre de la Commission ECI",
    "code": "ECI"
  }
},
{
  "model": "adm.profile",
  "pk": 57,
  "fields": {
    "year": 2015,
    "cmp": "ART",
    "label": "Directeurs d'\u00e9tudes",
    "code": "DIRETU"
  }
},
{
  "model": "adm.profile",
  "pk": 58,
  "fields": {
    "year": 2016,
    "cmp": "CHM",
    "label": "Gestionnaire de scolarit\u00e9",
    "code": "GESCOL"
  }
},
{
  "model": "adm.profile",
  "pk": 59,
  "fields": {
    "year": 2015,
    "cmp": "CHM",
    "label": "Gestionnaire de scolarit\u00e9",
    "code": "GESCOL"
  }
},
{
  "model": "adm.profile",
  "pk": 60,
  "fields": {
    "year": 2015,
    "cmp": "LVI",
    "label": " Responsable administratif",
    "code": "RAC"
  }
},
{
  "model": "adm.profile",
  "pk": 61,
  "fields": {
    "year": 2015,
    "cmp": "LVI",
    "label": "Directeur de composante",
    "code": "DIRCOMP"
  }
},
{
  "model": "adm.profile",
  "pk": 62,
  "fields": {
    "year": 2015,
    "cmp": "LGA",
    "label": " Responsable administratif",
    "code": "RAC"
  }
},
{
  "model": "adm.profile",
  "pk": 63,
  "fields": {
    "year": 2015,
    "cmp": "LGA",
    "label": "Directeur de composante",
    "code": "DIRCOMP"
  }
},
{
  "model": "adm.profile",
  "pk": 64,
  "fields": {
    "year": 2015,
    "cmp": "LET",
    "label": " Responsable administratif",
    "code": "RAC"
  }
},
{
  "model": "adm.profile",
  "pk": 65,
  "fields": {
    "year": 2015,
    "cmp": "LET",
    "label": "Directeur de composante",
    "code": "DIRCOMP"
  }
},
{
  "model": "adm.profile",
  "pk": 66,
  "fields": {
    "year": 2015,
    "cmp": "CPI",
    "label": " Responsable administratif",
    "code": "RAC"
  }
},
{
  "model": "adm.profile",
  "pk": 67,
  "fields": {
    "year": 2015,
    "cmp": "CPI",
    "label": "Directeur de composante",
    "code": "DIRCOMP"
  }
},
{
  "model": "adm.profile",
  "pk": 68,
  "fields": {
    "year": 2015,
    "cmp": "CUJ",
    "label": "Directeur de composante",
    "code": "DIRCOMP"
  }
},
{
  "model": "adm.profile",
  "pk": 69,
  "fields": {
    "year": 2015,
    "cmp": "IEP",
    "label": " Responsable administratif",
    "code": "RAC"
  }
},
{
  "model": "adm.profile",
  "pk": 70,
  "fields": {
    "year": 2015,
    "cmp": "IEP",
    "label": "Directeur de composante",
    "code": "DIRCOMP"
  }
},
{
  "model": "adm.profile",
  "pk": 71,
  "fields": {
    "year": 2015,
    "cmp": "DRT",
    "label": "Directeur de composante",
    "code": "DIRCOMP"
  }
},
{
  "model": "adm.profile",
  "pk": 72,
  "fields": {
    "year": 2015,
    "cmp": "PHA",
    "label": " Responsable administratif",
    "code": "RAC"
  }
},
{
  "model": "adm.profile",
  "pk": 73,
  "fields": {
    "year": 2015,
    "cmp": "PHA",
    "label": "Directeur de composante",
    "code": "DIRCOMP"
  }
},
{
  "model": "adm.profile",
  "pk": 74,
  "fields": {
    "year": 2016,
    "cmp": "CHM",
    "label": "Directeurs d'\u00e9tudes",
    "code": "DIRETU"
  }
},
{
  "model": "adm.profile",
  "pk": 75,
  "fields": {
    "year": 2016,
    "cmp": "LVI",
    "label": "Directeurs d'\u00e9tudes",
    "code": "DIRETU"
  }
},
{
  "model": "adm.profile",
  "pk": 76,
  "fields": {
    "year": 2016,
    "cmp": "PHA",
    "label": "Directeurs d'\u00e9tudes",
    "code": "DIRETU"
  }
},
{
  "model": "adm.profile",
  "pk": 77,
  "fields": {
    "year": 2016,
    "cmp": "PHA",
    "label": "Gestionnaire de scolarit\u00e9",
    "code": "GESCOL"
  }
},
{
  "model": "adm.profile",
  "pk": 78,
  "fields": {
    "year": 2016,
    "cmp": "LET",
    "label": "Directeurs d'\u00e9tudes",
    "code": "DIRETU"
  }
},
{
  "model": "adm.profile",
  "pk": 79,
  "fields": {
    "year": 2016,
    "cmp": "LVI",
    "label": "Gestionnaire de scolarit\u00e9",
    "code": "GESCOL"
  }
},
{
  "model": "adm.profile",
  "pk": 80,
  "fields": {
    "year": 2016,
    "cmp": "PHA",
    "label": "R\u00e9f\u00e9rent d'application",
    "code": "REFAPP"
  }
},
{
  "model": "adm.profile",
  "pk": 81,
  "fields": {
    "year": 2015,
    "cmp": "CHM",
    "label": "Directeurs d'\u00e9tudes",
    "code": "DIRETU"
  }
},
{
  "model": "adm.profile",
  "pk": 82,
  "fields": {
    "year": 2015,
    "cmp": "ART",
    "label": "Responsable de formation",
    "code": "RESPFORM"
  }
},
{
  "model": "adm.profile",
  "pk": 83,
  "fields": {
    "year": 2015,
    "cmp": "DRT",
    "label": " Responsable administratif",
    "code": "RAC"
  }
},
{
  "model": "adm.profile",
  "pk": 84,
  "fields": {
    "year": 2015,
    "cmp": "SEG",
    "label": "Directeur de composante",
    "code": "DIRCOMP"
  }
},
{
  "model": "rules.rule",
  "pk": 1,
  "fields": {
    "is_in_use": true,
    "display_order": 1,
    "label": "Modalit\u00e9s d'acc\u00e8s et de progression en licence",
    "is_ccct": true,
    "degree_type": [
      5,
      6
    ],
    "n_rule": 1,
    "code_year": 2015,
    "is_eci": true,
    "is_edited": "X"
  }
},
{
  "model": "rules.rule",
  "pk": 2,
  "fields": {
    "is_in_use": true,
    "display_order": 1,
    "label": "Modalit\u00e9s d'acc\u00e8s et de progression en master",
    "is_ccct": true,
    "degree_type": [
      7
    ],
    "n_rule": 2,
    "code_year": 2015,
    "is_eci": true,
    "is_edited": "X"
  }
},
{
  "model": "rules.rule",
  "pk": 3,
  "fields": {
    "is_in_use": true,
    "display_order": 5,
    "label": "Inscriptions administratives",
    "is_ccct": true,
    "degree_type": [
      1,
      3,
      4,
      5,
      6,
      7,
      8,
      14,
      15,
      16,
      17,
      18,
      25
    ],
    "n_rule": 3,
    "code_year": 2015,
    "is_eci": true,
    "is_edited": "X"
  }
},
{
  "model": "rules.rule",
  "pk": 4,
  "fields": {
    "is_in_use": true,
    "display_order": 8,
    "label": "Inscriptions p\u00e9dagogiques",
    "is_ccct": true,
    "degree_type": [
      1,
      2,
      3,
      4,
      5,
      6,
      7,
      8,
      15,
      16,
      17,
      18,
      19,
      21,
      22
    ],
    "n_rule": 4,
    "code_year": 2015,
    "is_eci": true,
    "is_edited": "X"
  }
},
{
  "model": "rules.rule",
  "pk": 5,
  "fields": {
    "is_in_use": true,
    "display_order": 10,
    "label": "Assiduit\u00e9",
    "is_ccct": true,
    "degree_type": [
      1,
      3,
      5,
      6,
      7,
      14,
      15,
      16,
      17,
      18,
      19
    ],
    "n_rule": 5,
    "code_year": 2015,
    "is_eci": true,
    "is_edited": "X"
  }
},
{
  "model": "rules.rule",
  "pk": 6,
  "fields": {
    "is_in_use": true,
    "display_order": 13,
    "label": "Validation d'acquis",
    "is_ccct": true,
    "degree_type": [
      3,
      4,
      5,
      6,
      7
    ],
    "n_rule": 6,
    "code_year": 2015,
    "is_eci": true,
    "is_edited": "X"
  }
},
{
  "model": "rules.rule",
  "pk": 7,
  "fields": {
    "is_in_use": true,
    "display_order": 14,
    "label": "Etudes accomplies \u00e0 l'\u00e9tranger",
    "is_ccct": true,
    "degree_type": [
      3,
      4,
      5,
      6,
      7,
      15,
      16,
      17,
      18,
      19
    ],
    "n_rule": 7,
    "code_year": 2015,
    "is_eci": true,
    "is_edited": "X"
  }
},
{
  "model": "rules.rule",
  "pk": 8,
  "fields": {
    "is_in_use": true,
    "display_order": 19,
    "label": "Cas particulier d\u2019un m\u00e9moire de recherche ou d\u2019un rapport de stage",
    "is_ccct": true,
    "degree_type": [
      7
    ],
    "n_rule": 8,
    "code_year": 2015,
    "is_eci": true,
    "is_edited": "X"
  }
},
{
  "model": "rules.rule",
  "pk": 9,
  "fields": {
    "is_in_use": true,
    "display_order": 20,
    "label": "Jurys",
    "is_ccct": true,
    "degree_type": [
      3,
      4,
      5,
      6,
      7,
      8,
      15,
      16,
      17,
      18,
      19
    ],
    "n_rule": 9,
    "code_year": 2015,
    "is_eci": true,
    "is_edited": "X"
  }
},
{
  "model": "rules.rule",
  "pk": 10,
  "fields": {
    "is_in_use": true,
    "display_order": 25,
    "label": "Compensation",
    "is_ccct": true,
    "degree_type": [
      1,
      3,
      5,
      7
    ],
    "n_rule": 10,
    "code_year": 2015,
    "is_eci": true,
    "is_edited": "X"
  }
},
{
  "model": "rules.rule",
  "pk": 11,
  "fields": {
    "is_in_use": true,
    "display_order": 26,
    "label": "Compensation en licence ",
    "is_ccct": true,
    "degree_type": [
      5
    ],
    "n_rule": 11,
    "code_year": 2015,
    "is_eci": true,
    "is_edited": "X"
  }
},
{
  "model": "rules.rule",
  "pk": 12,
  "fields": {
    "is_in_use": true,
    "display_order": 26,
    "label": "Compensation en master",
    "is_ccct": true,
    "degree_type": [
      7
    ],
    "n_rule": 12,
    "code_year": 2015,
    "is_eci": true,
    "is_edited": "X"
  }
},
{
  "model": "rules.rule",
  "pk": 13,
  "fields": {
    "is_in_use": true,
    "display_order": 30,
    "label": "Calcul de la moyenne g\u00e9n\u00e9rale en licence",
    "is_ccct": true,
    "degree_type": [
      5,
      6
    ],
    "n_rule": 13,
    "code_year": 2015,
    "is_eci": true,
    "is_edited": "X"
  }
},
{
  "model": "rules.rule",
  "pk": 14,
  "fields": {
    "is_in_use": true,
    "display_order": 30,
    "label": "Calcul de la moyenne g\u00e9n\u00e9rale",
    "is_ccct": true,
    "degree_type": [
      3,
      7
    ],
    "n_rule": 14,
    "code_year": 2015,
    "is_eci": true,
    "is_edited": "X"
  }
},
{
  "model": "rules.rule",
  "pk": 15,
  "fields": {
    "is_in_use": true,
    "display_order": 31,
    "label": "Equivalences et mentions",
    "is_ccct": true,
    "degree_type": [
      3,
      4,
      7
    ],
    "n_rule": 15,
    "code_year": 2015,
    "is_eci": true,
    "is_edited": "X"
  }
},
{
  "model": "rules.rule",
  "pk": 16,
  "fields": {
    "is_in_use": true,
    "display_order": 35,
    "label": "Dipl\u00f4me interm\u00e9diaire de DEUG",
    "is_ccct": true,
    "degree_type": [
      5,
      6
    ],
    "n_rule": 16,
    "code_year": 2015,
    "is_eci": true,
    "is_edited": "X"
  }
},
{
  "model": "rules.rule",
  "pk": 17,
  "fields": {
    "is_in_use": true,
    "display_order": 35,
    "label": "Dipl\u00f4me interm\u00e9diaire de ma\u00eetrise",
    "is_ccct": true,
    "degree_type": [
      7
    ],
    "n_rule": 17,
    "code_year": 2015,
    "is_eci": true,
    "is_edited": "X"
  }
},
{
  "model": "rules.rule",
  "pk": 18,
  "fields": {
    "is_in_use": true,
    "display_order": 40,
    "label": "Conservation d'une note d'une ann\u00e9e sur l'autre",
    "is_ccct": true,
    "degree_type": [
      3,
      4,
      5,
      6,
      7,
      8,
      15,
      16,
      17,
      18,
      19
    ],
    "n_rule": 18,
    "code_year": 2015,
    "is_eci": true,
    "is_edited": "X"
  }
},
{
  "model": "rules.rule",
  "pk": 19,
  "fields": {
    "is_in_use": true,
    "display_order": 41,
    "label": "Capitalisation",
    "is_ccct": true,
    "degree_type": [
      1,
      4,
      5,
      6,
      7,
      15,
      16,
      17,
      18,
      19
    ],
    "n_rule": 19,
    "code_year": 2015,
    "is_eci": true,
    "is_edited": "X"
  }
},
{
  "model": "rules.rule",
  "pk": 20,
  "fields": {
    "is_in_use": true,
    "display_order": 45,
    "label": "Sessions d'examens",
    "is_ccct": true,
    "degree_type": [
      5,
      6,
      15,
      16,
      17,
      18,
      19
    ],
    "n_rule": 20,
    "code_year": 2015,
    "is_eci": true,
    "is_edited": "X"
  }
},
{
  "model": "rules.rule",
  "pk": 21,
  "fields": {
    "is_in_use": true,
    "display_order": 46,
    "label": "Session de rattrapage",
    "is_ccct": true,
    "degree_type": [
      1,
      3,
      7,
      8
    ],
    "n_rule": 21,
    "code_year": 2015,
    "is_eci": true,
    "is_edited": "X"
  }
},
{
  "model": "rules.rule",
  "pk": 22,
  "fields": {
    "is_in_use": true,
    "display_order": 50,
    "label": "Evaluation continue int\u00e9grale - principes directeurs",
    "is_ccct": false,
    "degree_type": [
      1,
      3,
      4,
      5,
      6,
      7
    ],
    "n_rule": 22,
    "code_year": 2015,
    "is_eci": true,
    "is_edited": "X"
  }
},
{
  "model": "rules.rule",
  "pk": 23,
  "fields": {
    "is_in_use": true,
    "display_order": 51,
    "label": "Organisation de l'\u00e9valuation continue int\u00e9grale",
    "is_ccct": false,
    "degree_type": [
      1,
      3,
      4,
      5,
      6,
      7
    ],
    "n_rule": 23,
    "code_year": 2015,
    "is_eci": true,
    "is_edited": "X"
  }
},
{
  "model": "rules.rule",
  "pk": 24,
  "fields": {
    "is_in_use": true,
    "display_order": 52,
    "label": "Nombre d'\u00e9valuations par UE",
    "is_ccct": false,
    "degree_type": [
      1,
      3,
      5,
      6,
      7
    ],
    "n_rule": 24,
    "code_year": 2015,
    "is_eci": true,
    "is_edited": "X"
  }
},
{
  "model": "rules.rule",
  "pk": 25,
  "fields": {
    "is_in_use": true,
    "display_order": 53,
    "label": "Modalit\u00e9s de correction des \u00e9valuations et de restitution p\u00e9dagogique aux \u00e9tudiants",
    "is_ccct": false,
    "degree_type": [
      1,
      3,
      4,
      5,
      6,
      7,
      8
    ],
    "n_rule": 25,
    "code_year": 2015,
    "is_eci": true,
    "is_edited": "X"
  }
},
{
  "model": "rules.rule",
  "pk": 26,
  "fields": {
    "is_in_use": true,
    "display_order": 54,
    "label": "Absence aux \u00e9preuves avec convocation",
    "is_ccct": false,
    "degree_type": [
      1,
      3,
      4,
      5,
      6,
      7,
      8
    ],
    "n_rule": 26,
    "code_year": 2015,
    "is_eci": true,
    "is_edited": "X"
  }
},
{
  "model": "rules.rule",
  "pk": 27,
  "fields": {
    "is_in_use": true,
    "display_order": 55,
    "label": "Absence aux \u00e9preuves sans convocation",
    "is_ccct": false,
    "degree_type": [
      1,
      3,
      4,
      5,
      6,
      7,
      8
    ],
    "n_rule": 27,
    "code_year": 2015,
    "is_eci": true,
    "is_edited": "X"
  }
},
{
  "model": "rules.rule",
  "pk": 28,
  "fields": {
    "is_in_use": true,
    "display_order": 56,
    "label": "Session de rattrapage en ECI",
    "is_ccct": false,
    "degree_type": [
      1,
      3,
      4,
      5,
      6,
      7,
      8
    ],
    "n_rule": 28,
    "code_year": 2015,
    "is_eci": true,
    "is_edited": "X"
  }
},
{
  "model": "rules.rule",
  "pk": 29,
  "fields": {
    "is_in_use": true,
    "display_order": 71,
    "label": "Absence aux \u00e9preuves terminales",
    "is_ccct": true,
    "degree_type": [
      1,
      3,
      4,
      5,
      6,
      7,
      8,
      15,
      16,
      17,
      18,
      19
    ],
    "n_rule": 29,
    "code_year": 2015,
    "is_eci": false,
    "is_edited": "X"
  }
},
{
  "model": "rules.rule",
  "pk": 30,
  "fields": {
    "is_in_use": true,
    "display_order": 72,
    "label": "Absence aux \u00e9preuves de contr\u00f4le continu",
    "is_ccct": true,
    "degree_type": [
      1,
      3,
      4,
      5,
      6,
      7,
      8,
      15,
      16,
      17,
      18,
      19
    ],
    "n_rule": 30,
    "code_year": 2015,
    "is_eci": false,
    "is_edited": "X"
  }
},
{
  "model": "rules.rule",
  "pk": 31,
  "fields": {
    "is_in_use": true,
    "display_order": 74,
    "label": "Organisation des \u00e9preuves",
    "is_ccct": true,
    "degree_type": [
      1,
      3,
      4,
      5,
      6,
      7,
      8,
      15,
      16,
      17,
      18,
      19
    ],
    "n_rule": 31,
    "code_year": 2015,
    "is_eci": false,
    "is_edited": "X"
  }
},
{
  "model": "rules.rule",
  "pk": 32,
  "fields": {
    "is_in_use": true,
    "display_order": 75,
    "label": "Anonymat des \u00e9preuves",
    "is_ccct": true,
    "degree_type": [
      7,
      14,
      15,
      16,
      17,
      18,
      19
    ],
    "n_rule": 32,
    "code_year": 2015,
    "is_eci": false,
    "is_edited": "X"
  }
},
{
  "model": "rules.rule",
  "pk": 33,
  "fields": {
    "is_in_use": true,
    "display_order": 80,
    "label": "Report de note de la session principale \u00e0 la session de rattrapage en licence",
    "is_ccct": true,
    "degree_type": [
      5,
      6
    ],
    "n_rule": 33,
    "code_year": 2015,
    "is_eci": false,
    "is_edited": "X"
  }
},
{
  "model": "rules.rule",
  "pk": 34,
  "fields": {
    "is_in_use": true,
    "display_order": 1,
    "label": "Modalit\u00e9s d'acc\u00e8s et de progression en DAEU",
    "is_ccct": true,
    "degree_type": [
      1
    ],
    "n_rule": 34,
    "code_year": 2015,
    "is_eci": true,
    "is_edited": "X"
  }
},
{
  "model": "rules.rule",
  "pk": 35,
  "fields": {
    "is_in_use": true,
    "display_order": 1,
    "label": "Modalit\u00e9s de progression en DUT",
    "is_ccct": true,
    "degree_type": [
      3
    ],
    "n_rule": 35,
    "code_year": 2015,
    "is_eci": true,
    "is_edited": "X"
  }
},
{
  "model": "rules.rule",
  "pk": 36,
  "fields": {
    "is_in_use": true,
    "display_order": 1,
    "label": "Modalit\u00e9s de progression en DEUST",
    "is_ccct": true,
    "degree_type": [
      4
    ],
    "n_rule": 36,
    "code_year": 2015,
    "is_eci": true,
    "is_edited": "X"
  }
},
{
  "model": "rules.rule",
  "pk": 37,
  "fields": {
    "is_in_use": true,
    "display_order": 1,
    "label": "Modalit\u00e9s de progression en PACES",
    "is_ccct": true,
    "degree_type": [
      14
    ],
    "n_rule": 37,
    "code_year": 2015,
    "is_eci": false,
    "is_edited": "X"
  }
},
{
  "model": "rules.rule",
  "pk": 38,
  "fields": {
    "is_in_use": true,
    "display_order": 1,
    "label": "Modalit\u00e9s de progression en DFG",
    "is_ccct": true,
    "degree_type": [
      15
    ],
    "n_rule": 38,
    "code_year": 2015,
    "is_eci": false,
    "is_edited": "X"
  }
},
{
  "model": "rules.rule",
  "pk": 39,
  "fields": {
    "is_in_use": true,
    "display_order": 1,
    "label": "Modalit\u00e9s de progression en DFA",
    "is_ccct": true,
    "degree_type": [
      16
    ],
    "n_rule": 39,
    "code_year": 2015,
    "is_eci": false,
    "is_edited": "X"
  }
},
{
  "model": "rules.rule",
  "pk": 40,
  "fields": {
    "is_in_use": true,
    "display_order": 1,
    "label": "Modalit\u00e9s d'acc\u00e8s au dipl\u00f4me d'Etat de Sant\u00e9",
    "is_ccct": true,
    "degree_type": [
      17,
      18,
      19
    ],
    "n_rule": 40,
    "code_year": 2015,
    "is_eci": false,
    "is_edited": "X"
  }
},
{
  "model": "rules.rule",
  "pk": 41,
  "fields": {
    "is_in_use": true,
    "display_order": 6,
    "label": "Inscriptions administratives en PACES",
    "is_ccct": true,
    "degree_type": [
      14
    ],
    "n_rule": 41,
    "code_year": 2015,
    "is_eci": false,
    "is_edited": "X"
  }
},
{
  "model": "rules.rule",
  "pk": 42,
  "fields": {
    "is_in_use": true,
    "display_order": 6,
    "label": "Inscriptions administratives en DFA",
    "is_ccct": true,
    "degree_type": [
      16
    ],
    "n_rule": 42,
    "code_year": 2015,
    "is_eci": false,
    "is_edited": "X"
  }
},
{
  "model": "rules.rule",
  "pk": 43,
  "fields": {
    "is_in_use": true,
    "display_order": 6,
    "label": "Inscriptions administratives en Th\u00e8se en vue du DE de docteur en m\u00e9decine",
    "is_ccct": true,
    "degree_type": [
      19
    ],
    "n_rule": 43,
    "code_year": 2015,
    "is_eci": false,
    "is_edited": "X"
  }
},
{
  "model": "rules.rule",
  "pk": 44,
  "fields": {
    "is_in_use": true,
    "display_order": 6,
    "label": "Inscriptions administratives en Th\u00e8se en vue du DE de docteur en pharmacie",
    "is_ccct": true,
    "degree_type": [
      17
    ],
    "n_rule": 44,
    "code_year": 2015,
    "is_eci": false,
    "is_edited": "X"
  }
},
{
  "model": "rules.rule",
  "pk": 45,
  "fields": {
    "is_in_use": true,
    "display_order": 6,
    "label": "Inscriptions administratives en Th\u00e8se en vue du DE de docteur en chirurgie dentaire",
    "is_ccct": true,
    "degree_type": [
      18
    ],
    "n_rule": 45,
    "code_year": 2015,
    "is_eci": false,
    "is_edited": "X"
  }
},
{
  "model": "rules.rule",
  "pk": 46,
  "fields": {
    "is_in_use": true,
    "display_order": 8,
    "label": "Inscriptions p\u00e9dagogiques en PACES",
    "is_ccct": true,
    "degree_type": [
      14
    ],
    "n_rule": 46,
    "code_year": 2015,
    "is_eci": false,
    "is_edited": "X"
  }
},
{
  "model": "rules.rule",
  "pk": 47,
  "fields": {
    "is_in_use": true,
    "display_order": 13,
    "label": "Validation d'acquis en DAEU",
    "is_ccct": true,
    "degree_type": [
      1
    ],
    "n_rule": 47,
    "code_year": 2015,
    "is_eci": true,
    "is_edited": "X"
  }
},
{
  "model": "rules.rule",
  "pk": 48,
  "fields": {
    "is_in_use": true,
    "display_order": 16,
    "label": "Notation des QCM, QRC et QCD",
    "is_ccct": true,
    "degree_type": [
      1,
      3,
      4,
      5,
      6,
      7,
      8,
      14,
      15,
      16,
      17,
      18,
      19
    ],
    "n_rule": 48,
    "code_year": 2015,
    "is_eci": true,
    "is_edited": "X"
  }
},
{
  "model": "rules.rule",
  "pk": 51,
  "fields": {
    "is_in_use": true,
    "display_order": 20,
    "label": "Jury du DAEU",
    "is_ccct": true,
    "degree_type": [
      1
    ],
    "n_rule": 51,
    "code_year": 2015,
    "is_eci": true,
    "is_edited": "X"
  }
},
{
  "model": "rules.rule",
  "pk": 52,
  "fields": {
    "is_in_use": true,
    "display_order": 21,
    "label": "Jurys des certificats de sant\u00e9",
    "is_ccct": true,
    "degree_type": [
      16
    ],
    "n_rule": 52,
    "code_year": 2015,
    "is_eci": false,
    "is_edited": "X"
  }
},
{
  "model": "rules.rule",
  "pk": 53,
  "fields": {
    "is_in_use": true,
    "display_order": 21,
    "label": "Th\u00e8se d'exercice en vue du DE de docteur en pharmacie",
    "is_ccct": true,
    "degree_type": [
      17
    ],
    "n_rule": 53,
    "code_year": 2015,
    "is_eci": false,
    "is_edited": "X"
  }
},
{
  "model": "rules.rule",
  "pk": 54,
  "fields": {
    "is_in_use": true,
    "display_order": 21,
    "label": "Th\u00e8se d'exercice en vue du DE de docteur en m\u00e9decine",
    "is_ccct": true,
    "degree_type": [
      19
    ],
    "n_rule": 54,
    "code_year": 2015,
    "is_eci": false,
    "is_edited": "X"
  }
},
{
  "model": "rules.rule",
  "pk": 55,
  "fields": {
    "is_in_use": true,
    "display_order": 21,
    "label": "Th\u00e8se d'exercice en vue du DE de docteur en chirurgie dentaire",
    "is_ccct": true,
    "degree_type": [
      18
    ],
    "n_rule": 55,
    "code_year": 2015,
    "is_eci": false,
    "is_edited": "X"
  }
},
{
  "model": "rules.rule",
  "pk": 56,
  "fields": {
    "is_in_use": true,
    "display_order": 21,
    "label": "Jury du DUT",
    "is_ccct": true,
    "degree_type": [
      3
    ],
    "n_rule": 56,
    "code_year": 2015,
    "is_eci": true,
    "is_edited": "X"
  }
},
{
  "model": "rules.rule",
  "pk": 57,
  "fields": {
    "is_in_use": true,
    "display_order": 26,
    "label": "Compensation en licence professionnelle",
    "is_ccct": true,
    "degree_type": [
      6
    ],
    "n_rule": 57,
    "code_year": 2015,
    "is_eci": true,
    "is_edited": "X"
  }
},
{
  "model": "rules.rule",
  "pk": 58,
  "fields": {
    "is_in_use": true,
    "display_order": 26,
    "label": "Compensation en DEUST",
    "is_ccct": true,
    "degree_type": [
      4
    ],
    "n_rule": 58,
    "code_year": 2015,
    "is_eci": true,
    "is_edited": "X"
  }
},
{
  "model": "rules.rule",
  "pk": 59,
  "fields": {
    "is_in_use": true,
    "display_order": 26,
    "label": "Compensation en DAEU (r\u00e9gime CC/CT)",
    "is_ccct": true,
    "degree_type": [
      1
    ],
    "n_rule": 59,
    "code_year": 2015,
    "is_eci": false,
    "is_edited": "X"
  }
},
{
  "model": "rules.rule",
  "pk": 60,
  "fields": {
    "is_in_use": true,
    "display_order": 26,
    "label": "Compensation en DAEU (r\u00e9gime ECI)",
    "is_ccct": false,
    "degree_type": [
      1
    ],
    "n_rule": 60,
    "code_year": 2015,
    "is_eci": true,
    "is_edited": "X"
  }
},
{
  "model": "rules.rule",
  "pk": 61,
  "fields": {
    "is_in_use": true,
    "display_order": 26,
    "label": "Compensation en DUT",
    "is_ccct": true,
    "degree_type": [
      3
    ],
    "n_rule": 61,
    "code_year": 2015,
    "is_eci": true,
    "is_edited": "X"
  }
},
{
  "model": "rules.rule",
  "pk": 62,
  "fields": {
    "is_in_use": true,
    "display_order": 26,
    "label": "Compensation en DFG, DFA et DE",
    "is_ccct": true,
    "degree_type": [
      15,
      16,
      17,
      18,
      19
    ],
    "n_rule": 62,
    "code_year": 2015,
    "is_eci": true,
    "is_edited": "X"
  }
},
{
  "model": "rules.rule",
  "pk": 63,
  "fields": {
    "is_in_use": true,
    "display_order": 30,
    "label": "Calcul de la moyenne g\u00e9n\u00e9rale en DEUST",
    "is_ccct": true,
    "degree_type": [
      4
    ],
    "n_rule": 63,
    "code_year": 2015,
    "is_eci": true,
    "is_edited": "X"
  }
},
{
  "model": "rules.rule",
  "pk": 64,
  "fields": {
    "is_in_use": true,
    "display_order": 30,
    "label": "Classement et validation en PACES",
    "is_ccct": true,
    "degree_type": [
      14
    ],
    "n_rule": 64,
    "code_year": 2015,
    "is_eci": false,
    "is_edited": "X"
  }
},
{
  "model": "rules.rule",
  "pk": 65,
  "fields": {
    "is_in_use": true,
    "display_order": 30,
    "label": "Validation du DFG",
    "is_ccct": true,
    "degree_type": [
      15
    ],
    "n_rule": 65,
    "code_year": 2015,
    "is_eci": false,
    "is_edited": "X"
  }
},
{
  "model": "rules.rule",
  "pk": 66,
  "fields": {
    "is_in_use": true,
    "display_order": 30,
    "label": "Validation du DFA",
    "is_ccct": true,
    "degree_type": [
      16
    ],
    "n_rule": 66,
    "code_year": 2015,
    "is_eci": false,
    "is_edited": "X"
  }
},
{
  "model": "rules.rule",
  "pk": 67,
  "fields": {
    "is_in_use": true,
    "display_order": 30,
    "label": "Validation du dipl\u00f4me de Docteur",
    "is_ccct": true,
    "degree_type": [
      17,
      18,
      19
    ],
    "n_rule": 67,
    "code_year": 2015,
    "is_eci": false,
    "is_edited": "X"
  }
},
{
  "model": "rules.rule",
  "pk": 68,
  "fields": {
    "is_in_use": true,
    "display_order": 40,
    "label": "Conservation d'une note d'une ann\u00e9e sur l'autre en PACES",
    "is_ccct": true,
    "degree_type": [
      14
    ],
    "n_rule": 68,
    "code_year": 2015,
    "is_eci": false,
    "is_edited": "X"
  }
},
{
  "model": "rules.rule",
  "pk": 69,
  "fields": {
    "is_in_use": true,
    "display_order": 41,
    "label": "Capitalisation en licence professionnelle",
    "is_ccct": true,
    "degree_type": [
      6
    ],
    "n_rule": 69,
    "code_year": 2015,
    "is_eci": true,
    "is_edited": "X"
  }
},
{
  "model": "rules.rule",
  "pk": 70,
  "fields": {
    "is_in_use": true,
    "display_order": 41,
    "label": "Capitalisation en DUT",
    "is_ccct": true,
    "degree_type": [
      3
    ],
    "n_rule": 70,
    "code_year": 2015,
    "is_eci": true,
    "is_edited": "X"
  }
},
{
  "model": "rules.rule",
  "pk": 71,
  "fields": {
    "is_in_use": true,
    "display_order": 45,
    "label": "Session d'examen en PACES",
    "is_ccct": true,
    "degree_type": [
      14
    ],
    "n_rule": 71,
    "code_year": 2015,
    "is_eci": false,
    "is_edited": "X"
  }
},
{
  "model": "rules.rule",
  "pk": 72,
  "fields": {
    "is_in_use": true,
    "display_order": 47,
    "label": "Epreuves de la session de rattrapage en licence (CC/CT)",
    "is_ccct": true,
    "degree_type": [
      5,
      6
    ],
    "n_rule": 72,
    "code_year": 2015,
    "is_eci": false,
    "is_edited": "X"
  }
},
{
  "model": "rules.rule",
  "pk": 73,
  "fields": {
    "is_in_use": true,
    "display_order": 46,
    "label": "Session de rattrapage en DEUST",
    "is_ccct": true,
    "degree_type": [
      4
    ],
    "n_rule": 73,
    "code_year": 2015,
    "is_eci": true,
    "is_edited": "X"
  }
},
{
  "model": "rules.rule",
  "pk": 74,
  "fields": {
    "is_in_use": true,
    "display_order": 47,
    "label": "Epreuves de la session de rattrapage (CC/CT)",
    "is_ccct": true,
    "degree_type": [
      1,
      3,
      4,
      7,
      8
    ],
    "n_rule": 74,
    "code_year": 2015,
    "is_eci": false,
    "is_edited": "X"
  }
},
{
  "model": "rules.rule",
  "pk": 75,
  "fields": {
    "is_in_use": true,
    "display_order": 71,
    "label": "Absence aux \u00e9preuves du concours de PACES",
    "is_ccct": true,
    "degree_type": [
      14
    ],
    "n_rule": 75,
    "code_year": 2015,
    "is_eci": false,
    "is_edited": "X"
  }
},
{
  "model": "rules.rule",
  "pk": 76,
  "fields": {
    "is_in_use": true,
    "display_order": 80,
    "label": "Report de note de la session principale \u00e0 la session de rattrapage en DFG et DFA",
    "is_ccct": true,
    "degree_type": [
      15,
      16
    ],
    "n_rule": 76,
    "code_year": 2015,
    "is_eci": false,
    "is_edited": "X"
  }
},
{
  "model": "rules.rule",
  "pk": 77,
  "fields": {
    "is_in_use": true,
    "display_order": 21,
    "label": "Jurys du DEUST",
    "is_ccct": true,
    "degree_type": [
      4
    ],
    "n_rule": 77,
    "code_year": 2015,
    "is_eci": true,
    "is_edited": "X"
  }
},
{
  "model": "rules.rule",
  "pk": 78,
  "fields": {
    "is_in_use": true,
    "display_order": 18,
    "label": "Stages",
    "is_ccct": true,
    "degree_type": [
      1,
      3,
      4,
      5,
      6,
      7,
      8,
      15,
      16,
      17,
      18,
      19
    ],
    "n_rule": 78,
    "code_year": 2015,
    "is_eci": true,
    "is_edited": "X"
  }
},
{
  "model": "rules.rule",
  "pk": 79,
  "fields": {
    "is_in_use": true,
    "display_order": 999,
    "label": "R\u00e8gle(s) additionnelle(s)",
    "is_ccct": true,
    "degree_type": [
      1,
      3,
      4,
      5,
      6,
      7,
      8,
      14,
      15,
      16,
      17,
      18,
      19
    ],
    "n_rule": 79,
    "code_year": 2015,
    "is_eci": true,
    "is_edited": "X"
  }
},
{
  "model": "rules.rule",
  "pk": 104,
  "fields": {
    "is_in_use": true,
    "display_order": 1,
    "label": "Modalit\u00e9s d\u2019acc\u00e8s et de progression en dipl\u00f4me d\u2019universit\u00e9",
    "is_ccct": true,
    "degree_type": [
      8
    ],
    "n_rule": 80,
    "code_year": 2015,
    "is_eci": true,
    "is_edited": "X"
  }
},
{
  "model": "rules.rule",
  "pk": 105,
  "fields": {
    "is_in_use": true,
    "display_order": 10,
    "label": "Assiduit\u00e9 en dipl\u00f4me d\u2019universit\u00e9",
    "is_ccct": true,
    "degree_type": [
      8
    ],
    "n_rule": 105,
    "code_year": 2015,
    "is_eci": true,
    "is_edited": "X"
  }
},
{
  "model": "rules.rule",
  "pk": 106,
  "fields": {
    "is_in_use": true,
    "display_order": 12,
    "label": "Validation d\u2019acquis en dipl\u00f4me d\u2019universit\u00e9",
    "is_ccct": true,
    "degree_type": [
      8
    ],
    "n_rule": 106,
    "code_year": 2015,
    "is_eci": true,
    "is_edited": "X"
  }
},
{
  "model": "rules.rule",
  "pk": 107,
  "fields": {
    "is_in_use": true,
    "display_order": 19,
    "label": "Cas particulier d\u2019un m\u00e9moire de recherche ou d\u2019un rapport de stage en DU",
    "is_ccct": true,
    "degree_type": [
      8
    ],
    "n_rule": 107,
    "code_year": 2015,
    "is_eci": true,
    "is_edited": "X"
  }
},
{
  "model": "rules.rule",
  "pk": 108,
  "fields": {
    "is_in_use": true,
    "display_order": 25,
    "label": "Compensation en dipl\u00f4me d\u2019universit\u00e9",
    "is_ccct": true,
    "degree_type": [
      8
    ],
    "n_rule": 108,
    "code_year": 2015,
    "is_eci": true,
    "is_edited": "X"
  }
},
{
  "model": "rules.rule",
  "pk": 109,
  "fields": {
    "is_in_use": true,
    "display_order": 30,
    "label": "Calcul de la moyenne g\u00e9n\u00e9rale en dipl\u00f4me d\u2019universit\u00e9",
    "is_ccct": true,
    "degree_type": [
      8
    ],
    "n_rule": 109,
    "code_year": 2015,
    "is_eci": true,
    "is_edited": "X"
  }
},
{
  "model": "rules.rule",
  "pk": 110,
  "fields": {
    "is_in_use": true,
    "display_order": 41,
    "label": "Capitalisation en dipl\u00f4me d\u2019universit\u00e9",
    "is_ccct": true,
    "degree_type": [
      8
    ],
    "n_rule": 110,
    "code_year": 2015,
    "is_eci": true,
    "is_edited": "X"
  }
},
{
  "model": "rules.rule",
  "pk": 111,
  "fields": {
    "is_in_use": true,
    "display_order": 80,
    "label": "Report de note de la session principale \u00e0 la session de rattrapage",
    "is_ccct": true,
    "degree_type": [
      1,
      3,
      4,
      7,
      8,
      15,
      16,
      17,
      18,
      19
    ],
    "n_rule": 111,
    "code_year": 2015,
    "is_eci": false,
    "is_edited": "X"
  }
},
{
  "model": "rules.rule",
  "pk": 112,
  "fields": {
    "is_in_use": true,
    "display_order": 1,
    "label": "Modalit\u00e9s d'acc\u00e8s et de progression en licence",
    "is_ccct": true,
    "degree_type": [
      5,
      6
    ],
    "n_rule": 1,
    "code_year": 2016,
    "is_eci": true,
    "is_edited": "N"
  }
},
{
  "model": "rules.rule",
  "pk": 113,
  "fields": {
    "is_in_use": true,
    "display_order": 1,
    "label": "Modalit\u00e9s d'acc\u00e8s et de progression en master",
    "is_ccct": true,
    "degree_type": [
      7
    ],
    "n_rule": 2,
    "code_year": 2016,
    "is_eci": true,
    "is_edited": "N"
  }
},
{
  "model": "rules.rule",
  "pk": 114,
  "fields": {
    "is_in_use": true,
    "display_order": 1,
    "label": "Modalit\u00e9s d'acc\u00e8s et de progression en DAEU",
    "is_ccct": true,
    "degree_type": [
      1
    ],
    "n_rule": 34,
    "code_year": 2016,
    "is_eci": true,
    "is_edited": "N"
  }
},
{
  "model": "rules.rule",
  "pk": 115,
  "fields": {
    "is_in_use": true,
    "display_order": 1,
    "label": "Modalit\u00e9s de progression en DUT",
    "is_ccct": true,
    "degree_type": [
      3
    ],
    "n_rule": 35,
    "code_year": 2016,
    "is_eci": true,
    "is_edited": "N"
  }
},
{
  "model": "rules.rule",
  "pk": 116,
  "fields": {
    "is_in_use": true,
    "display_order": 1,
    "label": "Modalit\u00e9s de progression en DEUST",
    "is_ccct": true,
    "degree_type": [
      4
    ],
    "n_rule": 36,
    "code_year": 2016,
    "is_eci": true,
    "is_edited": "N"
  }
},
{
  "model": "rules.rule",
  "pk": 117,
  "fields": {
    "is_in_use": true,
    "display_order": 1,
    "label": "Modalit\u00e9s de progression en PACES",
    "is_ccct": true,
    "degree_type": [
      14
    ],
    "n_rule": 37,
    "code_year": 2016,
    "is_eci": false,
    "is_edited": "N"
  }
},
{
  "model": "rules.rule",
  "pk": 118,
  "fields": {
    "is_in_use": true,
    "display_order": 1,
    "label": "Modalit\u00e9s de progression en DFG",
    "is_ccct": true,
    "degree_type": [
      15
    ],
    "n_rule": 38,
    "code_year": 2016,
    "is_eci": false,
    "is_edited": "N"
  }
},
{
  "model": "rules.rule",
  "pk": 119,
  "fields": {
    "is_in_use": true,
    "display_order": 1,
    "label": "Modalit\u00e9s de progression en DFA",
    "is_ccct": true,
    "degree_type": [
      16
    ],
    "n_rule": 39,
    "code_year": 2016,
    "is_eci": false,
    "is_edited": "N"
  }
},
{
  "model": "rules.rule",
  "pk": 120,
  "fields": {
    "is_in_use": true,
    "display_order": 1,
    "label": "Modalit\u00e9s d'acc\u00e8s au dipl\u00f4me d'Etat de Sant\u00e9",
    "is_ccct": true,
    "degree_type": [
      17,
      18,
      19
    ],
    "n_rule": 40,
    "code_year": 2016,
    "is_eci": false,
    "is_edited": "N"
  }
},
{
  "model": "rules.rule",
  "pk": 121,
  "fields": {
    "is_in_use": true,
    "display_order": 1,
    "label": "Modalit\u00e9s d\u2019acc\u00e8s et de progression en dipl\u00f4me d\u2019universit\u00e9",
    "is_ccct": true,
    "degree_type": [
      8
    ],
    "n_rule": 80,
    "code_year": 2016,
    "is_eci": true,
    "is_edited": "N"
  }
},
{
  "model": "rules.rule",
  "pk": 122,
  "fields": {
    "is_in_use": true,
    "display_order": 5,
    "label": "Inscriptions administratives",
    "is_ccct": true,
    "degree_type": [
      1,
      3,
      4,
      5,
      6,
      7,
      8,
      14,
      15,
      16,
      17,
      18,
      25
    ],
    "n_rule": 3,
    "code_year": 2016,
    "is_eci": true,
    "is_edited": "N"
  }
},
{
  "model": "rules.rule",
  "pk": 123,
  "fields": {
    "is_in_use": true,
    "display_order": 6,
    "label": "Inscriptions administratives en PACES",
    "is_ccct": true,
    "degree_type": [
      14
    ],
    "n_rule": 41,
    "code_year": 2016,
    "is_eci": false,
    "is_edited": "N"
  }
},
{
  "model": "rules.rule",
  "pk": 124,
  "fields": {
    "is_in_use": true,
    "display_order": 6,
    "label": "Inscriptions administratives en DFA",
    "is_ccct": true,
    "degree_type": [
      16
    ],
    "n_rule": 42,
    "code_year": 2016,
    "is_eci": false,
    "is_edited": "N"
  }
},
{
  "model": "rules.rule",
  "pk": 125,
  "fields": {
    "is_in_use": true,
    "display_order": 6,
    "label": "Inscriptions administratives en Th\u00e8se en vue du DE de docteur en m\u00e9decine",
    "is_ccct": true,
    "degree_type": [
      19
    ],
    "n_rule": 43,
    "code_year": 2016,
    "is_eci": false,
    "is_edited": "N"
  }
},
{
  "model": "rules.rule",
  "pk": 126,
  "fields": {
    "is_in_use": true,
    "display_order": 6,
    "label": "Inscriptions administratives en Th\u00e8se en vue du DE de docteur en pharmacie",
    "is_ccct": true,
    "degree_type": [
      17
    ],
    "n_rule": 44,
    "code_year": 2016,
    "is_eci": false,
    "is_edited": "N"
  }
},
{
  "model": "rules.rule",
  "pk": 127,
  "fields": {
    "is_in_use": true,
    "display_order": 6,
    "label": "Inscriptions administratives en Th\u00e8se en vue du DE de docteur en chirurgie dentaire",
    "is_ccct": true,
    "degree_type": [
      18
    ],
    "n_rule": 45,
    "code_year": 2016,
    "is_eci": false,
    "is_edited": "N"
  }
},
{
  "model": "rules.rule",
  "pk": 128,
  "fields": {
    "is_in_use": true,
    "display_order": 8,
    "label": "Inscriptions p\u00e9dagogiques",
    "is_ccct": true,
    "degree_type": [
      1,
      2,
      3,
      4,
      5,
      6,
      7,
      8,
      15,
      16,
      17,
      18,
      19,
      21,
      22
    ],
    "n_rule": 4,
    "code_year": 2016,
    "is_eci": true,
    "is_edited": "N"
  }
},
{
  "model": "rules.rule",
  "pk": 129,
  "fields": {
    "is_in_use": true,
    "display_order": 8,
    "label": "Inscriptions p\u00e9dagogiques en PACES",
    "is_ccct": true,
    "degree_type": [
      14
    ],
    "n_rule": 46,
    "code_year": 2016,
    "is_eci": false,
    "is_edited": "N"
  }
},
{
  "model": "rules.rule",
  "pk": 130,
  "fields": {
    "is_in_use": true,
    "display_order": 10,
    "label": "Assiduit\u00e9",
    "is_ccct": true,
    "degree_type": [
      1,
      3,
      5,
      6,
      7,
      14,
      15,
      16,
      17,
      18,
      19
    ],
    "n_rule": 5,
    "code_year": 2016,
    "is_eci": true,
    "is_edited": "N"
  }
},
{
  "model": "rules.rule",
  "pk": 131,
  "fields": {
    "is_in_use": true,
    "display_order": 10,
    "label": "Assiduit\u00e9 en dipl\u00f4me d\u2019universit\u00e9",
    "is_ccct": true,
    "degree_type": [
      8
    ],
    "n_rule": 105,
    "code_year": 2016,
    "is_eci": true,
    "is_edited": "N"
  }
},
{
  "model": "rules.rule",
  "pk": 132,
  "fields": {
    "is_in_use": true,
    "display_order": 12,
    "label": "Validation d\u2019acquis en dipl\u00f4me d\u2019universit\u00e9",
    "is_ccct": true,
    "degree_type": [
      8
    ],
    "n_rule": 106,
    "code_year": 2016,
    "is_eci": true,
    "is_edited": "N"
  }
},
{
  "model": "rules.rule",
  "pk": 133,
  "fields": {
    "is_in_use": true,
    "display_order": 13,
    "label": "Validation d'acquis",
    "is_ccct": true,
    "degree_type": [
      3,
      4,
      5,
      6,
      7
    ],
    "n_rule": 6,
    "code_year": 2016,
    "is_eci": true,
    "is_edited": "N"
  }
},
{
  "model": "rules.rule",
  "pk": 134,
  "fields": {
    "is_in_use": true,
    "display_order": 13,
    "label": "Validation d'acquis en DAEU",
    "is_ccct": true,
    "degree_type": [
      1
    ],
    "n_rule": 47,
    "code_year": 2016,
    "is_eci": true,
    "is_edited": "N"
  }
},
{
  "model": "rules.rule",
  "pk": 135,
  "fields": {
    "is_in_use": true,
    "display_order": 14,
    "label": "Etudes accomplies \u00e0 l'\u00e9tranger",
    "is_ccct": true,
    "degree_type": [
      3,
      4,
      5,
      6,
      7,
      15,
      16,
      17,
      18,
      19
    ],
    "n_rule": 7,
    "code_year": 2016,
    "is_eci": true,
    "is_edited": "N"
  }
},
{
  "model": "rules.rule",
  "pk": 136,
  "fields": {
    "is_in_use": true,
    "display_order": 16,
    "label": "Notation des QCM, QRC et QCD",
    "is_ccct": true,
    "degree_type": [
      1,
      3,
      4,
      5,
      6,
      7,
      8,
      14,
      15,
      16,
      17,
      18,
      19
    ],
    "n_rule": 48,
    "code_year": 2016,
    "is_eci": true,
    "is_edited": "N"
  }
},
{
  "model": "rules.rule",
  "pk": 137,
  "fields": {
    "is_in_use": true,
    "display_order": 18,
    "label": "Stages",
    "is_ccct": true,
    "degree_type": [
      1,
      3,
      4,
      5,
      6,
      7,
      8,
      15,
      16,
      17,
      18,
      19
    ],
    "n_rule": 78,
    "code_year": 2016,
    "is_eci": true,
    "is_edited": "N"
  }
},
{
  "model": "rules.rule",
  "pk": 138,
  "fields": {
    "is_in_use": true,
    "display_order": 19,
    "label": "Cas particulier d\u2019un m\u00e9moire de recherche ou d\u2019un rapport de stage",
    "is_ccct": true,
    "degree_type": [
      7
    ],
    "n_rule": 8,
    "code_year": 2016,
    "is_eci": true,
    "is_edited": "N"
  }
},
{
  "model": "rules.rule",
  "pk": 139,
  "fields": {
    "is_in_use": true,
    "display_order": 19,
    "label": "Cas particulier d\u2019un m\u00e9moire de recherche ou d\u2019un rapport de stage en DU",
    "is_ccct": true,
    "degree_type": [
      8
    ],
    "n_rule": 107,
    "code_year": 2016,
    "is_eci": true,
    "is_edited": "N"
  }
},
{
  "model": "rules.rule",
  "pk": 140,
  "fields": {
    "is_in_use": true,
    "display_order": 20,
    "label": "Jurys",
    "is_ccct": true,
    "degree_type": [
      3,
      4,
      5,
      6,
      7,
      8,
      15,
      16,
      17,
      18,
      19
    ],
    "n_rule": 9,
    "code_year": 2016,
    "is_eci": true,
    "is_edited": "N"
  }
},
{
  "model": "rules.rule",
  "pk": 141,
  "fields": {
    "is_in_use": true,
    "display_order": 20,
    "label": "Jury du DAEU",
    "is_ccct": true,
    "degree_type": [
      1
    ],
    "n_rule": 51,
    "code_year": 2016,
    "is_eci": true,
    "is_edited": "N"
  }
},
{
  "model": "rules.rule",
  "pk": 142,
  "fields": {
    "is_in_use": true,
    "display_order": 21,
    "label": "Jurys des certificats de sant\u00e9",
    "is_ccct": true,
    "degree_type": [
      16
    ],
    "n_rule": 52,
    "code_year": 2016,
    "is_eci": false,
    "is_edited": "N"
  }
},
{
  "model": "rules.rule",
  "pk": 143,
  "fields": {
    "is_in_use": true,
    "display_order": 21,
    "label": "Th\u00e8se d'exercice en vue du DE de docteur en pharmacie",
    "is_ccct": true,
    "degree_type": [
      17
    ],
    "n_rule": 53,
    "code_year": 2016,
    "is_eci": false,
    "is_edited": "N"
  }
},
{
  "model": "rules.rule",
  "pk": 144,
  "fields": {
    "is_in_use": true,
    "display_order": 21,
    "label": "Th\u00e8se d'exercice en vue du DE de docteur en m\u00e9decine",
    "is_ccct": true,
    "degree_type": [
      19
    ],
    "n_rule": 54,
    "code_year": 2016,
    "is_eci": false,
    "is_edited": "N"
  }
},
{
  "model": "rules.rule",
  "pk": 145,
  "fields": {
    "is_in_use": true,
    "display_order": 21,
    "label": "Th\u00e8se d'exercice en vue du DE de docteur en chirurgie dentaire",
    "is_ccct": true,
    "degree_type": [
      18
    ],
    "n_rule": 55,
    "code_year": 2016,
    "is_eci": false,
    "is_edited": "N"
  }
},
{
  "model": "rules.rule",
  "pk": 146,
  "fields": {
    "is_in_use": true,
    "display_order": 21,
    "label": "Jury du DUT",
    "is_ccct": true,
    "degree_type": [
      3
    ],
    "n_rule": 56,
    "code_year": 2016,
    "is_eci": true,
    "is_edited": "N"
  }
},
{
  "model": "rules.rule",
  "pk": 147,
  "fields": {
    "is_in_use": true,
    "display_order": 21,
    "label": "Jurys du DEUST",
    "is_ccct": true,
    "degree_type": [
      4
    ],
    "n_rule": 77,
    "code_year": 2016,
    "is_eci": true,
    "is_edited": "N"
  }
},
{
  "model": "rules.rule",
  "pk": 148,
  "fields": {
    "is_in_use": true,
    "display_order": 25,
    "label": "Compensation",
    "is_ccct": true,
    "degree_type": [
      1,
      3,
      5,
      7
    ],
    "n_rule": 10,
    "code_year": 2016,
    "is_eci": true,
    "is_edited": "N"
  }
},
{
  "model": "rules.rule",
  "pk": 149,
  "fields": {
    "is_in_use": true,
    "display_order": 25,
    "label": "Compensation en dipl\u00f4me d\u2019universit\u00e9",
    "is_ccct": true,
    "degree_type": [
      8
    ],
    "n_rule": 108,
    "code_year": 2016,
    "is_eci": true,
    "is_edited": "N"
  }
},
{
  "model": "rules.rule",
  "pk": 150,
  "fields": {
    "is_in_use": true,
    "display_order": 26,
    "label": "Compensation en licence ",
    "is_ccct": true,
    "degree_type": [
      5
    ],
    "n_rule": 11,
    "code_year": 2016,
    "is_eci": true,
    "is_edited": "N"
  }
},
{
  "model": "rules.rule",
  "pk": 151,
  "fields": {
    "is_in_use": true,
    "display_order": 26,
    "label": "Compensation en master",
    "is_ccct": true,
    "degree_type": [
      7
    ],
    "n_rule": 12,
    "code_year": 2016,
    "is_eci": true,
    "is_edited": "N"
  }
},
{
  "model": "rules.rule",
  "pk": 152,
  "fields": {
    "is_in_use": true,
    "display_order": 26,
    "label": "Compensation en licence professionnelle",
    "is_ccct": true,
    "degree_type": [
      6
    ],
    "n_rule": 57,
    "code_year": 2016,
    "is_eci": true,
    "is_edited": "N"
  }
},
{
  "model": "rules.rule",
  "pk": 153,
  "fields": {
    "is_in_use": true,
    "display_order": 26,
    "label": "Compensation en DEUST",
    "is_ccct": true,
    "degree_type": [
      4
    ],
    "n_rule": 58,
    "code_year": 2016,
    "is_eci": true,
    "is_edited": "N"
  }
},
{
  "model": "rules.rule",
  "pk": 154,
  "fields": {
    "is_in_use": true,
    "display_order": 26,
    "label": "Compensation en DAEU (r\u00e9gime CC/CT)",
    "is_ccct": true,
    "degree_type": [
      1
    ],
    "n_rule": 59,
    "code_year": 2016,
    "is_eci": false,
    "is_edited": "N"
  }
},
{
  "model": "rules.rule",
  "pk": 155,
  "fields": {
    "is_in_use": true,
    "display_order": 26,
    "label": "Compensation en DAEU (r\u00e9gime ECI)",
    "is_ccct": false,
    "degree_type": [
      1
    ],
    "n_rule": 60,
    "code_year": 2016,
    "is_eci": true,
    "is_edited": "N"
  }
},
{
  "model": "rules.rule",
  "pk": 156,
  "fields": {
    "is_in_use": true,
    "display_order": 26,
    "label": "Compensation en DUT",
    "is_ccct": true,
    "degree_type": [
      3
    ],
    "n_rule": 61,
    "code_year": 2016,
    "is_eci": true,
    "is_edited": "N"
  }
},
{
  "model": "rules.rule",
  "pk": 157,
  "fields": {
    "is_in_use": true,
    "display_order": 26,
    "label": "Compensation en DFG, DFA et DE",
    "is_ccct": true,
    "degree_type": [
      15,
      16,
      17,
      18,
      19
    ],
    "n_rule": 62,
    "code_year": 2016,
    "is_eci": true,
    "is_edited": "N"
  }
},
{
  "model": "rules.rule",
  "pk": 158,
  "fields": {
    "is_in_use": true,
    "display_order": 30,
    "label": "Calcul de la moyenne g\u00e9n\u00e9rale en licence",
    "is_ccct": true,
    "degree_type": [
      5,
      6
    ],
    "n_rule": 13,
    "code_year": 2016,
    "is_eci": true,
    "is_edited": "N"
  }
},
{
  "model": "rules.rule",
  "pk": 159,
  "fields": {
    "is_in_use": true,
    "display_order": 30,
    "label": "Calcul de la moyenne g\u00e9n\u00e9rale",
    "is_ccct": true,
    "degree_type": [
      3,
      7
    ],
    "n_rule": 14,
    "code_year": 2016,
    "is_eci": true,
    "is_edited": "N"
  }
},
{
  "model": "rules.rule",
  "pk": 160,
  "fields": {
    "is_in_use": true,
    "display_order": 30,
    "label": "Calcul de la moyenne g\u00e9n\u00e9rale en DEUST",
    "is_ccct": true,
    "degree_type": [
      4
    ],
    "n_rule": 63,
    "code_year": 2016,
    "is_eci": true,
    "is_edited": "N"
  }
},
{
  "model": "rules.rule",
  "pk": 161,
  "fields": {
    "is_in_use": true,
    "display_order": 30,
    "label": "Classement et validation en PACES",
    "is_ccct": true,
    "degree_type": [
      14
    ],
    "n_rule": 64,
    "code_year": 2016,
    "is_eci": false,
    "is_edited": "N"
  }
},
{
  "model": "rules.rule",
  "pk": 162,
  "fields": {
    "is_in_use": true,
    "display_order": 30,
    "label": "Validation du DFG",
    "is_ccct": true,
    "degree_type": [
      15
    ],
    "n_rule": 65,
    "code_year": 2016,
    "is_eci": false,
    "is_edited": "N"
  }
},
{
  "model": "rules.rule",
  "pk": 163,
  "fields": {
    "is_in_use": true,
    "display_order": 30,
    "label": "Validation du DFA",
    "is_ccct": true,
    "degree_type": [
      16
    ],
    "n_rule": 66,
    "code_year": 2016,
    "is_eci": false,
    "is_edited": "N"
  }
},
{
  "model": "rules.rule",
  "pk": 164,
  "fields": {
    "is_in_use": true,
    "display_order": 30,
    "label": "Validation du dipl\u00f4me de Docteur",
    "is_ccct": true,
    "degree_type": [
      17,
      18,
      19
    ],
    "n_rule": 67,
    "code_year": 2016,
    "is_eci": false,
    "is_edited": "N"
  }
},
{
  "model": "rules.rule",
  "pk": 165,
  "fields": {
    "is_in_use": true,
    "display_order": 30,
    "label": "Calcul de la moyenne g\u00e9n\u00e9rale en dipl\u00f4me d\u2019universit\u00e9",
    "is_ccct": true,
    "degree_type": [
      8
    ],
    "n_rule": 109,
    "code_year": 2016,
    "is_eci": true,
    "is_edited": "N"
  }
},
{
  "model": "rules.rule",
  "pk": 166,
  "fields": {
    "is_in_use": true,
    "display_order": 31,
    "label": "Equivalences et mentions",
    "is_ccct": true,
    "degree_type": [
      3,
      4,
      7
    ],
    "n_rule": 15,
    "code_year": 2016,
    "is_eci": true,
    "is_edited": "N"
  }
},
{
  "model": "rules.rule",
  "pk": 167,
  "fields": {
    "is_in_use": true,
    "display_order": 35,
    "label": "Dipl\u00f4me interm\u00e9diaire de DEUG",
    "is_ccct": true,
    "degree_type": [
      5,
      6
    ],
    "n_rule": 16,
    "code_year": 2016,
    "is_eci": true,
    "is_edited": "N"
  }
},
{
  "model": "rules.rule",
  "pk": 168,
  "fields": {
    "is_in_use": true,
    "display_order": 35,
    "label": "Dipl\u00f4me interm\u00e9diaire de ma\u00eetrise",
    "is_ccct": true,
    "degree_type": [
      7
    ],
    "n_rule": 17,
    "code_year": 2016,
    "is_eci": true,
    "is_edited": "N"
  }
},
{
  "model": "rules.rule",
  "pk": 169,
  "fields": {
    "is_in_use": true,
    "display_order": 40,
    "label": "Conservation d'une note d'une ann\u00e9e sur l'autre",
    "is_ccct": true,
    "degree_type": [
      3,
      4,
      5,
      6,
      7,
      8,
      15,
      16,
      17,
      18,
      19
    ],
    "n_rule": 18,
    "code_year": 2016,
    "is_eci": true,
    "is_edited": "N"
  }
},
{
  "model": "rules.rule",
  "pk": 170,
  "fields": {
    "is_in_use": true,
    "display_order": 40,
    "label": "Conservation d'une note d'une ann\u00e9e sur l'autre en PACES",
    "is_ccct": true,
    "degree_type": [
      14
    ],
    "n_rule": 68,
    "code_year": 2016,
    "is_eci": false,
    "is_edited": "N"
  }
},
{
  "model": "rules.rule",
  "pk": 171,
  "fields": {
    "is_in_use": true,
    "display_order": 41,
    "label": "Capitalisation",
    "is_ccct": true,
    "degree_type": [
      1,
      4,
      5,
      6,
      7,
      15,
      16,
      17,
      18,
      19
    ],
    "n_rule": 19,
    "code_year": 2016,
    "is_eci": true,
    "is_edited": "N"
  }
},
{
  "model": "rules.rule",
  "pk": 172,
  "fields": {
    "is_in_use": true,
    "display_order": 41,
    "label": "Capitalisation en licence professionnelle",
    "is_ccct": true,
    "degree_type": [
      6
    ],
    "n_rule": 69,
    "code_year": 2016,
    "is_eci": true,
    "is_edited": "N"
  }
},
{
  "model": "rules.rule",
  "pk": 173,
  "fields": {
    "is_in_use": true,
    "display_order": 41,
    "label": "Capitalisation en DUT",
    "is_ccct": true,
    "degree_type": [
      3
    ],
    "n_rule": 70,
    "code_year": 2016,
    "is_eci": true,
    "is_edited": "N"
  }
},
{
  "model": "rules.rule",
  "pk": 174,
  "fields": {
    "is_in_use": true,
    "display_order": 41,
    "label": "Capitalisation en dipl\u00f4me d\u2019universit\u00e9",
    "is_ccct": true,
    "degree_type": [
      8
    ],
    "n_rule": 110,
    "code_year": 2016,
    "is_eci": true,
    "is_edited": "N"
  }
},
{
  "model": "rules.rule",
  "pk": 175,
  "fields": {
    "is_in_use": true,
    "display_order": 45,
    "label": "Sessions d'examens",
    "is_ccct": true,
    "degree_type": [
      5,
      6,
      15,
      16,
      17,
      18,
      19
    ],
    "n_rule": 20,
    "code_year": 2016,
    "is_eci": true,
    "is_edited": "N"
  }
},
{
  "model": "rules.rule",
  "pk": 176,
  "fields": {
    "is_in_use": true,
    "display_order": 45,
    "label": "Session d'examen en PACES",
    "is_ccct": true,
    "degree_type": [
      14
    ],
    "n_rule": 71,
    "code_year": 2016,
    "is_eci": false,
    "is_edited": "N"
  }
},
{
  "model": "rules.rule",
  "pk": 177,
  "fields": {
    "is_in_use": true,
    "display_order": 46,
    "label": "Session de rattrapage",
    "is_ccct": true,
    "degree_type": [
      1,
      3,
      7,
      8
    ],
    "n_rule": 21,
    "code_year": 2016,
    "is_eci": true,
    "is_edited": "N"
  }
},
{
  "model": "rules.rule",
  "pk": 178,
  "fields": {
    "is_in_use": true,
    "display_order": 46,
    "label": "Session de rattrapage en DEUST",
    "is_ccct": true,
    "degree_type": [
      4
    ],
    "n_rule": 73,
    "code_year": 2016,
    "is_eci": true,
    "is_edited": "N"
  }
},
{
  "model": "rules.rule",
  "pk": 179,
  "fields": {
    "is_in_use": true,
    "display_order": 47,
    "label": "Epreuves de la session de rattrapage en licence (CC/CT)",
    "is_ccct": true,
    "degree_type": [
      5,
      6
    ],
    "n_rule": 72,
    "code_year": 2016,
    "is_eci": false,
    "is_edited": "N"
  }
},
{
  "model": "rules.rule",
  "pk": 180,
  "fields": {
    "is_in_use": true,
    "display_order": 47,
    "label": "Epreuves de la session de rattrapage (CC/CT)",
    "is_ccct": true,
    "degree_type": [
      1,
      3,
      4,
      7,
      8
    ],
    "n_rule": 74,
    "code_year": 2016,
    "is_eci": false,
    "is_edited": "N"
  }
},
{
  "model": "rules.rule",
  "pk": 181,
  "fields": {
    "is_in_use": true,
    "display_order": 50,
    "label": "Evaluation continue int\u00e9grale - principes directeurs",
    "is_ccct": false,
    "degree_type": [
      1,
      3,
      4,
      5,
      6,
      7
    ],
    "n_rule": 22,
    "code_year": 2016,
    "is_eci": true,
    "is_edited": "N"
  }
},
{
  "model": "rules.rule",
  "pk": 182,
  "fields": {
    "is_in_use": true,
    "display_order": 51,
    "label": "Organisation de l'\u00e9valuation continue int\u00e9grale",
    "is_ccct": false,
    "degree_type": [
      1,
      3,
      4,
      5,
      6,
      7
    ],
    "n_rule": 23,
    "code_year": 2016,
    "is_eci": true,
    "is_edited": "N"
  }
},
{
  "model": "rules.rule",
  "pk": 183,
  "fields": {
    "is_in_use": true,
    "display_order": 52,
    "label": "Nombre d'\u00e9valuations par UE",
    "is_ccct": false,
    "degree_type": [
      1,
      3,
      5,
      6,
      7
    ],
    "n_rule": 24,
    "code_year": 2016,
    "is_eci": true,
    "is_edited": "N"
  }
},
{
  "model": "rules.rule",
  "pk": 184,
  "fields": {
    "is_in_use": true,
    "display_order": 53,
    "label": "Modalit\u00e9s de correction des \u00e9valuations et de restitution p\u00e9dagogique aux \u00e9tudiants",
    "is_ccct": false,
    "degree_type": [
      1,
      3,
      4,
      5,
      6,
      7,
      8
    ],
    "n_rule": 25,
    "code_year": 2016,
    "is_eci": true,
    "is_edited": "N"
  }
},
{
  "model": "rules.rule",
  "pk": 185,
  "fields": {
    "is_in_use": true,
    "display_order": 54,
    "label": "Absence aux \u00e9preuves avec convocation",
    "is_ccct": false,
    "degree_type": [
      1,
      3,
      4,
      5,
      6,
      7,
      8
    ],
    "n_rule": 26,
    "code_year": 2016,
    "is_eci": true,
    "is_edited": "N"
  }
},
{
  "model": "rules.rule",
  "pk": 186,
  "fields": {
    "is_in_use": true,
    "display_order": 55,
    "label": "Absence aux \u00e9preuves sans convocation",
    "is_ccct": false,
    "degree_type": [
      1,
      3,
      4,
      5,
      6,
      7,
      8
    ],
    "n_rule": 27,
    "code_year": 2016,
    "is_eci": true,
    "is_edited": "N"
  }
},
{
  "model": "rules.rule",
  "pk": 187,
  "fields": {
    "is_in_use": true,
    "display_order": 56,
    "label": "Session de rattrapage en ECI",
    "is_ccct": false,
    "degree_type": [
      1,
      3,
      4,
      5,
      6,
      7,
      8
    ],
    "n_rule": 28,
    "code_year": 2016,
    "is_eci": true,
    "is_edited": "N"
  }
},
{
  "model": "rules.rule",
  "pk": 188,
  "fields": {
    "is_in_use": true,
    "display_order": 71,
    "label": "Absence aux \u00e9preuves terminales",
    "is_ccct": true,
    "degree_type": [
      1,
      3,
      4,
      5,
      6,
      7,
      8,
      15,
      16,
      17,
      18,
      19
    ],
    "n_rule": 29,
    "code_year": 2016,
    "is_eci": false,
    "is_edited": "N"
  }
},
{
  "model": "rules.rule",
  "pk": 189,
  "fields": {
    "is_in_use": true,
    "display_order": 71,
    "label": "Absence aux \u00e9preuves du concours de PACES",
    "is_ccct": true,
    "degree_type": [
      14
    ],
    "n_rule": 75,
    "code_year": 2016,
    "is_eci": false,
    "is_edited": "N"
  }
},
{
  "model": "rules.rule",
  "pk": 190,
  "fields": {
    "is_in_use": true,
    "display_order": 72,
    "label": "Absence aux \u00e9preuves de contr\u00f4le continu",
    "is_ccct": true,
    "degree_type": [
      1,
      3,
      4,
      5,
      6,
      7,
      8,
      15,
      16,
      17,
      18,
      19
    ],
    "n_rule": 30,
    "code_year": 2016,
    "is_eci": false,
    "is_edited": "N"
  }
},
{
  "model": "rules.rule",
  "pk": 191,
  "fields": {
    "is_in_use": true,
    "display_order": 74,
    "label": "Organisation des \u00e9preuves",
    "is_ccct": true,
    "degree_type": [
      1,
      3,
      4,
      5,
      6,
      7,
      8,
      15,
      16,
      17,
      18,
      19
    ],
    "n_rule": 31,
    "code_year": 2016,
    "is_eci": false,
    "is_edited": "N"
  }
},
{
  "model": "rules.rule",
  "pk": 192,
  "fields": {
    "is_in_use": true,
    "display_order": 75,
    "label": "Anonymat des \u00e9preuves",
    "is_ccct": true,
    "degree_type": [
      7,
      14,
      15,
      16,
      17,
      18,
      19
    ],
    "n_rule": 32,
    "code_year": 2016,
    "is_eci": false,
    "is_edited": "N"
  }
},
{
  "model": "rules.rule",
  "pk": 193,
  "fields": {
    "is_in_use": true,
    "display_order": 80,
    "label": "Report de note de la session principale \u00e0 la session de rattrapage en licence",
    "is_ccct": true,
    "degree_type": [
      5,
      6
    ],
    "n_rule": 33,
    "code_year": 2016,
    "is_eci": false,
    "is_edited": "N"
  }
},
{
  "model": "rules.rule",
  "pk": 194,
  "fields": {
    "is_in_use": true,
    "display_order": 80,
    "label": "Report de note de la session principale \u00e0 la session de rattrapage en DFG et DFA",
    "is_ccct": true,
    "degree_type": [
      15,
      16
    ],
    "n_rule": 76,
    "code_year": 2016,
    "is_eci": false,
    "is_edited": "N"
  }
},
{
  "model": "rules.rule",
  "pk": 195,
  "fields": {
    "is_in_use": true,
    "display_order": 80,
    "label": "Report de note de la session principale \u00e0 la session de rattrapage",
    "is_ccct": true,
    "degree_type": [
      1,
      3,
      4,
      7,
      8,
      15,
      16,
      17,
      18,
      19
    ],
    "n_rule": 111,
    "code_year": 2016,
    "is_eci": false,
    "is_edited": "N"
  }
},
{
  "model": "rules.rule",
  "pk": 196,
  "fields": {
    "is_in_use": true,
    "display_order": 999,
    "label": "R\u00e8gle(s) additionnelle(s)",
    "is_ccct": true,
    "degree_type": [
      1,
      3,
      4,
      5,
      6,
      7,
      8,
      14,
      15,
      16,
      17,
      18,
      19
    ],
    "n_rule": 79,
    "code_year": 2016,
    "is_eci": true,
    "is_edited": "N"
  }
},
{
  "model": "rules.paragraph",
  "pk": 3,
  "fields": {
    "is_in_use": true,
    "is_interaction": false,
    "display_order": 1,
    "text_motiv": "",
    "text_derog": "",
    "rule": [
      34,
      114
    ],
    "code_year": 2015,
    "text_standard": "<p>Le DAEU ne peut &ecirc;tre accord&eacute; qu&rsquo;aux &eacute;tudiants ne justifiant pas du baccalaur&eacute;at ou d&rsquo;un titre admis en dispense ou ne b&eacute;n&eacute;ficiant pas de la proc&eacute;dure de validation d&rsquo;acquis institu&eacute;e par le d&eacute;cret du 23 ao&ucirc;t 1985.</p>\r\n"
  }
},
{
  "model": "rules.paragraph",
  "pk": 5,
  "fields": {
    "is_in_use": true,
    "is_interaction": false,
    "display_order": 1,
    "text_motiv": "",
    "text_derog": "",
    "rule": [
      1,
      112
    ],
    "code_year": 2015,
    "text_standard": "<p>Tout &eacute;tudiant peut acqu&eacute;rir les unit&eacute;s d&rsquo;enseignement constitutives de son cursus, de mani&egrave;re progressive, ann&eacute;e apr&egrave;s ann&eacute;e, quelle que soit ce nombre d&rsquo;ann&eacute;e.</p>\r\n"
  }
},
{
  "model": "rules.paragraph",
  "pk": 8,
  "fields": {
    "is_in_use": true,
    "is_interaction": false,
    "display_order": 2,
    "text_motiv": "",
    "text_derog": "",
    "rule": [
      1,
      112
    ],
    "code_year": 2015,
    "text_standard": "<p>La progression de l&rsquo;&eacute;tudiant se fait conform&eacute;ment &agrave; la maquette de la formation suivie &agrave; concurrence de 30 cr&eacute;dits ECTS pour chaque semestre.</p>\r\n"
  }
},
{
  "model": "rules.paragraph",
  "pk": 9,
  "fields": {
    "is_in_use": true,
    "is_interaction": true,
    "display_order": 3,
    "text_motiv": "<p>Merci d&rsquo;indiquer, pour les conseils &eacute;lus, les motifs de votre demande.</p>\r\n",
    "text_derog": "<p>Vous souhaitez demander une d&eacute;rogation pour cet alin&eacute;a.&nbsp;</p>\r\n\r\n<p>Merci de reprendre le passage pour le modifier ou y substituer le texte de l&#39;alin&eacute;a que vous souhaitez voir valider pour votre formation. <em>N&rsquo;oubliez pas de d&eacute;tailler, le cas &eacute;ch&eacute;ant, les enseignements auxquels s&rsquo;appliquent votre alin&eacute;a, et les conditions et les crit&egrave;res d&rsquo;application, ou tout autre &eacute;l&eacute;ment pertinent.</em></p>\r\n",
    "rule": [
      1,
      112
    ],
    "code_year": 2015,
    "text_standard": "<p>Pour acc&eacute;der &agrave; l&rsquo;ann&eacute;e sup&eacute;rieure, l&rsquo;&eacute;tudiant doit avoir valid&eacute; les deux semestres de l&rsquo;ann&eacute;e en cours.</p>\r\n\r\n<p>Toutefois un &eacute;tudiant n&rsquo;ayant pas valid&eacute; son ann&eacute;e, mais <strong>ayant acquis au moins 24 cr&eacute;dits ECTS sur 30 pour chacun des deux semestres,</strong> est autoris&eacute; &agrave; s&rsquo;inscrire en ann&eacute;e sup&eacute;rieure. L&rsquo;acquisition des &eacute;l&eacute;ments en dette dans l&rsquo;ann&eacute;e non valid&eacute;e est prioritaire.</p>\r\n"
  }
},
{
  "model": "rules.paragraph",
  "pk": 10,
  "fields": {
    "is_in_use": true,
    "is_interaction": false,
    "display_order": 4,
    "text_motiv": "",
    "text_derog": "",
    "rule": [
      1,
      112
    ],
    "code_year": 2015,
    "text_standard": "<p>Par d&eacute;rogation aux principes &eacute;nonc&eacute;s ci-dessus, l&rsquo;&eacute;tudiant n&rsquo;ayant pas valid&eacute; son ann&eacute;e peut &ecirc;tre autoris&eacute; &agrave; suivre par anticipation des &eacute;l&eacute;ments p&eacute;dagogiques de l&rsquo;ann&eacute;e sup&eacute;rieure. Il reste exclusivement inscrit dans l&rsquo;ann&eacute;e non valid&eacute;e, et les &eacute;l&eacute;ments p&eacute;dagogiques suivis dans l&rsquo;ann&eacute;e sup&eacute;rieure font l&rsquo;objet d&rsquo;un contrat sign&eacute; par le responsable p&eacute;dagogique et par l&rsquo;&eacute;tudiant. Dans ce cas, la somme totale en ECTS des UE suivies ne pourra pas, par d&eacute;faut, exc&eacute;der 30 ECTS par semestre. Le responsable p&eacute;dagogique informe le service de scolarit&eacute; des contrats &eacute;tablis. Lors de son inscription p&eacute;dagogique, l&rsquo;&eacute;tudiant pr&eacute;sente obligatoirement le contrat p&eacute;dagogique sign&eacute;.</p>\r\n"
  }
},
{
  "model": "rules.paragraph",
  "pk": 11,
  "fields": {
    "is_in_use": true,
    "is_interaction": false,
    "display_order": 5,
    "text_motiv": "",
    "text_derog": "",
    "rule": [
      1,
      112
    ],
    "code_year": 2015,
    "text_standard": "<p>Un &eacute;tudiant ne peut en aucun cas &ecirc;tre inscrit en troisi&egrave;me ann&eacute;e de licence s&rsquo;il n&rsquo;a pas valid&eacute; la premi&egrave;re ann&eacute;e de licence.</p>\r\n"
  }
},
{
  "model": "rules.paragraph",
  "pk": 12,
  "fields": {
    "is_in_use": true,
    "is_interaction": false,
    "display_order": 1,
    "text_motiv": "",
    "text_derog": "",
    "rule": [
      2,
      113
    ],
    "code_year": 2015,
    "text_standard": "<p>L&rsquo;acc&egrave;s en premi&egrave;re ann&eacute;e de Master en vue d&rsquo;obtenir les 60 premiers cr&eacute;dits est de droit pour l&rsquo;&eacute;tudiant titulaire de la licence dans un domaine compatible.</p>\r\n"
  }
},
{
  "model": "rules.paragraph",
  "pk": 13,
  "fields": {
    "is_in_use": true,
    "is_interaction": false,
    "display_order": 2,
    "text_motiv": "",
    "text_derog": "",
    "rule": [
      2,
      113
    ],
    "code_year": 2015,
    "text_standard": "<p>L&rsquo;admission en 2&egrave;me ann&eacute;e de master est prononc&eacute;e par le pr&eacute;sident sur proposition de la commission p&eacute;dagogique comp&eacute;tente pour la formation, sous r&eacute;serve d&rsquo;avoir valid&eacute; les 60 premiers cr&eacute;dits correspondant aux deux semestres de la premi&egrave;re ann&eacute;e de master.</p>\r\n"
  }
},
{
  "model": "rules.paragraph",
  "pk": 14,
  "fields": {
    "is_in_use": true,
    "is_interaction": true,
    "display_order": 3,
    "text_motiv": "<p>Merci d&rsquo;indiquer, pour les conseils &eacute;lus, les motifs de votre demande.</p>\r\n",
    "text_derog": "<p>Vous souhaitez demander une d&eacute;rogation pour cet alin&eacute;a.</p>\r\n\r\n<p>Merci de reprendre le passage pour le modifier ou y substituer le texte de l&rsquo;alin&eacute;a que vous souhaitez voir valider pour votre formation. <em>N&rsquo;oubliez pas de d&eacute;tailler, le cas &eacute;ch&eacute;ant, les enseignements auxquels s&rsquo;appliquent votre alin&eacute;a, et les conditions et les crit&egrave;res d&rsquo;application, ou tout autre &eacute;l&eacute;ment pertinent.</em></p>\r\n",
    "rule": [
      2,
      113
    ],
    "code_year": 2015,
    "text_standard": "<p><strong>L&rsquo;&eacute;tudiant n&rsquo;ayant pas valid&eacute; sa premi&egrave;re ann&eacute;e de master peut exceptionnellement &ecirc;tre autoris&eacute; &agrave; suivre des &eacute;l&eacute;ments p&eacute;dagogiques de la deuxi&egrave;me ann&eacute;e. Il reste exclusivement inscrit dans la premi&egrave;re ann&eacute;e non valid&eacute;e. Cette autorisation ne pr&eacute;juge pas de la d&eacute;cision d&rsquo;admission en deuxi&egrave;me ann&eacute;e de master. </strong></p>\r\n"
  }
},
{
  "model": "rules.paragraph",
  "pk": 15,
  "fields": {
    "is_in_use": true,
    "is_interaction": false,
    "display_order": 4,
    "text_motiv": "",
    "text_derog": "",
    "rule": [
      2,
      113
    ],
    "code_year": 2015,
    "text_standard": "<p>Deux inscriptions sont autoris&eacute;es en premi&egrave;re ann&eacute;e de Master.</p>\r\n\r\n<p>La limitation &agrave; deux inscriptions n&rsquo;est pas opposable aux &eacute;tudiants qui, ayant obtenu un Master, souhaitent acqu&eacute;rir des comp&eacute;tences compl&eacute;mentaires dans d&rsquo;autres Masters habilit&eacute;s.</p>\r\n\r\n<p>Lorsqu&rsquo;un &eacute;tudiant est d&eacute;clar&eacute; ajourn&eacute; au Master, le jury de Master peut l&rsquo;autoriser &agrave; se r&eacute;inscrire en deuxi&egrave;me ann&eacute;e de Master.</p>\r\n"
  }
},
{
  "model": "rules.paragraph",
  "pk": 16,
  "fields": {
    "is_in_use": true,
    "is_interaction": false,
    "display_order": 2,
    "text_motiv": "",
    "text_derog": "",
    "rule": [
      34,
      114
    ],
    "code_year": 2015,
    "text_standard": "<p>L&rsquo;&eacute;tudiant peut acqu&eacute;rir les UE constitutives du DAEU dans un d&eacute;lai ne pouvant exc&eacute;der quatre ann&eacute;es entre la premi&egrave;re inscription au dipl&ocirc;me et l&rsquo;obtention de celui-ci. Pour le calcul de cette dur&eacute;e, les inscriptions prises aupr&egrave;s d&rsquo;universit&eacute;s diff&eacute;rentes se cumulent. Un candidat ne peut s&rsquo;inscrire &agrave; la formation que dans un seul &eacute;tablissement chaque ann&eacute;e.</p>\r\n"
  }
},
{
  "model": "rules.paragraph",
  "pk": 17,
  "fields": {
    "is_in_use": true,
    "is_interaction": false,
    "display_order": 3,
    "text_motiv": "",
    "text_derog": "",
    "rule": [
      34,
      114
    ],
    "code_year": 2015,
    "text_standard": "<p>Dans le cadre de l&rsquo;examen terminal, lors de sessions annuelles successives, les &eacute;preuves subis avec succ&egrave;s dans le premier &eacute;tablissement sont valid&eacute;es par d&eacute;cision du pr&eacute;sent de l&rsquo;universit&eacute;.</p>\r\n"
  }
},
{
  "model": "rules.paragraph",
  "pk": 18,
  "fields": {
    "is_in_use": true,
    "is_interaction": false,
    "display_order": 4,
    "text_motiv": "",
    "text_derog": "",
    "rule": [
      34,
      114
    ],
    "code_year": 2015,
    "text_standard": "<p>A titre exceptionnel, un d&eacute;lai suppl&eacute;mentaire d&rsquo;une ann&eacute;e peut &ecirc;tre accord&eacute; par le pr&eacute;sident de l&rsquo;universit&eacute;, en cas de demande d&rsquo;inscription &agrave; l&rsquo;Universit&eacute; de Strasbourg</p>\r\n"
  }
},
{
  "model": "rules.paragraph",
  "pk": 19,
  "fields": {
    "is_in_use": true,
    "is_interaction": false,
    "display_order": 1,
    "text_motiv": "",
    "text_derog": "",
    "rule": [
      35,
      115
    ],
    "code_year": 2015,
    "text_standard": "<p>La validation de chaque UE et de chaque semestre emporte l&rsquo;acquisition des cr&eacute;dits europ&eacute;ens correspondants.</p>\r\n"
  }
},
{
  "model": "rules.paragraph",
  "pk": 20,
  "fields": {
    "is_in_use": true,
    "is_interaction": false,
    "display_order": 2,
    "text_motiv": "",
    "text_derog": "",
    "rule": [
      35,
      115
    ],
    "code_year": 2015,
    "text_standard": "<p>La poursuite d&rsquo;&eacute;tudes dans un nouveau semestre est de droit pour tout &eacute;tudiant &agrave; qui ne manque au maximum que la validation d&rsquo;un seul semestre de son cursus.</p>\r\n"
  }
},
{
  "model": "rules.paragraph",
  "pk": 21,
  "fields": {
    "is_in_use": true,
    "is_interaction": false,
    "display_order": 3,
    "text_motiv": "",
    "text_derog": "",
    "rule": [
      35,
      115
    ],
    "code_year": 2015,
    "text_standard": "<p style=\"margin-left:1.85pt\">Le redoublement est de droit dans les cas o&ugrave;&nbsp;:</p>\r\n\r\n<ul>\r\n\t<li>L&rsquo;&eacute;tudiant a obtenu la moyenne g&eacute;n&eacute;rale mais pas une moyenne au moins &eacute;gale &agrave; 8/20 &agrave; chaque UE et/ou la validation des semestres pr&eacute;c&eacute;dents, lorsqu&rsquo;ils existent&nbsp;;</li>\r\n\t<li>L&rsquo;&eacute;tudiant a b&eacute;n&eacute;fici&eacute; d&rsquo;une compensation gr&acirc;ce &agrave; l&rsquo;un des deux semestres de l&rsquo;ann&eacute;e universitaire pour pouvoir la valider.</li>\r\n</ul>\r\n"
  }
},
{
  "model": "rules.paragraph",
  "pk": 22,
  "fields": {
    "is_in_use": true,
    "is_interaction": false,
    "display_order": 4,
    "text_motiv": "",
    "text_derog": "",
    "rule": [
      35,
      115
    ],
    "code_year": 2015,
    "text_standard": "<p>En outre, l&rsquo;&eacute;tudiant peut &ecirc;tre autoris&eacute; &agrave; redoubler par d&eacute;cision du directeur de l&#39;IUT, sur proposition du jury d&rsquo;ann&eacute;e ou du jury de dipl&ocirc;me.</p>\r\n"
  }
},
{
  "model": "rules.paragraph",
  "pk": 23,
  "fields": {
    "is_in_use": true,
    "is_interaction": false,
    "display_order": 5,
    "text_motiv": "",
    "text_derog": "",
    "rule": [
      35,
      115
    ],
    "code_year": 2015,
    "text_standard": "<p style=\"margin-left:1.85pt\">Durant la totalit&eacute; du cursus conduisant &agrave; la d&eacute;livrance du DUT, l&rsquo;&eacute;tudiant ne peut &ecirc;tre autoris&eacute; &agrave; redoubler plus de deux semestres. En cas de force majeur d&ucirc;ment justifi&eacute;e et appr&eacute;ci&eacute;e par le directeur de l&rsquo;IUT, un redoublement suppl&eacute;mentaire peut &ecirc;tre autoris&eacute;.</p>\r\n\r\n<p>La d&eacute;cision d&eacute;finitive refusant l&rsquo;autorisation de redoubler est prise apr&egrave;s avoir entendu l&rsquo;&eacute;tudiant &agrave; sa demande. Elle doit &ecirc;tre motiv&eacute;e et assortie de conseils d&rsquo;orientation.</p>\r\n"
  }
},
{
  "model": "rules.paragraph",
  "pk": 24,
  "fields": {
    "is_in_use": true,
    "is_interaction": false,
    "display_order": 1,
    "text_motiv": "",
    "text_derog": "",
    "rule": [
      36,
      116
    ],
    "code_year": 2015,
    "text_standard": "<p>L&rsquo;inscription en 1&egrave;re ann&eacute;e de DEUST est accord&eacute;e par la commission p&eacute;dagogique de la composante apr&egrave;s s&eacute;lection des candidats. Chaque ann&eacute;e universitaire, celle-ci &eacute;tablit la liste des admis &agrave; s&rsquo;inscrire dans cette formation dans la limite des places disponibles.</p>\r\n"
  }
},
{
  "model": "rules.paragraph",
  "pk": 25,
  "fields": {
    "is_in_use": true,
    "is_interaction": false,
    "display_order": 2,
    "text_motiv": "",
    "text_derog": "",
    "rule": [
      36,
      116
    ],
    "code_year": 2015,
    "text_standard": "<p>Les &eacute;tudiants peuvent prendre au total trois inscriptions annuelles en vue de la validation du dipl&ocirc;me. Une ou, exceptionnellement, deux inscriptions suppl&eacute;mentaires peuvent &ecirc;tre accord&eacute;es par le pr&eacute;sident de l&rsquo;universit&eacute; sur proposition d&rsquo;une commission p&eacute;dagogique constitu&eacute;e &agrave; cet effet.</p>\r\n"
  }
},
{
  "model": "rules.paragraph",
  "pk": 26,
  "fields": {
    "is_in_use": true,
    "is_interaction": false,
    "display_order": 3,
    "text_motiv": "",
    "text_derog": "",
    "rule": [
      36,
      116
    ],
    "code_year": 2015,
    "text_standard": "<p style=\"margin-left:1.7pt\">La progression de l&rsquo;&eacute;tudiant se fait conform&eacute;ment &agrave; la maquette de la formation suivie &agrave; concurrence de 30 cr&eacute;dits ECTS pour chaque semestre.</p>\r\n"
  }
},
{
  "model": "rules.paragraph",
  "pk": 28,
  "fields": {
    "is_in_use": true,
    "is_interaction": false,
    "display_order": 1,
    "text_motiv": "",
    "text_derog": "",
    "rule": [
      37,
      117
    ],
    "code_year": 2015,
    "text_standard": "<p>Afin d&rsquo;assurer des conditions d&rsquo;&eacute;tudes optimales, la capacit&eacute; d&rsquo;accueil en premi&egrave;re ann&eacute;e commune d&rsquo;&eacute;tudes de sant&eacute; (PACES) est contingent&eacute;e &agrave; l&rsquo;Universit&eacute; de Strasbourg, conform&eacute;ment &agrave; l&rsquo;article L 612-3 du code l&rsquo;&eacute;ducation.</p>\r\n\r\n<p>Tous les candidats de l&rsquo;acad&eacute;mie de Strasbourg et ceux dont les parents r&eacute;sident dans les d&eacute;partements du Haut-Rhin et du Bas-Rhin, bacheliers n&rsquo;ayant jamais &eacute;t&eacute; inscrits dans l&rsquo;enseignement sup&eacute;rieur ou futurs bacheliers de l&rsquo;ann&eacute;e, seront admis de droit en premi&egrave;re ann&eacute;e commune des &eacute;tudes de sant&eacute; (PACES).</p>\r\n"
  }
},
{
  "model": "rules.paragraph",
  "pk": 29,
  "fields": {
    "is_in_use": true,
    "is_interaction": false,
    "display_order": 2,
    "text_motiv": "",
    "text_derog": "",
    "rule": [
      37,
      117
    ],
    "code_year": 2015,
    "text_standard": "<p>Les candidats hors acad&eacute;mie de Strasbourg ou les &eacute;tudiants souhaitant une r&eacute;orientation devront faire une demande de d&eacute;rogation.</p>\r\n"
  }
},
{
  "model": "rules.paragraph",
  "pk": 30,
  "fields": {
    "is_in_use": true,
    "is_interaction": false,
    "display_order": 1,
    "text_motiv": "",
    "text_derog": "",
    "rule": [
      38,
      118
    ],
    "code_year": 2015,
    "text_standard": "<p>Hors dispositif pr&eacute;vu par arr&ecirc;t&eacute;, l&rsquo;acc&egrave;s est limit&eacute; par un <em>numerus clausus</em> propre &agrave; chaque fili&egrave;re (m&eacute;decine, pharmacie, odontologie et ma&iuml;eutique).</p>\r\n"
  }
},
{
  "model": "rules.paragraph",
  "pk": 31,
  "fields": {
    "is_in_use": true,
    "is_interaction": false,
    "display_order": 2,
    "text_motiv": "",
    "text_derog": "",
    "rule": [
      38,
      118
    ],
    "code_year": 2015,
    "text_standard": "<p>Hors dispositif pr&eacute;vu par arr&ecirc;t&eacute;, pour &ecirc;tre admis au dipl&ocirc;me de formation g&eacute;n&eacute;rale (DFG) en sciences pharmaceutiques, m&eacute;dicales, odontologiques ou ma&iuml;eutiques, les candidats doivent figurer en rang utile sur la liste des classements correspondant &agrave; la fili&egrave;re de sant&eacute; choisie.</p>\r\n"
  }
},
{
  "model": "rules.paragraph",
  "pk": 32,
  "fields": {
    "is_in_use": true,
    "is_interaction": true,
    "display_order": 3,
    "text_motiv": "<p>Merci d&rsquo;indiquer, pour les conseils &eacute;lus, les motifs de votre demande.</p>\r\n",
    "text_derog": "<p>Vous souhaitez demander une d&eacute;rogation pour cet alin&eacute;a.</p>\r\n\r\n<p>Merci de reprendre le passage pour le modifier ou y substituer le texte de l&rsquo;alin&eacute;a que vous souhaitez voir valider pour votre formation. <em>N&rsquo;oubliez pas de d&eacute;tailler, le cas &eacute;ch&eacute;ant, les enseignements auxquels s&rsquo;appliquent votre alin&eacute;a, et les conditions et les crit&egrave;res d&rsquo;application, ou tout autre &eacute;l&eacute;ment pertinent. pertinent.</em></p>\r\n",
    "rule": [
      38,
      118
    ],
    "code_year": 2015,
    "text_standard": "<p>Pour acc&eacute;der &agrave; l&rsquo;ann&eacute;e sup&eacute;rieure, l&rsquo;&eacute;tudiant doit avoir valid&eacute; les deux semestres de l&rsquo;ann&eacute;e en cours et les stages aff&eacute;rents.</p>\r\n"
  }
},
{
  "model": "rules.paragraph",
  "pk": 33,
  "fields": {
    "is_in_use": true,
    "is_interaction": false,
    "display_order": 4,
    "text_motiv": "",
    "text_derog": "",
    "rule": [
      38,
      118
    ],
    "code_year": 2015,
    "text_standard": "<p>Par d&eacute;rogation aux principes &eacute;nonc&eacute;s ci-dessus, l&rsquo;&eacute;tudiant n&rsquo;ayant pas valid&eacute; son ann&eacute;e peut &ecirc;tre autoris&eacute; &agrave; suivre par anticipation des &eacute;l&eacute;ments p&eacute;dagogiques de l&rsquo;ann&eacute;e sup&eacute;rieure. Il reste exclusivement inscrit dans l&rsquo;ann&eacute;e non valid&eacute;e, et les &eacute;l&eacute;ments p&eacute;dagogiques suivis dans l&rsquo;ann&eacute;e sup&eacute;rieure font l&rsquo;objet d&rsquo;un contrat sign&eacute; par le responsable p&eacute;dagogique et par l&rsquo;&eacute;tudiant. Le responsable p&eacute;dagogique informe le service de scolarit&eacute; des contrats &eacute;tablis. Lors de son inscription p&eacute;dagogique, l&rsquo;&eacute;tudiant pr&eacute;sente obligatoirement le contrat p&eacute;dagogique sign&eacute;.</p>\r\n"
  }
},
{
  "model": "rules.paragraph",
  "pk": 34,
  "fields": {
    "is_in_use": true,
    "is_interaction": false,
    "display_order": 1,
    "text_motiv": "",
    "text_derog": "",
    "rule": [
      39,
      119
    ],
    "code_year": 2015,
    "text_standard": "<p>Peuvent s&rsquo;inscrire au dipl&ocirc;me de formation approfondie (DFA), les &eacute;tudiants titulaires du dipl&ocirc;me de formation g&eacute;n&eacute;rale (DFG)&nbsp; de la m&ecirc;me fili&egrave;re.</p>\r\n"
  }
},
{
  "model": "rules.paragraph",
  "pk": 35,
  "fields": {
    "is_in_use": true,
    "is_interaction": true,
    "display_order": 2,
    "text_motiv": "<p>Merci d&rsquo;indiquer, pour les conseils &eacute;lus, les motifs de votre demande.</p>\r\n",
    "text_derog": "<p>Vous souhaitez demander une d&eacute;rogation pour cet alin&eacute;a.</p>\r\n\r\n<p>Merci de reprendre le passage pour le modifier ou y substituer le texte de l&rsquo;alin&eacute;a que vous souhaitez voir valider pour votre formation. <em>N&rsquo;oubliez pas de d&eacute;tailler, le cas &eacute;ch&eacute;ant, les enseignements auxquels s&rsquo;appliquent votre alin&eacute;a, et les conditions et les crit&egrave;res d&rsquo;application, ou tout autre &eacute;l&eacute;ment pertinent.</em></p>\r\n",
    "rule": [
      39,
      119
    ],
    "code_year": 2015,
    "text_standard": "<p>Pour acc&eacute;der &agrave; l&rsquo;ann&eacute;e sup&eacute;rieure, l&rsquo;&eacute;tudiant doit avoir valid&eacute; les deux semestres de l&rsquo;ann&eacute;e en cours et les stages aff&eacute;rents.</p>\r\n"
  }
},
{
  "model": "rules.paragraph",
  "pk": 36,
  "fields": {
    "is_in_use": true,
    "is_interaction": false,
    "display_order": 3,
    "text_motiv": "",
    "text_derog": "",
    "rule": [
      39,
      119
    ],
    "code_year": 2015,
    "text_standard": "<p>Par d&eacute;rogation aux principes &eacute;nonc&eacute;s ci-dessus, l&rsquo;&eacute;tudiant n&rsquo;ayant pas valid&eacute; son ann&eacute;e peut &ecirc;tre autoris&eacute; &agrave; suivre par anticipation des &eacute;l&eacute;ments p&eacute;dagogiques de l&rsquo;ann&eacute;e sup&eacute;rieure. Il reste exclusivement inscrit dans l&rsquo;ann&eacute;e non valid&eacute;e, et les &eacute;l&eacute;ments p&eacute;dagogiques suivis dans l&rsquo;ann&eacute;e sup&eacute;rieure font l&rsquo;objet d&rsquo;un contrat sign&eacute; par le responsable p&eacute;dagogique et par l&rsquo;&eacute;tudiant. Le responsable p&eacute;dagogique informe le service de scolarit&eacute; des contrats &eacute;tablis. Lors de son inscription p&eacute;dagogique, l&rsquo;&eacute;tudiant pr&eacute;sente obligatoirement le contrat p&eacute;dagogique sign&eacute;.</p>\r\n"
  }
},
{
  "model": "rules.paragraph",
  "pk": 37,
  "fields": {
    "is_in_use": true,
    "is_interaction": false,
    "display_order": 1,
    "text_motiv": "",
    "text_derog": "",
    "rule": [
      41,
      123
    ],
    "code_year": 2015,
    "text_standard": "<p>Nul ne peut &ecirc;tre autoris&eacute; &agrave; prendre plus de deux inscriptions en premi&egrave;re ann&eacute;e commune des &eacute;tudes de sant&eacute; (PACES).</p>\r\n"
  }
},
{
  "model": "rules.paragraph",
  "pk": 38,
  "fields": {
    "is_in_use": true,
    "is_interaction": false,
    "display_order": 1,
    "text_motiv": "",
    "text_derog": "",
    "rule": [
      3,
      122
    ],
    "code_year": 2015,
    "text_standard": "<p style=\"margin-left:8.8pt\">Elle consiste &agrave; inscrire un &eacute;tudiant dans l&rsquo;une des formations propos&eacute;es par l&rsquo;universit&eacute;. Ce processus annuel et obligatoire implique la collecte des donn&eacute;es administratives n&eacute;cessaires concernant l&rsquo;&eacute;tudiant, le paiement des droits, la d&eacute;termination du statut de l&rsquo;&eacute;tudiant et de sa situation par rapport &agrave; sa couverture sociale.</p>\r\n\r\n<p style=\"margin-left:8.8pt\">L&rsquo;inscription administrative s&rsquo;effectue conform&eacute;ment au calendrier adopt&eacute; annuellement par le CA apr&egrave;s avis de la CFVU.</p>\r\n"
  }
},
{
  "model": "rules.paragraph",
  "pk": 39,
  "fields": {
    "is_in_use": true,
    "is_interaction": false,
    "display_order": 1,
    "text_motiv": "",
    "text_derog": "",
    "rule": [
      40,
      120
    ],
    "code_year": 2015,
    "text_standard": "<p>Le troisi&egrave;me cycle est accessible aux &eacute;tudiants ayant obtenu le dipl&ocirc;me de formation approfondie de la m&ecirc;me fili&egrave;re.</p>\r\n"
  }
},
{
  "model": "rules.paragraph",
  "pk": 40,
  "fields": {
    "is_in_use": true,
    "is_interaction": false,
    "display_order": 2,
    "text_motiv": "",
    "text_derog": "",
    "rule": [
      41,
      123
    ],
    "code_year": 2015,
    "text_standard": "<p>Une d&eacute;rogation peut &ecirc;tre accord&eacute;e par le pr&eacute;sident de l&rsquo;universit&eacute; sur proposition du directeur de composante.</p>\r\n\r\n<p>Ces d&eacute;rogations ne peuvent exc&eacute;der chaque ann&eacute;e 8 % du nombre de places attribu&eacute;es r&eacute;glementairement &agrave; l&rsquo;&eacute;tablissement, en vue de l&rsquo;admission au dipl&ocirc;me de formation g&eacute;n&eacute;rale en sciences m&eacute;dicales, pharmaceutiques, odontologiques et ma&iuml;eutiques.</p>\r\n"
  }
},
{
  "model": "rules.paragraph",
  "pk": 41,
  "fields": {
    "is_in_use": true,
    "is_interaction": false,
    "display_order": 1,
    "text_motiv": "",
    "text_derog": "",
    "rule": [
      42,
      124
    ],
    "code_year": 2015,
    "text_standard": "<p>Aucun &eacute;tudiant ne peut &ecirc;tre autoris&eacute; &agrave; prendre plus de cinq inscriptions au cours du DFA en sciences pharmaceutiques ou odontologiques ou ma&iuml;eutiques ou plus de six inscriptions au cours du DFA en sciences m&eacute;dicales.. Chaque ann&eacute;e d&rsquo;&eacute;tudes ne peut faire l&rsquo;objet de plus de trois inscriptions.</p>\r\n"
  }
},
{
  "model": "rules.paragraph",
  "pk": 42,
  "fields": {
    "is_in_use": true,
    "is_interaction": false,
    "display_order": 2,
    "text_motiv": "",
    "text_derog": "",
    "rule": [
      42,
      124
    ],
    "code_year": 2015,
    "text_standard": "<p>Une d&eacute;rogation exceptionnelle peut &ecirc;tre accord&eacute;e par le pr&eacute;sident de l&rsquo;universit&eacute; sur proposition du directeur de composante.</p>\r\n"
  }
},
{
  "model": "rules.paragraph",
  "pk": 43,
  "fields": {
    "is_in_use": true,
    "is_interaction": false,
    "display_order": 1,
    "text_motiv": "",
    "text_derog": "",
    "rule": [
      43,
      125
    ],
    "code_year": 2015,
    "text_standard": "<p>L&rsquo;&eacute;tudiant peut s&rsquo;inscrire au plus trois fois pour soutenir sa th&egrave;se en m&eacute;decine, apr&egrave;s l&rsquo;obtention du dipl&ocirc;me d&rsquo;&eacute;tudes sp&eacute;cialis&eacute; (DES) ou d&rsquo;un titre &eacute;quivalent.</p>\r\n"
  }
},
{
  "model": "rules.paragraph",
  "pk": 44,
  "fields": {
    "is_in_use": true,
    "is_interaction": false,
    "display_order": 2,
    "text_motiv": "",
    "text_derog": "",
    "rule": [
      43,
      125
    ],
    "code_year": 2015,
    "text_standard": "<p>Une d&eacute;rogation exceptionnelle &agrave; ce d&eacute;lai &nbsp;peut &ecirc;tre accord&eacute;e par le pr&eacute;sident de l&rsquo;universit&eacute; sur proposition du directeur de composante.</p>\r\n"
  }
},
{
  "model": "rules.paragraph",
  "pk": 45,
  "fields": {
    "is_in_use": true,
    "is_interaction": false,
    "display_order": 1,
    "text_motiv": "",
    "text_derog": "",
    "rule": [
      44,
      126
    ],
    "code_year": 2015,
    "text_standard": "<p>Les &eacute;tudiants soutiennent au cours du troisi&egrave;me cycle court ou, au plus tard, dans un d&eacute;lai de deux ans apr&egrave;s la validation du troisi&egrave;me cycle court une th&egrave;se devant un jury.</p>\r\n"
  }
},
{
  "model": "rules.paragraph",
  "pk": 46,
  "fields": {
    "is_in_use": true,
    "is_interaction": false,
    "display_order": 2,
    "text_motiv": "",
    "text_derog": "",
    "rule": [
      44,
      126
    ],
    "code_year": 2015,
    "text_standard": "<p>Une d&eacute;rogation exceptionnelle &agrave; ce d&eacute;lai peut &ecirc;tre accord&eacute;e par le pr&eacute;sident de l&rsquo;universit&eacute; sur proposition du directeur de composante.</p>\r\n"
  }
},
{
  "model": "rules.paragraph",
  "pk": 47,
  "fields": {
    "is_in_use": true,
    "is_interaction": false,
    "display_order": 1,
    "text_motiv": "",
    "text_derog": "",
    "rule": [
      45,
      127
    ],
    "code_year": 2015,
    "text_standard": "<p>L&rsquo;&eacute;tudiant qui n&rsquo;a pas soutenu &agrave; la fin du troisi&egrave;me cycle court doit se r&eacute;inscrire afin de soutenir avant la fin de l&rsquo;ann&eacute;e civile en cours.</p>\r\n"
  }
},
{
  "model": "rules.paragraph",
  "pk": 48,
  "fields": {
    "is_in_use": true,
    "is_interaction": false,
    "display_order": 2,
    "text_motiv": "",
    "text_derog": "",
    "rule": [
      45,
      127
    ],
    "code_year": 2015,
    "text_standard": "<p>Une d&eacute;rogation exceptionnelle &agrave; ce d&eacute;lai peut &ecirc;tre accord&eacute;e par le pr&eacute;sident de l&rsquo;universit&eacute; sur proposition du directeur de composante.</p>\r\n"
  }
},
{
  "model": "rules.paragraph",
  "pk": 49,
  "fields": {
    "is_in_use": true,
    "is_interaction": false,
    "display_order": 1,
    "text_motiv": "",
    "text_derog": "",
    "rule": [
      4,
      128
    ],
    "code_year": 2015,
    "text_standard": "<p style=\"margin-left:1.7pt\">L&rsquo;inscription p&eacute;dagogique consiste pour un &eacute;tudiant &agrave; s&rsquo;inscrire aux diff&eacute;rents enseignements de la formation en fonction de la maquette, de ses souhaits et de ses acquis.</p>\r\n\r\n<p style=\"margin-left:1.7pt\">Elle s&rsquo;effectue conform&eacute;ment au calendrier adopt&eacute; annuellement par le CA apr&egrave;s avis de la CFVU.</p>\r\n\r\n<p>Elle est obligatoire. En l&rsquo;absence d&rsquo;inscription p&eacute;dagogique, l&rsquo;&eacute;tudiant n&rsquo;est pas autoris&eacute; &agrave; se pr&eacute;senter aux &eacute;preuves d&rsquo;&eacute;valuation.</p>\r\n"
  }
},
{
  "model": "rules.paragraph",
  "pk": 50,
  "fields": {
    "is_in_use": true,
    "is_interaction": false,
    "display_order": 1,
    "text_motiv": "",
    "text_derog": "",
    "rule": [
      46,
      129
    ],
    "code_year": 2015,
    "text_standard": "<p>L&rsquo;inscription p&eacute;dagogique dans une ou plusieurs fili&egrave;res post-PACES est <strong>obligatoire</strong> au d&eacute;but du deuxi&egrave;me semestre pour participer au <strong>classement de chaque</strong> <strong>concours</strong> arr&ecirc;t&eacute; selon le nombre de places offertes (<em>numerus clausus</em>).</p>\r\n\r\n<p>Dans le cas contraire, le candidat n&rsquo;est pas autoris&eacute; &agrave; se pr&eacute;senter aux examens. Il est alors d&eacute;clar&eacute; ajourn&eacute;.</p>\r\n"
  }
},
{
  "model": "rules.paragraph",
  "pk": 52,
  "fields": {
    "is_in_use": true,
    "is_interaction": false,
    "display_order": 2,
    "text_motiv": "",
    "text_derog": "",
    "rule": [
      5,
      130
    ],
    "code_year": 2015,
    "text_standard": "<p style=\"margin-left:1.7pt\">Les &eacute;tudiants boursiers sont tenus &agrave; l&rsquo;assiduit&eacute; en cours (CM, TD, TP, &hellip;).</p>\r\n\r\n<p>Les &eacute;tudiants relevant d&rsquo;un profil sp&eacute;cifique attest&eacute; peuvent &ecirc;tre dispens&eacute;s d&rsquo;assiduit&eacute;. Ils doivent en faire la demande aupr&egrave;s de leur service de scolarit&eacute; avant la fin du premier mois des enseignements ou dans les quinze jours suivant leur acc&egrave;s &agrave; ce profil sp&eacute;cifique.</p>\r\n"
  }
},
{
  "model": "rules.paragraph",
  "pk": 53,
  "fields": {
    "is_in_use": true,
    "is_interaction": false,
    "display_order": 1,
    "text_motiv": "",
    "text_derog": "",
    "rule": [
      6,
      133
    ],
    "code_year": 2015,
    "text_standard": "<p style=\"margin-left:1.7pt\">Les commissions p&eacute;dagogiques (r&eacute;gies par les articles D613-38 et suivants du Code de l&rsquo;&eacute;ducation) sont charg&eacute;es de la validation des acquis. Les validations d&rsquo;acquis prononc&eacute;es par les commissions p&eacute;dagogiques se traduisent par des dispenses de dipl&ocirc;me, de semestre(s), d&rsquo;une ou plusieurs UE ou &eacute;l&eacute;ment(s) constitutif(s) d&rsquo;UE.</p>\r\n\r\n<p style=\"margin-left:1.7pt\">L&rsquo;&eacute;tudiant b&eacute;n&eacute;ficiant d&rsquo;une validation d&rsquo;acquis ne peut plus se pr&eacute;senter&nbsp; aux examens correspondants.</p>\r\n\r\n<p>Les semestres, les UE ou les &eacute;l&eacute;ments constitutifs d&rsquo;une UE ayant fait l&rsquo;objet d&rsquo;une dispense d&rsquo;&eacute;tudes n&rsquo;entrent pas dans le calcul du r&eacute;sultat du dipl&ocirc;me, du semestre ou de l&rsquo;UE.</p>\r\n"
  }
},
{
  "model": "rules.paragraph",
  "pk": 54,
  "fields": {
    "is_in_use": true,
    "is_interaction": false,
    "display_order": 1,
    "text_motiv": "",
    "text_derog": "",
    "rule": [
      47,
      134
    ],
    "code_year": 2015,
    "text_standard": "<p>Les personnes titulaires du certificat de capacit&eacute; en droit peuvent obtenir la dispense du baccalaur&eacute;at en vue de la poursuite des &eacute;tudes autres que juridiques mentionn&eacute;e pour le DAEU (option A), &agrave; condition de subir avec succ&egrave;s l&rsquo;&eacute;preuve de fran&ccedil;ais et de langue vivante pr&eacute;vue pour cette option.</p>\r\n"
  }
},
{
  "model": "rules.paragraph",
  "pk": 55,
  "fields": {
    "is_in_use": true,
    "is_interaction": false,
    "display_order": 2,
    "text_motiv": "",
    "text_derog": "",
    "rule": [
      47,
      134
    ],
    "code_year": 2015,
    "text_standard": "<p style=\"margin-left:1.7pt\">A cet effet, une session particuli&egrave;re peut &ecirc;tre organis&eacute;e avant la date pr&eacute;vue pour la rentr&eacute;e universitaire en premier cycle suivant des modalit&eacute;s identiques &agrave; celles pr&eacute;vues pour les autres candidats.</p>\r\n"
  }
},
{
  "model": "rules.paragraph",
  "pk": 56,
  "fields": {
    "is_in_use": true,
    "is_interaction": false,
    "display_order": 1,
    "text_motiv": "",
    "text_derog": "",
    "rule": [
      7,
      135
    ],
    "code_year": 2015,
    "text_standard": "<p>Les &eacute;tudes accomplies &agrave; l&rsquo;&eacute;tranger, selon un contrat p&eacute;dagogique mis en &oelig;uvre dans le cadre d&rsquo;&eacute;changes internationaux conventionn&eacute;s, sont int&eacute;gr&eacute;es au cursus de l&rsquo;&eacute;tudiant, au m&ecirc;me titre que les &eacute;tudes accomplies &agrave; l&rsquo;Universit&eacute; de Strasbourg.</p>\r\n\r\n<p>Les modalit&eacute;s d&rsquo;&eacute;valuation de l&rsquo;&eacute;tudiant en mobilit&eacute; sont pr&eacute;cis&eacute;es dans son contrat p&eacute;dagogique, et les notes sont valid&eacute;es par un jury de semestre et/ou d&rsquo;ann&eacute;e.</p>\r\n"
  }
},
{
  "model": "rules.paragraph",
  "pk": 57,
  "fields": {
    "is_in_use": true,
    "is_interaction": true,
    "display_order": 1,
    "text_motiv": "<p>Explications compl&eacute;mentaires <u>&agrave; l&#39;attention des conseils &eacute;lus</u>.</p>\r\n",
    "text_derog": "<p>Veuillez d&eacute;crire le syst&egrave;me de notation des QCM (Questions &agrave; choix multiples), QRC (Questions r&eacute;dactionnelles courtes) et/ou QCD (Questions &agrave; choix double)</p>\r\n",
    "rule": [
      48,
      136
    ],
    "code_year": 2015,
    "text_standard": "<p>La formation ne pr&eacute;voit aucune &eacute;preuve de ce type.</p>\r\n"
  }
},
{
  "model": "rules.paragraph",
  "pk": 58,
  "fields": {
    "is_in_use": true,
    "is_interaction": true,
    "display_order": 1,
    "text_motiv": "",
    "text_derog": "<p><strong>Veuillez d&eacute;crire le syst&egrave;me de notation des QCM</strong></p>\r\n",
    "rule": [],
    "code_year": 2015,
    "text_standard": "<p>Alin&eacute;a de composante &ndash; Notation des QRC</p>\r\n"
  }
},
{
  "model": "rules.paragraph",
  "pk": 59,
  "fields": {
    "is_in_use": true,
    "is_interaction": true,
    "display_order": 1,
    "text_motiv": "",
    "text_derog": "<p><strong>Veuillez d&eacute;crire le syst&egrave;me de notation des QCD</strong></p>\r\n",
    "rule": [],
    "code_year": 2015,
    "text_standard": "<p><em>Alin&eacute;a de composante &ndash; Notation des QCD</em></p>\r\n"
  }
},
{
  "model": "rules.paragraph",
  "pk": 60,
  "fields": {
    "is_in_use": true,
    "is_interaction": false,
    "display_order": 1,
    "text_motiv": "",
    "text_derog": "",
    "rule": [
      78,
      137
    ],
    "code_year": 2015,
    "text_standard": "<p>Les stages correspondent &agrave; des p&eacute;riodes temporaires de mise en situation en milieu professionnel au cours desquelles l&#39;&eacute;tudiant acquiert des comp&eacute;tences professionnelles et met en &oelig;uvre les acquis de sa formation en vue d&#39;obtenir un dipl&ocirc;me ou une certification et de favoriser son insertion professionnelle.</p>\r\n"
  }
},
{
  "model": "rules.paragraph",
  "pk": 61,
  "fields": {
    "is_in_use": true,
    "is_interaction": false,
    "display_order": 2,
    "text_motiv": "",
    "text_derog": "",
    "rule": [
      78,
      137
    ],
    "code_year": 2015,
    "text_standard": "<p style=\"margin-left:1.7pt\">Par ailleurs, les stages sont int&eacute;gr&eacute;s &agrave; un cursus de formation, dont le volume p&eacute;dagogique d&rsquo;enseignement effectu&eacute; en pr&eacute;sence des &eacute;tudiants est de deux cent heures au minimum par ann&eacute;e d&rsquo;enseignement.</p>\r\n"
  }
},
{
  "model": "rules.paragraph",
  "pk": 62,
  "fields": {
    "is_in_use": true,
    "is_interaction": false,
    "display_order": 3,
    "text_motiv": "",
    "text_derog": "",
    "rule": [
      78,
      137
    ],
    "code_year": 2015,
    "text_standard": "<p>Les stages obligatoires sont les stages pr&eacute;vus obligatoirement par les maquettes de formation.</p>\r\n"
  }
},
{
  "model": "rules.paragraph",
  "pk": 63,
  "fields": {
    "is_in_use": true,
    "is_interaction": false,
    "display_order": 4,
    "text_motiv": "",
    "text_derog": "",
    "rule": [
      78,
      137
    ],
    "code_year": 2015,
    "text_standard": "<p>Les stages volontaires sont des stages effectu&eacute;s &agrave; l&rsquo;initiative de l&rsquo;&eacute;tudiant et accept&eacute;s par l&rsquo;&eacute;quipe p&eacute;dagogique de la formation. Ils sont int&eacute;gr&eacute;s au cursus p&eacute;dagogique par le biais d&rsquo;une UE.</p>\r\n"
  }
},
{
  "model": "rules.paragraph",
  "pk": 64,
  "fields": {
    "is_in_use": true,
    "is_interaction": false,
    "display_order": 5,
    "text_motiv": "",
    "text_derog": "",
    "rule": [
      78,
      137
    ],
    "code_year": 2015,
    "text_standard": "<p style=\"margin-left:1.7pt\">Tout stage fait obligatoirement l&rsquo;objet d&rsquo;une restitution de la part du stagiaire donnant lieu &agrave; une &eacute;valuation de la part de l&rsquo;&eacute;quipe p&eacute;dagogique de la formation. L&rsquo;objectif de la restitution et de l&rsquo;&eacute;valuation est de permettre &agrave; l&rsquo;&eacute;tudiant de traduire sa mise en application des acquis de la formation et d&rsquo;exprimer les savoirs et comp&eacute;tences acquis.</p>\r\n\r\n<p>Le responsable p&eacute;dagogique s&rsquo;assure que le nombre d&rsquo;heures pr&eacute;vues dans le stage correspond au nombre d&rsquo;ECTS effectivement octroy&eacute;s.</p>\r\n"
  }
},
{
  "model": "rules.paragraph",
  "pk": 65,
  "fields": {
    "is_in_use": true,
    "is_interaction": true,
    "display_order": 6,
    "text_motiv": "<p>&agrave; d&eacute;finir</p>\r\n",
    "text_derog": "<p>Pr&eacute;ciser la dur&eacute;e du stage, ainsi que la nature de la restitution et de l&rsquo;&eacute;valuation du stage, notamment en fonction de l&rsquo;objectif et du type de stage, de son caract&egrave;re obligatoire ou non, de sa dur&eacute;e. Ex.&nbsp;: un m&eacute;moire ou un rapport, assorti ou non d&rsquo;une soutenance&nbsp;; une fiche de restitution donnant lieu &agrave; &eacute;valuation ou visa du tuteur p&eacute;dagogique.</p>\r\n\r\n<p>Il est fortement recommand&eacute; que l&rsquo;&eacute;valuation comporte une appr&eacute;ciation de la part de la structure d&rsquo;accueil.</p>\r\n",
    "rule": [
      78,
      137
    ],
    "code_year": 2015,
    "text_standard": "<p>La formation adh&egrave;re &agrave; la politique des stages de l&#39;&eacute;tablissement.</p>\r\n"
  }
},
{
  "model": "rules.paragraph",
  "pk": 69,
  "fields": {
    "is_in_use": true,
    "is_interaction": false,
    "display_order": 10,
    "text_motiv": "",
    "text_derog": "",
    "rule": [
      78,
      137
    ],
    "code_year": 2015,
    "text_standard": "<p>Lorsque le stagiaire interrompt sa p&eacute;riode de formation en milieu professionnel ou son stage pour un motif li&eacute; &agrave; la maladie, &agrave; un accident, &agrave; la grossesse, &agrave; la paternit&eacute;, &agrave; l&#39;adoption ou, en accord avec l&#39;&eacute;tablissement, en cas de non-respect des stipulations p&eacute;dagogiques de la convention ou en cas de rupture de la convention &agrave; l&#39;initiative de l&#39;organisme d&#39;accueil, l&rsquo;universit&eacute; valide la p&eacute;riode de formation en milieu professionnel ou le stage, m&ecirc;me s&#39;il n&#39;a pas atteint la dur&eacute;e pr&eacute;vue dans le cursus, ou propose au stagiaire une modalit&eacute; alternative de validation de sa formation.</p>\r\n\r\n<p>L&rsquo;&eacute;tudiant concern&eacute; par cette situation doit imp&eacute;rativement contacter son tuteur p&eacute;dagogique. Ce dernier, en accord avec l&rsquo;&eacute;quipe p&eacute;dagogique et, le cas &eacute;ch&eacute;ant, apr&egrave;s avis du ma&icirc;tre de stage &eacute;tudie la modalit&eacute; de validation alternative la plus ad&eacute;quate, en fonction de l&rsquo;&eacute;tat d&rsquo;avancement du stage au moment de l&rsquo;interruption et conform&eacute;ment aux modalit&eacute;s d&rsquo;&eacute;valuation et de contr&ocirc;le des</p>\r\n\r\n<p>connaissances. Cette modalit&eacute; alternative peut notamment prendre la forme suivante :</p>\r\n\r\n<p>- Un report de tout ou partie de la fin de la p&eacute;riode de stage en accord avec l&rsquo;organisme d&rsquo;accueil et &agrave; condition que ce report soit compatible avec le calendrier universitaire.</p>\r\n\r\n<p>- La r&eacute;daction d&rsquo;un m&eacute;moire/rapport de substitution</p>\r\n\r\n<p>- Une &eacute;preuve &eacute;crite et/ou orale de substitution.</p>\r\n"
  }
},
{
  "model": "rules.paragraph",
  "pk": 70,
  "fields": {
    "is_in_use": true,
    "is_interaction": false,
    "display_order": 1,
    "text_motiv": "",
    "text_derog": "",
    "rule": [
      8,
      138
    ],
    "code_year": 2015,
    "text_standard": "<p>Le jury devant lequel ce m&eacute;moire est pr&eacute;sent&eacute; doit comporter au moins un membre habilit&eacute; &agrave; diriger des recherches.</p>\r\n"
  }
},
{
  "model": "rules.paragraph",
  "pk": 71,
  "fields": {
    "is_in_use": true,
    "is_interaction": false,
    "display_order": 1,
    "text_motiv": "",
    "text_derog": "",
    "rule": [
      9,
      140
    ],
    "code_year": 2015,
    "text_standard": "<p>Les jurys sont d&eacute;sign&eacute;s par le pr&eacute;sident de l&rsquo;universit&eacute; sur proposition du directeur de composante.</p>\r\n"
  }
},
{
  "model": "rules.paragraph",
  "pk": 72,
  "fields": {
    "is_in_use": true,
    "is_interaction": false,
    "display_order": 2,
    "text_motiv": "",
    "text_derog": "",
    "rule": [
      9,
      140
    ],
    "code_year": 2015,
    "text_standard": "<p style=\"margin-left:1.7pt\">Il est cr&eacute;&eacute; des jurys de semestre. Le jury de semestre arr&ecirc;te les notes et est souverain pour prononcer la validation ou la non-validation d&rsquo;un semestre.</p>\r\n\r\n<p style=\"margin-left:1.7pt\">Il est cr&eacute;&eacute; des jurys d&rsquo;ann&eacute;e. A l&rsquo;issue de chacune des deux sessions d&rsquo;examens, le jury d&rsquo;ann&eacute;e se prononce sur la validation de deux semestres imm&eacute;diatement cons&eacute;cutifs.</p>\r\n\r\n<p>Il est cr&eacute;&eacute; des jurys de dipl&ocirc;me. Le jury de dipl&ocirc;me prononce la d&eacute;livrance du dipl&ocirc;me.</p>\r\n"
  }
},
{
  "model": "rules.paragraph",
  "pk": 73,
  "fields": {
    "is_in_use": true,
    "is_interaction": false,
    "display_order": 1,
    "text_motiv": "",
    "text_derog": "",
    "rule": [
      51,
      141
    ],
    "code_year": 2015,
    "text_standard": "<p style=\"margin-left:1.7pt\">Le DAEU est d&eacute;livr&eacute; par le pr&eacute;sident de l&rsquo;universit&eacute;, sur proposition d&rsquo;un jury compos&eacute; des enseignants participant &agrave; la formation.</p>\r\n\r\n<p>Ce jury est pr&eacute;sid&eacute; par un professeur ou un ma&icirc;tre de conf&eacute;rences d&eacute;sign&eacute; par le pr&eacute;sent de l&rsquo;universit&eacute; pour chacune des options A et B du dipl&ocirc;me.</p>\r\n"
  }
},
{
  "model": "rules.paragraph",
  "pk": 74,
  "fields": {
    "is_in_use": true,
    "is_interaction": false,
    "display_order": 1,
    "text_motiv": "",
    "text_derog": "",
    "rule": [
      52,
      142
    ],
    "code_year": 2015,
    "text_standard": "<p style=\"margin-left:1.7pt\">Un jury pluridisciplinaire se r&eacute;unira pour d&eacute;lib&eacute;rer sur la validation&nbsp;:</p>\r\n\r\n<ul>\r\n\t<li>du Certificat de synth&egrave;se pharmaceutique (pharmacie)</li>\r\n\t<li>du Certificat de comp&eacute;tence clinique (m&eacute;decine)</li>\r\n\t<li>du Certificat de synth&egrave;se clinique et th&eacute;rapeutique (odontologie)</li>\r\n</ul>\r\n"
  }
},
{
  "model": "rules.paragraph",
  "pk": 75,
  "fields": {
    "is_in_use": true,
    "is_interaction": false,
    "display_order": 1,
    "text_motiv": "",
    "text_derog": "",
    "rule": [
      53,
      143
    ],
    "code_year": 2015,
    "text_standard": "<p style=\"margin-left:1.85pt\">Le jury de th&egrave;se comprend au moins trois membres, dont le directeur de th&egrave;se&nbsp;:</p>\r\n\r\n<ul>\r\n\t<li>un enseignant-chercheur habilit&eacute; &agrave; diriger des recherches exer&ccedil;ant dans la composante, pr&eacute;sident&nbsp;;</li>\r\n\t<li>deux autres membres, dont une personnalit&eacute; qualifi&eacute;e ext&eacute;rieure &agrave; la composante. La participation d&rsquo;un responsable d&rsquo;une structure accueillant des &eacute;tudiants en stage est souhait&eacute;e.</li>\r\n</ul>\r\n\r\n<p>Deux membres du jury sont titulaires du dipl&ocirc;me d&rsquo;Etat de pharmacien ou de docteur en pharmacie.</p>\r\n"
  }
},
{
  "model": "rules.paragraph",
  "pk": 76,
  "fields": {
    "is_in_use": true,
    "is_interaction": false,
    "display_order": 1,
    "text_motiv": "",
    "text_derog": "",
    "rule": [
      54,
      144
    ],
    "code_year": 2015,
    "text_standard": "<p>Le jury de th&egrave;se, pr&eacute;sid&eacute; par un professeur des universit&eacute;s des disciplines m&eacute;dicales titulaires, est compos&eacute; d&rsquo;au moins quatre membres dont trois enseignants titulaires des disciplines m&eacute;dicales d&eacute;sign&eacute;s par le pr&eacute;sident de l&rsquo;universit&eacute; sur proposition du directeur de composante.</p>\r\n"
  }
},
{
  "model": "rules.paragraph",
  "pk": 77,
  "fields": {
    "is_in_use": true,
    "is_interaction": false,
    "display_order": 1,
    "text_motiv": "",
    "text_derog": "",
    "rule": [
      55,
      145
    ],
    "code_year": 2015,
    "text_standard": "<p style=\"margin-left:1.85pt\">Le jury de th&egrave;se comprend quatre membres, dont :</p>\r\n\r\n<ul>\r\n\t<li>un professeur des universit&eacute;s, praticien hospitalier des centres de soins, d&rsquo;enseignement et de recherche dentaire, pr&eacute;sident ;</li>\r\n\t<li>trois autres membres dont au moins deux personnels enseignants et hospitaliers titulaires des centres de soins d&rsquo;enseignement et de recherche dentaires. L&rsquo;un de ces trois membres peut &ecirc;tre un assistant hospitalier universitaire, un praticien hospitalier, un enseignant d&rsquo;une autre discipline universitaire ou un directeur de recherche.</li>\r\n</ul>\r\n\r\n<p>Une personnalit&eacute; ext&eacute;rieure invit&eacute;e sans voix d&eacute;lib&eacute;rative peut &ecirc;tre adjointe &agrave; ce jury.</p>\r\n"
  }
},
{
  "model": "rules.paragraph",
  "pk": 78,
  "fields": {
    "is_in_use": true,
    "is_interaction": false,
    "display_order": 1,
    "text_motiv": "",
    "text_derog": "",
    "rule": [
      56,
      146
    ],
    "code_year": 2015,
    "text_standard": "<p style=\"margin-left:1.7pt\">Le DUT est d&eacute;livr&eacute; par le pr&eacute;sident de l&rsquo;universit&eacute;, sur proposition d&rsquo;un jury pr&eacute;sid&eacute; par le directeur de l&rsquo;IUT, comprenant les chefs de d&eacute;partement, les enseignants-chercheurs, les enseignants, les charg&eacute;s d&rsquo;enseignement et les personnalit&eacute;s ext&eacute;rieures exer&ccedil;ant des fonctions en relations &eacute;troite avec la sp&eacute;cialit&eacute; concern&eacute;e, choisies dans les conditions pr&eacute;vues &agrave; l&rsquo;article L. 613-1 du code de l&rsquo;&eacute;ducation.</p>\r\n\r\n<p>Ce jury de dipl&ocirc;me comprend au moins 50% d&rsquo;enseignants-chercheurs et d&rsquo;enseignants.</p>\r\n"
  }
},
{
  "model": "rules.paragraph",
  "pk": 79,
  "fields": {
    "is_in_use": true,
    "is_interaction": false,
    "display_order": 1,
    "text_motiv": "",
    "text_derog": "",
    "rule": [
      77,
      147
    ],
    "code_year": 2015,
    "text_standard": "<p>Les jurys sont d&eacute;sign&eacute;s par le pr&eacute;sident de l&rsquo;universit&eacute; sur proposition du directeur ou des directeurs de l&rsquo;unit&eacute; ou des unit&eacute;s de formation et de recherche, ou du ou des d&eacute;partements de formation assurant les enseignements.</p>\r\n"
  }
},
{
  "model": "rules.paragraph",
  "pk": 80,
  "fields": {
    "is_in_use": true,
    "is_interaction": false,
    "display_order": 2,
    "text_motiv": "",
    "text_derog": "",
    "rule": [
      77,
      147
    ],
    "code_year": 2015,
    "text_standard": "<p style=\"margin-left:1.7pt\">Il est cr&eacute;&eacute; des jurys de semestre. Le jury de semestre arr&ecirc;te les notes et est souverain pour prononcer la validation ou la non-validation d&rsquo;un semestre.</p>\r\n\r\n<p style=\"margin-left:1.7pt\">Il est cr&eacute;&eacute; des jurys d&rsquo;ann&eacute;e. A l&rsquo;issue de chacune des deux sessions d&rsquo;examens, le jury d&rsquo;ann&eacute;e se prononce sur la validation de deux semestres imm&eacute;diatement cons&eacute;cutifs.</p>\r\n\r\n<p style=\"margin-left:1.7pt\">Il est cr&eacute;&eacute; des jurys de dipl&ocirc;me. Le jury de dipl&ocirc;me prononce la d&eacute;livrance du dipl&ocirc;me.</p>\r\n"
  }
},
{
  "model": "rules.paragraph",
  "pk": 81,
  "fields": {
    "is_in_use": true,
    "is_interaction": false,
    "display_order": 3,
    "text_motiv": "",
    "text_derog": "",
    "rule": [
      77,
      147
    ],
    "code_year": 2015,
    "text_standard": "<p>Ce jury est pr&eacute;sid&eacute; par un enseignant-chercheur.</p>\r\n"
  }
},
{
  "model": "rules.paragraph",
  "pk": 82,
  "fields": {
    "is_in_use": true,
    "is_interaction": false,
    "display_order": 1,
    "text_motiv": "",
    "text_derog": "",
    "rule": [
      10,
      148
    ],
    "code_year": 2015,
    "text_standard": "<p style=\"margin-left:1.7pt\">Au niveau de l&rsquo;UE&nbsp;: les notes qui, affect&eacute;es de leurs coefficients respectifs, entrent dans le calcul de la note d&rsquo;une UE se compensent entre elles, sans note &eacute;liminatoire. L&rsquo;UE est valid&eacute;e d&egrave;s lors qu&rsquo;un &eacute;tudiant y obtient une moyenne g&eacute;n&eacute;rale &eacute;gale ou sup&eacute;rieure &agrave; 10/20. La validation d&rsquo;une UE emporte l&rsquo;obtention des cr&eacute;dits europ&eacute;ens correspondant.</p>\r\n\r\n<p style=\"margin-left:1.7pt\">En cas de dispense, l&rsquo;UE n&rsquo;est pas prise en compte dans le calcul du semestre.</p>\r\n"
  }
},
{
  "model": "rules.paragraph",
  "pk": 83,
  "fields": {
    "is_in_use": true,
    "is_interaction": false,
    "display_order": 1,
    "text_motiv": "",
    "text_derog": "",
    "rule": [
      11,
      150
    ],
    "code_year": 2015,
    "text_standard": "<p>Au niveau du semestre: les notes des UE d&rsquo;un m&ecirc;me semestre se compensent entre elles, sans note&nbsp;&eacute;liminatoire. Le semestre est valid&eacute; si la moyenne des UE le composant, affect&eacute;es de leurs coefficients respectifs, est &eacute;gale ou&nbsp;sup&eacute;rieur &agrave; 10/20.</p>\r\n"
  }
},
{
  "model": "rules.paragraph",
  "pk": 84,
  "fields": {
    "is_in_use": true,
    "is_interaction": false,
    "display_order": 2,
    "text_motiv": "",
    "text_derog": "",
    "rule": [
      11,
      150
    ],
    "code_year": 2015,
    "text_standard": "<p>Au niveau des deux semestres d&rsquo;une m&ecirc;me ann&eacute;e d&rsquo;&eacute;tudes et au niveau du dipl&ocirc;me&nbsp;: la compensation op&egrave;re entre les moyennes obtenues aux deux semestres imm&eacute;diatement cons&eacute;cutifs d&rsquo;une m&ecirc;me ann&eacute;e d&rsquo;&eacute;tudes, c&rsquo;est-&agrave;-dire entre les semestres 1 et 2, ou entre les semestres 3 et 4, ou entre les semestre 5 et 6.</p>\r\n"
  }
},
{
  "model": "rules.paragraph",
  "pk": 85,
  "fields": {
    "is_in_use": true,
    "is_interaction": false,
    "display_order": 3,
    "text_motiv": "",
    "text_derog": "",
    "rule": [
      11,
      150
    ],
    "code_year": 2015,
    "text_standard": "<p>Toutefois, lorsqu&rsquo;un seul semestre n&rsquo;est pas valid&eacute; et que la moyenne des six semestres est &eacute;gale ou sup&eacute;rieure &agrave; 10/20, le jury de dipl&ocirc;me a la possibilit&eacute; d&rsquo;accorder la compensation de ce semestre non valid&eacute;. L&rsquo;&eacute;tudiant peut d&eacute;clarer renoncer au b&eacute;n&eacute;fice de cette compensation.</p>\r\n"
  }
},
{
  "model": "rules.paragraph",
  "pk": 86,
  "fields": {
    "is_in_use": true,
    "is_interaction": false,
    "display_order": 1,
    "text_motiv": "",
    "text_derog": "",
    "rule": [
      57,
      152
    ],
    "code_year": 2015,
    "text_standard": "<p>La licence professionnelle est d&eacute;cern&eacute;e aux &eacute;tudiants qui ont obtenu &agrave; la fois une moyenne g&eacute;n&eacute;rale &eacute;gale ou sup&eacute;rieure &agrave; 10/20 &agrave; l&#39;ensemble des unit&eacute;s d&#39;enseignement, y compris le projet tutor&eacute; et le stage, et une moyenne &eacute;gale ou sup&eacute;rieure &agrave; 10/20 &agrave; l&#39;ensemble constitu&eacute; du projet tutor&eacute; et du stage.</p>\r\n\r\n<p>La compensation entre &eacute;l&eacute;ments constitutifs d&#39;une unit&eacute; d&#39;enseignement, d&#39;une part, et les unit&eacute;s d&#39;enseignement, d&#39;autre part, s&#39;effectue sans note &eacute;liminatoire.&nbsp;</p>\r\n"
  }
},
{
  "model": "rules.paragraph",
  "pk": 87,
  "fields": {
    "is_in_use": true,
    "is_interaction": true,
    "display_order": 1,
    "text_motiv": "<p>Merci d&rsquo;indiquer, pour les conseils &eacute;lus, les motifs de votre choix.</p>\r\n",
    "text_derog": "<p>Veuillez indiquer le syst&egrave;me que vous souhaitez utiliser&nbsp;: syst&egrave;me de notes ind&eacute;pendantes (notes &eacute;liminatoires) ou syst&egrave;me avec compensation de notes.</p>\r\n\r\n<p>Si vous optez pour le syst&egrave;me de compensation, veuillez pr&eacute;ciser les diff&eacute;rents niveaux auxquels une compensation peut &ecirc;tre effectu&eacute;e (exemple&nbsp;: compensation de notes des UE d&rsquo;un m&ecirc;me semestre, compensation de notes des deux semestres etc.)</p>\r\n",
    "rule": [
      58,
      153
    ],
    "code_year": 2015,
    "text_standard": "<p>Le cumul entre un syst&egrave;me de notes ind&eacute;pendantes et un syst&egrave;me de notes entre lesquelles des compensations peuvent &ecirc;tre &eacute;tables n&rsquo;est pas autoris&eacute;. &nbsp;</p>\r\n"
  }
},
{
  "model": "rules.paragraph",
  "pk": 88,
  "fields": {
    "is_in_use": true,
    "is_interaction": true,
    "display_order": 1,
    "text_motiv": "<p>Merci d&rsquo;indiquer, pour les conseils &eacute;lus, les motifs de votre demande.</p>\r\n",
    "text_derog": "<p>Vous souhaitez demander une d&eacute;rogation pour cette r&egrave;gle.&nbsp;</p>\r\n\r\n<p>Merci de reprendre le passage pour le modifier ou y substituer le texte de la r&egrave;gle que vous souhaitez voir valider pour votre formation. N&rsquo;oubliez pas de d&eacute;tailler, le cas &eacute;ch&eacute;ant, les enseignements auxquels s&rsquo;appliquent votre r&egrave;gle, et les conditions et les crit&egrave;res d&rsquo;application, ou tout autre &eacute;l&eacute;ment pertinent.</p>\r\n",
    "rule": [
      12,
      151
    ],
    "code_year": 2015,
    "text_standard": "<p>Au niveau du semestre&nbsp;: les notes des UE d&rsquo;un m&ecirc;me semestre se compensent entre elles.</p>\r\n"
  }
},
{
  "model": "rules.paragraph",
  "pk": 89,
  "fields": {
    "is_in_use": true,
    "is_interaction": false,
    "display_order": 2,
    "text_motiv": "",
    "text_derog": "",
    "rule": [
      12,
      151
    ],
    "code_year": 2015,
    "text_standard": "<p>Le semestre est valid&eacute; si la moyenne des UE le composant, affect&eacute;es de leurs coefficients respectifs, est &eacute;gale ou sup&eacute;rieure &agrave; 10/20.</p>\r\n"
  }
},
{
  "model": "rules.paragraph",
  "pk": 90,
  "fields": {
    "is_in_use": true,
    "is_interaction": true,
    "display_order": 3,
    "text_motiv": "<p>Merci d&rsquo;indiquer, pour les conseils &eacute;lus, les motifs de votre demande.</p>\r\n",
    "text_derog": "<p>Vous souhaitez demander une d&eacute;rogation pour cet alin&eacute;a.</p>\r\n\r\n<p>Merci de reprendre le passage pour le modifier ou y substituer le texte de l&rsquo;alin&eacute;a que vous souhaitez voir valider pour votre formation. N&rsquo;oubliez pas de d&eacute;tailler, le cas &eacute;ch&eacute;ant, les enseignements auxquels s&rsquo;appliquent votre alin&eacute;a, et les conditions et les crit&egrave;res d&rsquo;application, ou tout autre &eacute;l&eacute;ment pertinent.</p>\r\n",
    "rule": [
      12,
      151
    ],
    "code_year": 2015,
    "text_standard": "<p>Au niveau des deux semestres d&rsquo;une m&ecirc;me ann&eacute;e d&rsquo;&eacute;tudes et au niveau du dipl&ocirc;me&nbsp;: les notes des semestres du Master ne se compensent pas entre elles.</p>\r\n"
  }
},
{
  "model": "rules.paragraph",
  "pk": 91,
  "fields": {
    "is_in_use": true,
    "is_interaction": false,
    "display_order": 1,
    "text_motiv": "",
    "text_derog": "",
    "rule": [
      59,
      154
    ],
    "code_year": 2015,
    "text_standard": "<p>Pour &ecirc;tre d&eacute;clar&eacute; admis, le candidat doit, dans le cas de l&rsquo;examen final, obtenir une note moyenne au moins &eacute;gale &agrave; 10/20 &agrave; l&rsquo;ensemble des &eacute;preuves.</p>\r\n"
  }
},
{
  "model": "rules.paragraph",
  "pk": 92,
  "fields": {
    "is_in_use": true,
    "is_interaction": false,
    "display_order": 1,
    "text_motiv": "",
    "text_derog": "",
    "rule": [
      60,
      155
    ],
    "code_year": 2015,
    "text_standard": "<p>Pour &ecirc;tre d&eacute;clar&eacute; admis, le candidat doit, dans le cas de modules capitalisables, obtenir une note moyenne au moins &eacute;gale &agrave; 10/20 &agrave; chacune des &eacute;preuves. Les quatre modules de la formation peuvent &ecirc;tre pr&eacute;sent&eacute;s lors d&rsquo;une m&ecirc;me session.</p>\r\n"
  }
},
{
  "model": "rules.paragraph",
  "pk": 93,
  "fields": {
    "is_in_use": true,
    "is_interaction": false,
    "display_order": 1,
    "text_motiv": "",
    "text_derog": "",
    "rule": [
      61,
      156
    ],
    "code_year": 2015,
    "text_standard": "<p>Les UE sont acquises et capitalisables d&egrave;s lros que l&rsquo;&eacute;tudiant y a obtenu la moyenne. Toute UE capitalis&eacute;e est prise en compte dans le dispositif de compensation, au m&ecirc;me titre et dans les m&ecirc;mes conditions que les autres UE.</p>\r\n"
  }
},
{
  "model": "rules.paragraph",
  "pk": 94,
  "fields": {
    "is_in_use": true,
    "is_interaction": false,
    "display_order": 2,
    "text_motiv": "",
    "text_derog": "",
    "rule": [
      61,
      156
    ],
    "code_year": 2015,
    "text_standard": "<p>Le semestre est valid&eacute; lorsque l&rsquo;&eacute;tudiant obtient &agrave; la fois&nbsp;:</p>\r\n\r\n<ul>\r\n\t<li>Une moyenne g&eacute;n&eacute;rale au moins &eacute;gale &agrave; 10/20 et une un moyenne au moins &eacute;gale &agrave; 8/20 dans chacune des UE&nbsp;;</li>\r\n\t<li>La validation des semestres pr&eacute;c&eacute;dents, lorsqu&rsquo;ils existent.</li>\r\n</ul>\r\n"
  }
},
{
  "model": "rules.paragraph",
  "pk": 95,
  "fields": {
    "is_in_use": true,
    "is_interaction": false,
    "display_order": 3,
    "text_motiv": "",
    "text_derog": "",
    "rule": [
      61,
      156
    ],
    "code_year": 2015,
    "text_standard": "<p>Si ces deux conditions ne sont pas remplies, la validation est assur&eacute;e par une compensation entre deux semestres cons&eacute;cutifs, sur la base d&rsquo;une moyenne g&eacute;n&eacute;rale au moins &eacute;gale &agrave; 10/20 et d&rsquo;une moyenne au moins &eacute;gale &agrave; 8/20 dans chacune des UE de ce semestre. Le semestre servant &agrave; compenser ne peut &ecirc;tre utilis&eacute; qu&rsquo;une fois au cours du cursus.</p>\r\n\r\n<p>L&rsquo;&eacute;tudiant peut renoncer au b&eacute;n&eacute;fice de cette compensation.</p>\r\n"
  }
},
{
  "model": "rules.paragraph",
  "pk": 96,
  "fields": {
    "is_in_use": true,
    "is_interaction": false,
    "display_order": 4,
    "text_motiv": "",
    "text_derog": "",
    "rule": [
      61,
      156
    ],
    "code_year": 2015,
    "text_standard": "<p>En outre, le directeur de l&rsquo;IUT peut prononcer la validation d&rsquo;un semestre sur proposition du jury.</p>\r\n"
  }
},
{
  "model": "rules.paragraph",
  "pk": 97,
  "fields": {
    "is_in_use": true,
    "is_interaction": false,
    "display_order": 5,
    "text_motiv": "",
    "text_derog": "",
    "rule": [
      61,
      156
    ],
    "code_year": 2015,
    "text_standard": "<p>La validation de tout semestre donne lieu &agrave; l&rsquo;obtention de l&rsquo;ensemble des UE qui le composent et des cr&eacute;dits europ&eacute;ens correspondants.</p>\r\n"
  }
},
{
  "model": "rules.paragraph",
  "pk": 98,
  "fields": {
    "is_in_use": true,
    "is_interaction": true,
    "display_order": 1,
    "text_motiv": "<p>Merci d&rsquo;indiquer, pour les conseils &eacute;lus, les motifs de votre demande.</p>\r\n",
    "text_derog": "<p>Vous souhaitez demander une d&eacute;rogation pour cet alin&eacute;a.</p>\r\n\r\n<p>Merci de reprendre le passage pour le modifier ou y substituer le texte de l&rsquo;alin&eacute;a que vous souhaitez voir valider pour votre formation. <em>N&rsquo;oubliez pas de d&eacute;tailler, le cas &eacute;ch&eacute;ant, les enseignements auxquels s&rsquo;appliquent votre alin&eacute;a, et les conditions et les crit&egrave;res d&rsquo;application, ou tout autre &eacute;l&eacute;ment <strong>pertinent.</strong></em></p>\r\n",
    "rule": [
      62,
      157
    ],
    "code_year": 2015,
    "text_standard": "<p style=\"margin-left:1.7pt\">Au niveau de l&rsquo;UE&nbsp;: les notes qui, affect&eacute;es de leurs coefficients respectifs, entrent dans le calcul de la note d&rsquo;une UE se compensent entre elles, sans note &eacute;liminatoire. L&rsquo;UE est valid&eacute;e d&egrave;s lors qu&rsquo;un &eacute;tudiant y obtient une moyenne g&eacute;n&eacute;rale &eacute;gale ou sup&eacute;rieure &agrave; 10/20.</p>\r\n\r\n<p style=\"margin-left:1.7pt\">En cas de dispense, l&rsquo;UE n&rsquo;est pas prise en compte dans le calcul du semestre.</p>\r\n"
  }
},
{
  "model": "rules.paragraph",
  "pk": 99,
  "fields": {
    "is_in_use": true,
    "is_interaction": true,
    "display_order": 2,
    "text_motiv": "<p>Merci d&rsquo;indiquer, pour les conseils &eacute;lus, les motifs de votre demande.</p>\r\n",
    "text_derog": "<p>Vous souhaitez demander une d&eacute;rogation pour cet alin&eacute;a.</p>\r\n\r\n<p>Merci de reprendre le passage pour le modifier ou y substituer le texte de l&rsquo;alin&eacute;a que vous souhaitez voir valider pour votre formation. <em>N&rsquo;oubliez pas de d&eacute;tailler, le cas &eacute;ch&eacute;ant, les enseignements auxquels s&rsquo;appliquent votre alin&eacute;a, et les conditions et les crit&egrave;res d&rsquo;application, ou tout autre &eacute;l&eacute;ment pertinent.</em></p>\r\n",
    "rule": [
      62,
      157
    ],
    "code_year": 2015,
    "text_standard": "<p>Au niveau du semestre : les notes des UE d&rsquo;un m&ecirc;me semestre se compensent entre elles, sans note&nbsp;&eacute;liminatoire. Le semestre est valid&eacute; si la moyenne des UE le composant, affect&eacute;es de leurs coefficients respectifs, est &eacute;gale ou&nbsp;sup&eacute;rieur &agrave; 10/20.</p>\r\n"
  }
},
{
  "model": "rules.paragraph",
  "pk": 100,
  "fields": {
    "is_in_use": true,
    "is_interaction": false,
    "display_order": 3,
    "text_motiv": "",
    "text_derog": "",
    "rule": [
      62,
      157
    ],
    "code_year": 2015,
    "text_standard": "<p>Au niveau des deux semestres d&rsquo;une m&ecirc;me ann&eacute;e d&rsquo;&eacute;tudes et au niveau du dipl&ocirc;me, les&nbsp; notes des semestres ne se compensent pas entre elles.</p>\r\n"
  }
},
{
  "model": "rules.paragraph",
  "pk": 101,
  "fields": {
    "is_in_use": true,
    "is_interaction": false,
    "display_order": 1,
    "text_motiv": "",
    "text_derog": "",
    "rule": [
      13,
      158
    ],
    "code_year": 2015,
    "text_standard": "<p>La moyenne g&eacute;n&eacute;rale obtenue au dipl&ocirc;me est la moyenne des notes des six semestres, sans pond&eacute;ration des semestres.</p>\r\n"
  }
},
{
  "model": "rules.paragraph",
  "pk": 102,
  "fields": {
    "is_in_use": true,
    "is_interaction": true,
    "display_order": 1,
    "text_motiv": "<p><strong>Merci d&rsquo;indiquer, pour les conseils &eacute;lus, les motifs de votre demande.</strong></p>\r\n",
    "text_derog": "<p>Vous souhaitez demander une d&eacute;rogation pour cet alin&eacute;a.</p>\r\n\r\n<p>Merci de reprendre le passage pour le modifier ou y substituer le texte de l&rsquo;alin&eacute;a que vous souhaitez voir valider pour votre formation. <em>N&rsquo;oubliez pas de d&eacute;tailler, le cas &eacute;ch&eacute;ant, les enseignements auxquels s&rsquo;appliquent votre alin&eacute;a, et les conditions et les crit&egrave;res d&rsquo;application, ou tout autre &eacute;l&eacute;ment pertinent.</em></p>\r\n",
    "rule": [
      14,
      159
    ],
    "code_year": 2015,
    "text_standard": "<p>La moyenne g&eacute;n&eacute;rale au dipl&ocirc;me&nbsp; est la moyenne des notes des quatre semestres, sans pond&eacute;ration des semestres.</p>\r\n"
  }
},
{
  "model": "rules.paragraph",
  "pk": 103,
  "fields": {
    "is_in_use": true,
    "is_interaction": false,
    "display_order": 1,
    "text_motiv": "",
    "text_derog": "",
    "rule": [
      63,
      160
    ],
    "code_year": 2015,
    "text_standard": "<p>La moyenne g&eacute;n&eacute;rale obtenue en DEUST est la moyenne de l&rsquo;ensemble des notes obtenues, pond&eacute;r&eacute;es par les coefficients.</p>\r\n"
  }
},
{
  "model": "rules.paragraph",
  "pk": 104,
  "fields": {
    "is_in_use": true,
    "is_interaction": false,
    "display_order": 1,
    "text_motiv": "",
    "text_derog": "",
    "rule": [
      64,
      161
    ],
    "code_year": 2015,
    "text_standard": "<p>L&rsquo;ann&eacute;e universitaire de PACES est sanctionn&eacute;e par un concours.</p>\r\n\r\n<p>La validation de l&rsquo;ensemble des unit&eacute;s d&rsquo;enseignements permet l&rsquo;acquisition de 60 ECTS.</p>\r\n"
  }
},
{
  "model": "rules.paragraph",
  "pk": 105,
  "fields": {
    "is_in_use": true,
    "is_interaction": false,
    "display_order": 2,
    "text_motiv": "",
    "text_derog": "",
    "rule": [
      64,
      161
    ],
    "code_year": 2015,
    "text_standard": "<p>Pour &ecirc;tre admis &agrave; poursuivre des &eacute;tudes m&eacute;dicales, odontologiques, pharmaceutiques ou de sage-femme au-del&agrave; de la premi&egrave;re ann&eacute;e des &eacute;tudes de sant&eacute;, les candidats doivent figurer en rang utile (num&eacute;rus clausus) sur la liste des classements correspondant &agrave; la fili&egrave;re de sant&eacute; choisie. Lorsque dans la limite des numerus clausus fix&eacute;s se trouvent des &eacute;tudiants de nationalit&eacute; &eacute;trang&egrave;re, une majoration&nbsp; &eacute;gale au nombre d&rsquo;&eacute;tudiants &eacute;trangers class&eacute;s en rang utile peut &ecirc;tre effectu&eacute;e sans exc&eacute;der 8% du contingentement propre &agrave; chacune des fili&egrave;res.</p>\r\n"
  }
},
{
  "model": "rules.paragraph",
  "pk": 106,
  "fields": {
    "is_in_use": true,
    "is_interaction": false,
    "display_order": 3,
    "text_motiv": "",
    "text_derog": "",
    "rule": [
      64,
      161
    ],
    "code_year": 2015,
    "text_standard": "<p>Le classement se fera sur la base des notes obtenues au tronc commun ainsi qu&rsquo;&agrave; l&rsquo;UE sp&eacute;cifique, chaque UE &eacute;tant affect&eacute;e d&rsquo;un coefficient de pond&eacute;ration propre &agrave; chaque fili&egrave;re.</p>\r\n"
  }
},
{
  "model": "rules.paragraph",
  "pk": 107,
  "fields": {
    "is_in_use": true,
    "is_interaction": false,
    "display_order": 1,
    "text_motiv": "",
    "text_derog": "",
    "rule": [
      65,
      162
    ],
    "code_year": 2015,
    "text_standard": "<p>Le dipl&ocirc;me est d&eacute;livr&eacute; aux &eacute;tudiants qui ont acquis les quatre semestres de la fili&egrave;re apr&egrave;s la PACES, par l&rsquo;obtention de 180 ECTS et les stages aff&eacute;rents. Ce dipl&ocirc;me conf&egrave;re le grade de licence.</p>\r\n"
  }
},
{
  "model": "rules.paragraph",
  "pk": 108,
  "fields": {
    "is_in_use": true,
    "is_interaction": false,
    "display_order": 1,
    "text_motiv": "",
    "text_derog": "",
    "rule": [
      66,
      163
    ],
    "code_year": 2015,
    "text_standard": "<p><em>Le dipl&ocirc;me est d&eacute;livr&eacute; aux &eacute;tudiants qui ont acquis&nbsp;:</em></p>\r\n\r\n<ul>\r\n\t<li><em>en sciences pharmaceutiques&nbsp;: les quatre semestres par l&rsquo;obtention de 120 ECTS, les stages aff&eacute;rents et le certificat de synth&egrave;se pharmaceutique</em></li>\r\n\t<li><em>en sciences m&eacute;dicales&nbsp;: les six semestres par l&rsquo;obtention de 120 ECTS, les stages aff&eacute;rents et le certificat de comp&eacute;tence clinique</em></li>\r\n\t<li><em>en sciences odontologiques&nbsp;: les quatre semestres par l&rsquo;obtention de 120 ECTS, les stages aff&eacute;rents et le certificat de synth&egrave;se clinique et th&eacute;rapeutiques</em></li>\r\n</ul>\r\n\r\n<p><em>Ce dipl&ocirc;me conf&egrave;re le grade de master.</em></p>\r\n"
  }
},
{
  "model": "rules.paragraph",
  "pk": 109,
  "fields": {
    "is_in_use": true,
    "is_interaction": false,
    "display_order": 1,
    "text_motiv": "",
    "text_derog": "",
    "rule": [
      67,
      164
    ],
    "code_year": 2015,
    "text_standard": "<p>Le dipl&ocirc;me d&rsquo;Etat de Docteur est d&eacute;livr&eacute; aux &eacute;tudiants ayant valid&eacute; les trois cycles d&rsquo;&eacute;tudes et soutenu avec succ&egrave;s leur th&egrave;se.</p>\r\n"
  }
},
{
  "model": "rules.paragraph",
  "pk": 110,
  "fields": {
    "is_in_use": true,
    "is_interaction": false,
    "display_order": 2,
    "text_motiv": "",
    "text_derog": "",
    "rule": [
      67,
      164
    ],
    "code_year": 2015,
    "text_standard": "<p>Le jury de th&egrave;se peut refuser la th&egrave;se et demander des modifications.</p>\r\n\r\n<p>Il peut l&rsquo;admettre avec l&rsquo;une des mentions suivantes&nbsp;: passable, assez bien, bien ou tr&egrave;s bien.</p>\r\n"
  }
},
{
  "model": "rules.paragraph",
  "pk": 111,
  "fields": {
    "is_in_use": true,
    "is_interaction": false,
    "display_order": 1,
    "text_motiv": "",
    "text_derog": "",
    "rule": [
      15,
      166
    ],
    "code_year": 2015,
    "text_standard": "<p>En cas de dispense de semestre, la moyenne g&eacute;n&eacute;rale au dipl&ocirc;me est la moyenne des notes des seuls semestres effectu&eacute;s &agrave; l&rsquo;Universit&eacute; de Strasbourg.</p>\r\n"
  }
},
{
  "model": "rules.paragraph",
  "pk": 112,
  "fields": {
    "is_in_use": true,
    "is_interaction": false,
    "display_order": 2,
    "text_motiv": "",
    "text_derog": "",
    "rule": [
      15,
      166
    ],
    "code_year": 2015,
    "text_standard": "<p style=\"margin-left:1.7pt\">Les &eacute;tudes accomplies &agrave; l&rsquo;&eacute;tranger, selon un contrat p&eacute;dagogique mis en &oelig;uvre dans le cadre d&rsquo;&eacute;changes internationaux conventionn&eacute;s, sont consid&eacute;r&eacute;es comme des &eacute;tudes accomplies &agrave; l&rsquo;Universit&eacute; de Strasbourg. Les modalit&eacute;s d&rsquo;&eacute;valuation de l&rsquo;&eacute;tudiant en mobilit&eacute; sont pr&eacute;cis&eacute;es dans son contrat p&eacute;dagogique.</p>\r\n"
  }
},
{
  "model": "rules.paragraph",
  "pk": 113,
  "fields": {
    "is_in_use": true,
    "is_interaction": false,
    "display_order": 3,
    "text_motiv": "",
    "text_derog": "",
    "rule": [
      15,
      166
    ],
    "code_year": 2015,
    "text_standard": "<p>En cas de r&eacute;orientation, la moyenne g&eacute;n&eacute;rale obtenue au dipl&ocirc;me est la moyenne des notes des seuls semestres effectu&eacute;s dans le dipl&ocirc;me terminal.</p>\r\n"
  }
},
{
  "model": "rules.paragraph",
  "pk": 114,
  "fields": {
    "is_in_use": true,
    "is_interaction": false,
    "display_order": 4,
    "text_motiv": "",
    "text_derog": "",
    "rule": [
      15,
      166
    ],
    "code_year": 2015,
    "text_standard": "<p>L&rsquo;attribution d&rsquo;une mention (assez bien&nbsp;: 12/20&nbsp;; bien&nbsp;: 14/20&nbsp;; tr&egrave;s bien&nbsp;: 16/20) est calcul&eacute;e sur la moyenne g&eacute;n&eacute;rale obtenue au dipl&ocirc;me. Des points de jury peuvent &ecirc;tre accord&eacute;s pour l&rsquo;attribution d&rsquo;une mention.</p>\r\n"
  }
},
{
  "model": "rules.paragraph",
  "pk": 115,
  "fields": {
    "is_in_use": true,
    "is_interaction": false,
    "display_order": 1,
    "text_motiv": "",
    "text_derog": "",
    "rule": [
      16,
      167
    ],
    "code_year": 2015,
    "text_standard": "<p style=\"margin-left:1.7pt\">La r&eacute;ussite au dipl&ocirc;me interm&eacute;diaire de DEUG repose sur la r&eacute;ussite aux quatre premiers semestres de Licence. Toutefois, la compensation op&egrave;re, sans note &eacute;liminatoire, entre les semestres 1 et 2 et entre les semestres 3 et 4.</p>\r\n\r\n<p>La moyenne g&eacute;n&eacute;rale obtenue au DEUG est la moyenne des quatre premiers semestres de Licence, sans pond&eacute;ration des semestres.</p>\r\n"
  }
},
{
  "model": "rules.paragraph",
  "pk": 116,
  "fields": {
    "is_in_use": true,
    "is_interaction": false,
    "display_order": 2,
    "text_motiv": "",
    "text_derog": "",
    "rule": [
      16,
      167
    ],
    "code_year": 2015,
    "text_standard": "<p>En cas de dispense de semestre, la moyenne obtenue au DEUG est la moyenne des notes des seuls semestres effectu&eacute;s &agrave; l&rsquo;Universit&eacute; de Strasbourg.</p>\r\n"
  }
},
{
  "model": "rules.paragraph",
  "pk": 117,
  "fields": {
    "is_in_use": true,
    "is_interaction": true,
    "display_order": 1,
    "text_motiv": "<p>Merci d&rsquo;indiquer, pour les conseils &eacute;lus, les motifs de votre demande.</p>\r\n",
    "text_derog": "<p>Vous souhaitez demander une d&eacute;rogation pour cet alin&eacute;a.</p>\r\n\r\n<p>Merci de reprendre le passage pour le modifier ou y substituer le texte de l&rsquo;alin&eacute;a que vous souhaitez voir valider pour votre formation. <em>N&rsquo;oubliez pas de d&eacute;tailler, le cas &eacute;ch&eacute;ant, les enseignements auxquels s&rsquo;appliquent votre alin&eacute;a, et les conditions et les crit&egrave;res d&rsquo;application, ou tout autre &eacute;l&eacute;ment pertinent.</em></p>\r\n",
    "rule": [
      17,
      168
    ],
    "code_year": 2015,
    "text_standard": "<p>La r&eacute;ussite au dipl&ocirc;me interm&eacute;diaire de Ma&icirc;trise repose sur la r&eacute;ussite &agrave; chacun des deux premiers semestres du Master. Les semestres ne se compensent pas entre eux.</p>\r\n"
  }
},
{
  "model": "rules.paragraph",
  "pk": 118,
  "fields": {
    "is_in_use": true,
    "is_interaction": false,
    "display_order": 2,
    "text_motiv": "",
    "text_derog": "",
    "rule": [
      17,
      168
    ],
    "code_year": 2015,
    "text_standard": "<p>La note de Ma&icirc;trise est la moyenne des notes des deux premiers semestres du Master, sans pond&eacute;ration des semestres.</p>\r\n"
  }
},
{
  "model": "rules.paragraph",
  "pk": 119,
  "fields": {
    "is_in_use": true,
    "is_interaction": true,
    "display_order": 1,
    "text_motiv": "<p>Merci d&rsquo;indiquer, pour les conseils &eacute;lus, les motifs de votre demande.</p>\r\n",
    "text_derog": "<p>Vous souhaitez demander une d&eacute;rogation pour cet alin&eacute;a.</p>\r\n\r\n<p>Merci de reprendre le passage pour le modifier ou y substituer le texte de l&rsquo;alin&eacute;a que vous souhaitez voir valider pour votre formation. <em>N&rsquo;oubliez pas de d&eacute;tailler, le cas &eacute;ch&eacute;ant, les enseignements auxquels s&rsquo;appliquent votre alin&eacute;a, et les conditions et les crit&egrave;res d&rsquo;application, ou tout autre &eacute;l&eacute;ment <strong>pertinent.</strong></em></p>\r\n",
    "rule": [
      18,
      169
    ],
    "code_year": 2015,
    "text_standard": "<p>Les notes sup&eacute;rieures ou &eacute;gales &agrave; 10/20 obtenues &agrave; des &eacute;preuves dans des UE non acquises ne sont pas conserv&eacute;es d&rsquo;une ann&eacute;e &agrave; l&rsquo;autre.</p>\r\n"
  }
},
{
  "model": "rules.paragraph",
  "pk": 120,
  "fields": {
    "is_in_use": true,
    "is_interaction": false,
    "display_order": 1,
    "text_motiv": "",
    "text_derog": "",
    "rule": [
      68,
      170
    ],
    "code_year": 2015,
    "text_standard": "<p>Les U.E. ne peuvent se valider ind&eacute;pendamment, l&#39;admission finale portant sur la</p>\r\n\r\n<p>somme des notes obtenues aux diff&eacute;rents examens. Leurs notes ne peuvent &ecirc;tre report&eacute;es ni conserv&eacute;es en cas de r&eacute;-inscription en PACES.</p>\r\n"
  }
},
{
  "model": "rules.paragraph",
  "pk": 121,
  "fields": {
    "is_in_use": true,
    "is_interaction": false,
    "display_order": 1,
    "text_motiv": "",
    "text_derog": "",
    "rule": [
      19,
      171
    ],
    "code_year": 2015,
    "text_standard": "<p>Une UE dont la note est sup&eacute;rieure ou &eacute;gale &agrave; 10/20 est valid&eacute;e.</p>\r\n"
  }
},
{
  "model": "rules.paragraph",
  "pk": 122,
  "fields": {
    "is_in_use": true,
    "is_interaction": false,
    "display_order": 2,
    "text_motiv": "",
    "text_derog": "",
    "rule": [
      19,
      171
    ],
    "code_year": 2015,
    "text_standard": "<p style=\"margin-left:1.7pt\">L&rsquo;acquisition d&rsquo;une UE emporte celle des cr&eacute;dits europ&eacute;ens correspondants.</p>\r\n\r\n<p>Les &eacute;l&eacute;ments constitutifs d&rsquo;une UE ne sont pas affect&eacute;s individuellement de cr&eacute;dits europ&eacute;ens.</p>\r\n"
  }
},
{
  "model": "rules.paragraph",
  "pk": 123,
  "fields": {
    "is_in_use": true,
    "is_interaction": true,
    "display_order": 3,
    "text_motiv": "<p><strong>Merci d&rsquo;indiquer, pour les conseils &eacute;lus, les motifs de votre demande.</strong></p>\r\n",
    "text_derog": "<p>Vous souhaitez demander une d&eacute;rogation pour cet alin&eacute;a.</p>\r\n\r\n<p>Merci de reprendre le passage pour le modifier ou y substituer le texte de l&rsquo;alin&eacute;a que vous souhaitez voir valider pour votre formation. <em>N&rsquo;oubliez pas de d&eacute;tailler, le cas &eacute;ch&eacute;ant, les enseignements auxquels s&rsquo;appliquent votre alin&eacute;a, et les conditions et les crit&egrave;res d&rsquo;application, ou tout autre &eacute;l&eacute;ment <strong>pertinent.</strong></em></p>\r\n",
    "rule": [
      19,
      171
    ],
    "code_year": 2015,
    "text_standard": "<p>Une UE acquise ne peut plus &ecirc;tre repr&eacute;sent&eacute;e &agrave; un examen, quel que soit le parcours d&rsquo;&eacute;tudes o&ugrave; elle est inscrite.</p>\r\n"
  }
},
{
  "model": "rules.paragraph",
  "pk": 124,
  "fields": {
    "is_in_use": true,
    "is_interaction": false,
    "display_order": 4,
    "text_motiv": "",
    "text_derog": "",
    "rule": [
      19,
      171
    ],
    "code_year": 2015,
    "text_standard": "<p>Une UE non acquise appartenant &agrave; un semestre valid&eacute; ne peut pas &ecirc;tre repr&eacute;sent&eacute;e &agrave; un examen en vue d&rsquo;am&eacute;liorer la note de ce semestre. Elle peut toutefois &ecirc;tre repr&eacute;sent&eacute;e &agrave; un examen si elle est inscrite dans un autre dipl&ocirc;me (mention ou sp&eacute;cialit&eacute;).</p>\r\n"
  }
},
{
  "model": "rules.paragraph",
  "pk": 125,
  "fields": {
    "is_in_use": true,
    "is_interaction": false,
    "display_order": 5,
    "text_motiv": "",
    "text_derog": "",
    "rule": [
      19,
      171
    ],
    "code_year": 2015,
    "text_standard": "<p>En cas de redoublement ou de modification de l&rsquo;offre de formation, les UE acquises au titre d&rsquo;une ann&eacute;e universitaire ant&eacute;rieure et ne figurant plus au programme du dipl&ocirc;me font l&rsquo;objet de mesures transitoires. Les mesures transitoires pr&eacute;servent le nombre de cr&eacute;dits europ&eacute;ens acquis par l&rsquo;&eacute;tudiant.</p>\r\n"
  }
},
{
  "model": "rules.paragraph",
  "pk": 126,
  "fields": {
    "is_in_use": true,
    "is_interaction": false,
    "display_order": 1,
    "text_motiv": "",
    "text_derog": "",
    "rule": [
      69,
      172
    ],
    "code_year": 2015,
    "text_standard": "<p>Lorsque la licence professionnelle n&#39;a pas &eacute;t&eacute; obtenue, les unit&eacute;s d&#39;enseignement dans lesquelles la moyenne de 10 a &eacute;t&eacute; obtenue sont capitalisables. Par ailleurs, l&#39;&eacute;tudiant peut conserver, &agrave; sa demande, le b&eacute;n&eacute;fice des unit&eacute;s d&#39;enseignement pour lesquelles il a obtenu une note &eacute;gale ou sup&eacute;rieure &agrave; 8 sur 20.&nbsp;</p>\r\n"
  }
},
{
  "model": "rules.paragraph",
  "pk": 127,
  "fields": {
    "is_in_use": true,
    "is_interaction": false,
    "display_order": 1,
    "text_motiv": "",
    "text_derog": "",
    "rule": [
      70,
      173
    ],
    "code_year": 2015,
    "text_standard": "<p style=\"margin-left:1.7pt\">L&rsquo;acquisition d&rsquo;une UE emporte celle des cr&eacute;dits europ&eacute;ens correspondants.</p>\r\n\r\n<p>Les &eacute;l&eacute;ments constitutifs d&rsquo;une UE ne sont pas affect&eacute;s individuellement de cr&eacute;dits europ&eacute;ens.</p>\r\n"
  }
},
{
  "model": "rules.paragraph",
  "pk": 128,
  "fields": {
    "is_in_use": true,
    "is_interaction": false,
    "display_order": 2,
    "text_motiv": "",
    "text_derog": "",
    "rule": [
      70,
      173
    ],
    "code_year": 2015,
    "text_standard": "<p>Une UE acquise peut &ecirc;tre repr&eacute;sent&eacute;e &agrave; un examen, dans le cas de redoublement d&rsquo;un semestre, notamment pour am&eacute;liorer les conditions de r&eacute;ussite de sa formation. La compensation prend en compte le r&eacute;sultat le plus favorable pour l&rsquo;&eacute;tudiant.</p>\r\n"
  }
},
{
  "model": "rules.paragraph",
  "pk": 129,
  "fields": {
    "is_in_use": true,
    "is_interaction": false,
    "display_order": 3,
    "text_motiv": "",
    "text_derog": "",
    "rule": [
      70,
      173
    ],
    "code_year": 2015,
    "text_standard": "<p>Une UE non acquise appartenant &agrave; un semestre valid&eacute; ne peut pas &ecirc;tre repr&eacute;sent&eacute;e &agrave; un examen en vue d&rsquo;am&eacute;liorer la note de ce semestre. Elle peut toutefois &ecirc;tre repr&eacute;sent&eacute;e &agrave; un examen si elle est inscrite dans un autre dipl&ocirc;me (mention ou sp&eacute;cialit&eacute;).</p>\r\n"
  }
},
{
  "model": "rules.paragraph",
  "pk": 130,
  "fields": {
    "is_in_use": true,
    "is_interaction": false,
    "display_order": 4,
    "text_motiv": "",
    "text_derog": "",
    "rule": [
      70,
      173
    ],
    "code_year": 2015,
    "text_standard": "<p>En cas de redoublement ou de modification de l&rsquo;offre de formation, les UE acquises au titre d&rsquo;une ann&eacute;e universitaire ant&eacute;rieure et ne figurant plus au programme du dipl&ocirc;me font l&rsquo;objet de mesures transitoires. Les mesures transitoires pr&eacute;servent le nombre de cr&eacute;dits europ&eacute;ens acquis par l&rsquo;&eacute;tudiant.</p>\r\n"
  }
},
{
  "model": "rules.paragraph",
  "pk": 131,
  "fields": {
    "is_in_use": true,
    "is_interaction": false,
    "display_order": 1,
    "text_motiv": "",
    "text_derog": "",
    "rule": [
      20,
      175
    ],
    "code_year": 2015,
    "text_standard": "<p>Deux sessions d&rsquo;examens sont organis&eacute;es pour chaque semestre durant l&rsquo;ann&eacute;e universitaire. La session de rattrapage concerne les &eacute;tudiants d&eacute;faillants ou ajourn&eacute;s apr&egrave;s la tenue du jury.</p>\r\n"
  }
},
{
  "model": "rules.paragraph",
  "pk": 132,
  "fields": {
    "is_in_use": true,
    "is_interaction": false,
    "display_order": 2,
    "text_motiv": "",
    "text_derog": "",
    "rule": [
      20,
      175
    ],
    "code_year": 2015,
    "text_standard": "<p>Les modalit&eacute;s d&rsquo;&eacute;valuation des &eacute;tudiants peuvent &ecirc;tre pr&eacute;vues sous la forme d&rsquo;un contr&ocirc;le continu. Dans ce cas, il peut constituer int&eacute;gralement la session principale d&rsquo;examens et contribuer &agrave; la session de rattrapage sous la forme d&rsquo;un report de notes de TD et/ou de TP.</p>\r\n"
  }
},
{
  "model": "rules.paragraph",
  "pk": 133,
  "fields": {
    "is_in_use": true,
    "is_interaction": false,
    "display_order": 3,
    "text_motiv": "",
    "text_derog": "",
    "rule": [
      20,
      175
    ],
    "code_year": 2015,
    "text_standard": "<p>Une session de rattrapage intervient dans un d&eacute;lai qui ne peut &ecirc;tre inf&eacute;rieur &agrave; deux semaines apr&egrave;s la publication des r&eacute;sultats semestriels.</p>\r\n"
  }
},
{
  "model": "rules.paragraph",
  "pk": 134,
  "fields": {
    "is_in_use": true,
    "is_interaction": false,
    "display_order": 1,
    "text_motiv": "",
    "text_derog": "",
    "rule": [
      71,
      176
    ],
    "code_year": 2015,
    "text_standard": "<p>S&#39;agissant d&#39;un concours, il n&#39;y a pas de session de rattrapage pour les absent(e)s</p>\r\n\r\n<p>[excus&eacute;(e)s ou non] aux &eacute;preuves &eacute;crites anonymes de janvier ou de juin.</p>\r\n"
  }
},
{
  "model": "rules.paragraph",
  "pk": 135,
  "fields": {
    "is_in_use": true,
    "is_interaction": true,
    "display_order": 1,
    "text_motiv": "<p><strong>Merci d&rsquo;indiquer, pour les conseils &eacute;lus, les motifs de votre demande.</strong></p>\r\n",
    "text_derog": "<p>Vous souhaitez demander une d&eacute;rogation pour cet alin&eacute;a.</p>\r\n\r\n<p>Merci de reprendre le passage pour le modifier ou y substituer le texte de l&rsquo;alin&eacute;a que vous souhaitez voir valider pour votre formation. <em>N&rsquo;oubliez pas de d&eacute;tailler, le cas &eacute;ch&eacute;ant, les enseignements auxquels s&rsquo;appliquent votre alin&eacute;a, et les conditions et les crit&egrave;res d&rsquo;application, ou tout autre &eacute;l&eacute;ment pertinent.</em></p>\r\n",
    "rule": [
      72,
      179
    ],
    "code_year": 2015,
    "text_standard": "<p>La session de rattrapage comporte des &eacute;preuves terminales en m&ecirc;me nombre et de m&ecirc;me nature que la premi&egrave;re.</p>\r\n"
  }
},
{
  "model": "rules.paragraph",
  "pk": 136,
  "fields": {
    "is_in_use": true,
    "is_interaction": true,
    "display_order": 1,
    "text_motiv": "<p>Merci d&rsquo;indiquer, pour les conseils &eacute;lus, les motifs de votre demande.</p>\r\n",
    "text_derog": "<p>Vous souhaitez demander une d&eacute;rogation pour cet alin&eacute;a.</p>\r\n\r\n<p>Merci de reprendre le passage pour le modifier ou y substituer le texte de l&rsquo;alin&eacute;a que vous souhaitez voir valider pour votre formation. <em>N&rsquo;oubliez pas de d&eacute;tailler, le cas &eacute;ch&eacute;ant, les enseignements auxquels s&rsquo;appliquent votre alin&eacute;a, et les conditions et les crit&egrave;res d&rsquo;application, ou tout autre &eacute;l&eacute;ment pertinent.</em></p>\r\n",
    "rule": [
      21,
      177
    ],
    "code_year": 2015,
    "text_standard": "<p>Une session de rattrapage peut &ecirc;tre organis&eacute;e.</p>\r\n"
  }
},
{
  "model": "rules.paragraph",
  "pk": 137,
  "fields": {
    "is_in_use": true,
    "is_interaction": false,
    "display_order": 2,
    "text_motiv": "",
    "text_derog": "",
    "rule": [
      21,
      177
    ],
    "code_year": 2015,
    "text_standard": "<p>La session de rattrapage concerne les &eacute;tudiants d&eacute;faillants ou ajourn&eacute;s apr&egrave;s la tenue du jury.</p>\r\n"
  }
},
{
  "model": "rules.paragraph",
  "pk": 138,
  "fields": {
    "is_in_use": true,
    "is_interaction": false,
    "display_order": 3,
    "text_motiv": "",
    "text_derog": "",
    "rule": [
      21,
      177
    ],
    "code_year": 2015,
    "text_standard": "<p>Une session de rattrapage intervient dans un d&eacute;lai qui ne peut &ecirc;tre inf&eacute;rieur &agrave; deux semaines apr&egrave;s la publication des r&eacute;sultats semestriels.</p>\r\n"
  }
},
{
  "model": "rules.paragraph",
  "pk": 139,
  "fields": {
    "is_in_use": true,
    "is_interaction": false,
    "display_order": 1,
    "text_motiv": "",
    "text_derog": "",
    "rule": [
      73,
      178
    ],
    "code_year": 2015,
    "text_standard": "<p>L&rsquo;appr&eacute;ciation des r&eacute;sultats du contr&ocirc;le des connaissances donne lieu &agrave; deux sessions &agrave; un semestre au plus d&rsquo;intervalle (une session d&rsquo;examen par semestre).</p>\r\n"
  }
},
{
  "model": "rules.paragraph",
  "pk": 140,
  "fields": {
    "is_in_use": true,
    "is_interaction": true,
    "display_order": 2,
    "text_motiv": "<p><strong>Merci d&rsquo;indiquer, pour les conseils &eacute;lus, les motifs de votre demande.</strong></p>\r\n",
    "text_derog": "<p>Vous souhaitez demander une d&eacute;rogation pour cet alin&eacute;a.</p>\r\n\r\n<p>Merci de reprendre le passage pour le modifier ou y substituer le texte de l&rsquo;alin&eacute;a que vous souhaitez voir valider pour votre formation. <em>N&rsquo;oubliez pas de d&eacute;tailler, le cas &eacute;ch&eacute;ant, les enseignements auxquels s&rsquo;appliquent votre alin&eacute;a, et les conditions et les crit&egrave;res d&rsquo;application, ou tout autre &eacute;l&eacute;ment pertinent.</em></p>\r\n",
    "rule": [
      73,
      178
    ],
    "code_year": 2015,
    "text_standard": "<p>Une session de rattrapage peut &ecirc;tre organis&eacute;e. La session de rattrapage concerne les &eacute;tudiants d&eacute;faillants ou ajourn&eacute;s apr&egrave;s la tenue du jury.</p>\r\n"
  }
},
{
  "model": "rules.paragraph",
  "pk": 141,
  "fields": {
    "is_in_use": true,
    "is_interaction": true,
    "display_order": 1,
    "text_motiv": "<p><strong>Merci d&rsquo;indiquer, pour les conseils &eacute;lus, les motifs de votre demande.</strong></p>\r\n",
    "text_derog": "<p>Vous souhaitez demander une d&eacute;rogation pour cet alin&eacute;a.</p>\r\n\r\n<p>Merci de reprendre le passage pour le modifier ou y substituer le texte de l&rsquo;alin&eacute;a que vous souhaitez voir valider pour votre formation. <em>N&rsquo;oubliez pas de d&eacute;tailler, le cas &eacute;ch&eacute;ant, les enseignements auxquels s&rsquo;appliquent votre alin&eacute;a, et les conditions et les crit&egrave;res d&rsquo;application, ou tout autre &eacute;l&eacute;ment pertinent.</em></p>\r\n",
    "rule": [
      74,
      180
    ],
    "code_year": 2015,
    "text_standard": "<p>Lorsqu&rsquo;est organis&eacute;e une session de rattrapage, elle comporte des &eacute;preuves terminales en m&ecirc;me nombre et de m&ecirc;me nature que la premi&egrave;re.</p>\r\n"
  }
},
{
  "model": "rules.paragraph",
  "pk": 142,
  "fields": {
    "is_in_use": true,
    "is_interaction": false,
    "display_order": 1,
    "text_motiv": "",
    "text_derog": "",
    "rule": [
      22,
      181
    ],
    "code_year": 2015,
    "text_standard": "<p style=\"margin-left:1.7pt\">L&rsquo;&eacute;valuation continue int&eacute;grale consiste en une pluralit&eacute; d&rsquo;&eacute;valuations diversifi&eacute;es, r&eacute;parties r&eacute;guli&egrave;rement sur l&rsquo;ensemble des&nbsp; semaines du semestre et pour l&rsquo;ensemble des enseignements dont l&rsquo;objectif est de renforcer la dimension formative des &eacute;valuations et de conf&eacute;rer aux retours sur les &eacute;valuations un r&ocirc;le important dans la progression des &eacute;tudiants.</p>\r\n\r\n<p>Elle doit permettre &agrave; l&rsquo;&eacute;quipe p&eacute;dagogique d&rsquo;attester que l&rsquo;&eacute;tudiant ma&icirc;trise les connaissances et comp&eacute;tences vis&eacute;es dans une UE. Elle n&rsquo;a pas n&eacute;cessairement pour objectif d&rsquo;&eacute;valuer tous les contenus p&eacute;dagogiques d&rsquo;une UE.</p>\r\n"
  }
},
{
  "model": "rules.paragraph",
  "pk": 143,
  "fields": {
    "is_in_use": true,
    "is_interaction": false,
    "display_order": 1,
    "text_motiv": "",
    "text_derog": "",
    "rule": [
      23,
      182
    ],
    "code_year": 2015,
    "text_standard": "<p>L&rsquo;organisation temporelle de toutes les &eacute;valuations (avec et sans convocation) est &eacute;tablie de fa&ccedil;on concert&eacute;e dans l&rsquo;&eacute;quipe p&eacute;dagogique de la formation. Le responsable du parcours ou de la sp&eacute;cialit&eacute; concern&eacute;e, ou le directeur des &eacute;tudes (ou appellation &eacute;quivalente) si cette fonction est pr&eacute;vue par la composante porteuse de la formation, est le responsable de ce calendrier. Il a donc autorit&eacute; au sein de l&rsquo;&eacute;quipe p&eacute;dagogique pour garantir la meilleure coordonnation possible entre les &eacute;valuations. L&rsquo;organisation pratique est coordonn&eacute;e par l&rsquo;&eacute;quipe p&eacute;dagogique et la scolarit&eacute; de la composante et la DALI.</p>\r\n"
  }
},
{
  "model": "rules.paragraph",
  "pk": 144,
  "fields": {
    "is_in_use": true,
    "is_interaction": false,
    "display_order": 2,
    "text_motiv": "",
    "text_derog": "",
    "rule": [
      23,
      182
    ],
    "code_year": 2015,
    "text_standard": "<p>La r&eacute;partition r&eacute;guli&egrave;re des &eacute;valuations peut &ecirc;tre garantie par le recours syst&eacute;matique &agrave; des cr&eacute;neaux hebdomadaires identifi&eacute;s dans l&rsquo;emploi du temps.</p>\r\n"
  }
},
{
  "model": "rules.paragraph",
  "pk": 145,
  "fields": {
    "is_in_use": true,
    "is_interaction": false,
    "display_order": 3,
    "text_motiv": "",
    "text_derog": "",
    "rule": [
      23,
      182
    ],
    "code_year": 2015,
    "text_standard": "<p>Le planning des &eacute;valuations avec convocation (qui doivent &ecirc;tre identifi&eacute;es comme telles dans les modalit&eacute;s d&rsquo;&eacute;valuation de chaque formation sera publi&eacute; au cours des deux premi&egrave;res semaines du semestre. Si des modifications doivent &ecirc;tre apport&eacute;es au planning des &eacute;valuations en cours de semestre pour des raisons imp&eacute;rieuses, elles devront &ecirc;tre communiqu&eacute;es obligatoirement 15 jours avant l&rsquo;&eacute;valuation.</p>\r\n"
  }
},
{
  "model": "rules.paragraph",
  "pk": 146,
  "fields": {
    "is_in_use": true,
    "is_interaction": false,
    "display_order": 4,
    "text_motiv": "",
    "text_derog": "",
    "rule": [
      23,
      182
    ],
    "code_year": 2015,
    "text_standard": "<p style=\"margin-left:1.7pt\">Des &eacute;valuations peuvent &eacute;galement &ecirc;tre r&eacute;alis&eacute;es sans convocation dans les cr&eacute;neaux d&rsquo;enseignement de l&rsquo;emploi du temps (&eacute;valuations en TD et TP, par exemple). Pour ces derni&egrave;res, des am&eacute;nagements ou des d&eacute;rogations sont accord&eacute;s au profit des &eacute;tudiants &agrave; profil sp&eacute;cifique (&eacute;tudiants salari&eacute;s, sportifs ou musiciens de haut niveau, en situation de handicap, etc.)</p>\r\n"
  }
},
{
  "model": "rules.paragraph",
  "pk": 147,
  "fields": {
    "is_in_use": true,
    "is_interaction": false,
    "display_order": 1,
    "text_motiv": "",
    "text_derog": "",
    "rule": [
      24,
      183
    ],
    "code_year": 2015,
    "text_standard": "<p style=\"margin-left:1.7pt\">L&rsquo;&eacute;l&eacute;ment de base de l&rsquo;&eacute;valuation et de la compensation est l&rsquo;UE.</p>\r\n\r\n<p>Le nombre global de notes est &agrave; appr&eacute;cier en fonction du nombre d&rsquo;ECTS et/ou du nombre d&rsquo;enseignements qui composent l&rsquo;UE, ainsi que de la nature et de la dur&eacute;e des &eacute;preuves.</p>\r\n"
  }
},
{
  "model": "rules.paragraph",
  "pk": 148,
  "fields": {
    "is_in_use": true,
    "is_interaction": true,
    "display_order": 2,
    "text_motiv": "<p>Merci d&rsquo;indiquer, pour les conseils &eacute;lus, les motifs de votre demande.</p>\r\n",
    "text_derog": "<p>Vous souhaitez demander une d&eacute;rogation pour cet alin&eacute;a.</p>\r\n\r\n<p>Merci de reprendre le passage pour le modifier ou y substituer le texte de l&rsquo;alin&eacute;a que vous souhaitez voir valider pour votre formation. <em>N&rsquo;oubliez pas de d&eacute;tailler, le cas &eacute;ch&eacute;ant, les enseignements auxquels s&rsquo;appliquent votre alin&eacute;a, et les conditions et les crit&egrave;res d&rsquo;application, ou tout autre &eacute;l&eacute;ment pertinent.</em></p>\r\n",
    "rule": [
      24,
      183
    ],
    "code_year": 2015,
    "text_standard": "<p>Aucune note ne peut contribuer pour plus de 50% de la moyenne de l&rsquo;UE.</p>\r\n"
  }
},
{
  "model": "rules.paragraph",
  "pk": 149,
  "fields": {
    "is_in_use": true,
    "is_interaction": true,
    "display_order": 3,
    "text_motiv": "<p>Merci d&rsquo;indiquer, pour les conseils &eacute;lus, les motifs de votre demande.</p>\r\n",
    "text_derog": "<p>Vous souhaitez demander une d&eacute;rogation pour cet alin&eacute;a.</p>\r\n\r\n<p>Merci de reprendre le passage pour le modifier ou y substituer le texte de l&rsquo;alin&eacute;a que vous souhaitez voir valider pour votre formation. <em>N&rsquo;oubliez pas de d&eacute;tailler, le cas &eacute;ch&eacute;ant, les enseignements auxquels s&rsquo;appliquent votre alin&eacute;a, et les conditions et les crit&egrave;res d&rsquo;application, ou tout autre &eacute;l&eacute;ment pertinent.</em></p>\r\n",
    "rule": [
      24,
      183
    ],
    "code_year": 2015,
    "text_standard": "<p style=\"margin-left:1.7pt\">Un minimum de trois notes est fortement encourag&eacute; pour permettre une v&eacute;ritable progression de l&rsquo;&eacute;tudiant et des rem&eacute;diations entre les &eacute;valuations. <strong>Ce minimum est exig&eacute; pour des UE de plus de 3 ECTS.</strong></p>\r\n"
  }
},
{
  "model": "rules.paragraph",
  "pk": 150,
  "fields": {
    "is_in_use": true,
    "is_interaction": false,
    "display_order": 1,
    "text_motiv": "",
    "text_derog": "",
    "rule": [
      25,
      184
    ],
    "code_year": 2015,
    "text_standard": "<p>Chaque &eacute;preuve doit &ecirc;tre corrig&eacute;e dans un d&eacute;lai raisonnable, et en tout &eacute;tat de cause avant l&rsquo;&eacute;valuation suivante. Elle fait l&rsquo;objet d&rsquo;une correction selon des modalit&eacute;s laiss&eacute;es &agrave; l&rsquo;appr&eacute;ciation des enseignants. Le corrig&eacute; renforce la dimension formative de l&rsquo;UE. En particulier, il est remis en perspective par rapport aux attendus (connaissances et comp&eacute;tence) de l&rsquo;enseignement.</p>\r\n"
  }
},
{
  "model": "rules.paragraph",
  "pk": 151,
  "fields": {
    "is_in_use": true,
    "is_interaction": false,
    "display_order": 1,
    "text_motiv": "",
    "text_derog": "",
    "rule": [
      26,
      185
    ],
    "code_year": 2015,
    "text_standard": "<p><u>En cas d&rsquo;absence &agrave; une &eacute;preuve avec convocation,</u> l&rsquo;&eacute;tudiant doit imp&eacute;rativement pr&eacute;senter une justification au service de scolarit&eacute; dans un d&eacute;lai de rigueur de sept jours ouvr&eacute;s, sauf cas de force majeure. Seule un certificat original est recevable.</p>\r\n"
  }
},
{
  "model": "rules.paragraph",
  "pk": 152,
  "fields": {
    "is_in_use": true,
    "is_interaction": true,
    "display_order": 2,
    "text_motiv": "<p>Merci d&rsquo;indiquer, pour les conseils &eacute;lus, les motifs de votre demande.</p>\r\n",
    "text_derog": "<p>Vous souhaitez demander une d&eacute;rogation pour cet alin&eacute;a.</p>\r\n\r\n<p>Merci de reprendre le passage pour le modifier ou y substituer le texte de l&rsquo;alin&eacute;a que vous souhaitez voir valider pour votre formation. <em>N&rsquo;oubliez pas de d&eacute;tailler, le cas &eacute;ch&eacute;ant, les enseignements auxquels s&rsquo;appliquent votre alin&eacute;a, et les conditions et les crit&egrave;res d&rsquo;application, ou tout autre &eacute;l&eacute;ment pertinent.</em></p>\r\n",
    "rule": [
      26,
      185
    ],
    "code_year": 2015,
    "text_standard": "<p>A d&eacute;faut de justification recevable, l&rsquo;&eacute;tudiant est d&eacute;clar&eacute; d&eacute;faillant quels que soient les r&eacute;sultats obtenus par ailleurs. Il devra donc repasser tous les &eacute;l&eacute;ments non valid&eacute;s lors de la session de rattrapage.</p>\r\n"
  }
},
{
  "model": "rules.paragraph",
  "pk": 153,
  "fields": {
    "is_in_use": true,
    "is_interaction": true,
    "display_order": 3,
    "text_motiv": "<p>[Pas de motivation n&eacute;cessaire] Saisie minimale&nbsp;= /</p>\r\n",
    "text_derog": "<p>Vous souhaitez ajouter des motifs de justifications d&rsquo;absence en examen &agrave; la liste propos&eacute;e par les r&egrave;gles g&eacute;n&eacute;rales des MECC. Merci de les ajouter &agrave; la suite du texte reproduit ci-dessous, en adoptant une r&eacute;daction pr&eacute;cise quant aux circonstances et crit&egrave;res d&rsquo;absence que vous estimez excusables.</p>\r\n",
    "rule": [
      26,
      185
    ],
    "code_year": 2015,
    "text_standard": "<p>Toutefois, une &eacute;preuve de remplacement peut &ecirc;tre accord&eacute;e par le Pr&eacute;sident du jury ou le responsable de la formation, au cas par cas, en particulier dans les circonstances suivantes&nbsp;:</p>\r\n\r\n<ul>\r\n\t<li>Une convocation &agrave; un concours de recrutement de la fonction publique&nbsp;; la convocation doit &ecirc;tre d&eacute;pos&eacute;e au moins trois jours avant les &eacute;preuves aupr&egrave;s du service de scolarit&eacute;.</li>\r\n\t<li>Un emp&ecirc;chement subit et grave, ind&eacute;pendant de la volont&eacute; de l&rsquo;&eacute;tudiant et attest&eacute; apr&egrave;s du service de scolarit&eacute; par un justificatif original dans un d&eacute;lai n&rsquo;exc&eacute;dant pas sept jours ouvr&eacute;s apr&egrave;s les &eacute;preuves concern&eacute;s. Un accident, une maladie obligeant &agrave; un arr&ecirc;t, une hospitalisation, le d&eacute;c&egrave;s d&rsquo;un proche constituent des cas recevables dans cette circonstance.</li>\r\n</ul>\r\n\r\n<p>La pr&eacute;sence &agrave; ces &eacute;preuves est obligatoire sauf pour les cas de dispense.</p>\r\n"
  }
},
{
  "model": "rules.paragraph",
  "pk": 154,
  "fields": {
    "is_in_use": true,
    "is_interaction": false,
    "display_order": 4,
    "text_motiv": "",
    "text_derog": "",
    "rule": [
      26,
      185
    ],
    "code_year": 2015,
    "text_standard": "<p>Des dispositions particuli&egrave;res peuvent &ecirc;tre appliqu&eacute;es aux &eacute;tudiants &agrave; profil sp&eacute;cifique.</p>\r\n"
  }
},
{
  "model": "rules.paragraph",
  "pk": 155,
  "fields": {
    "is_in_use": true,
    "is_interaction": true,
    "display_order": 1,
    "text_motiv": "<p>Merci d&rsquo;indiquer, pour les conseils &eacute;lus, les motifs de votre demande.</p>\r\n",
    "text_derog": "<p>Vous souhaitez demander une d&eacute;rogation pour cet alin&eacute;a.</p>\r\n\r\n<p>Merci de reprendre le passage pour le modifier ou y substituer le texte de l&rsquo;alin&eacute;a que vous souhaitez voir valider pour votre formation. <em>N&rsquo;oubliez pas de d&eacute;tailler, le cas &eacute;ch&eacute;ant, les enseignements auxquels s&rsquo;appliquent votre alin&eacute;a, et les conditions et les crit&egrave;res d&rsquo;application, ou tout autre &eacute;l&eacute;ment pertinent.</em></p>\r\n",
    "rule": [
      27,
      186
    ],
    "code_year": 2015,
    "text_standard": "<p style=\"margin-left:1.85pt\">La pr&eacute;sence aux &eacute;preuves n&rsquo;ayant pas donn&eacute; lieu &agrave; convocation est obligatoire, sauf dans les cas de dispense.</p>\r\n\r\n<p>En cas d&rsquo;absence &agrave; une &eacute;preuve sans convocation, l&rsquo;&eacute;tudiant doit imp&eacute;rativement pr&eacute;senter une justification au service de scolarit&eacute; dans un d&eacute;lai de rigueur de sept jours ouvr&eacute;s, sauf en cas de force majeure. Seul un certificat original est recevable.</p>\r\n"
  }
},
{
  "model": "rules.paragraph",
  "pk": 156,
  "fields": {
    "is_in_use": true,
    "is_interaction": true,
    "display_order": 2,
    "text_motiv": "<p>[Pas de motivation n&eacute;cessaire] Saisie minimale&nbsp;= /</p>\r\n",
    "text_derog": "<p>Vous souhaitez ajouter des motifs de justifications d&rsquo;absence en examen &agrave; la liste propos&eacute;e par les r&egrave;gles g&eacute;n&eacute;rales des MECC. Merci de les ajouter &agrave; la suite du texte reproduit ci-dessous, en adoptant une r&eacute;daction pr&eacute;cise quant aux circonstances et crit&egrave;res d&rsquo;absence que vous estimez excusables.</p>\r\n",
    "rule": [
      27,
      186
    ],
    "code_year": 2015,
    "text_standard": "<p style=\"margin-left:1.85pt\">Sont consid&eacute;r&eacute;es comme des justifications recevables&nbsp;:</p>\r\n\r\n<ul>\r\n\t<li>Une convocation &agrave; un concours de recrutement de la fonction publique&nbsp;; la convocation doit &ecirc;tre d&eacute;pos&eacute;e au moins trois jours avant les &eacute;preuves aupr&egrave;s du service de scolarit&eacute;.</li>\r\n\t<li>Un emp&ecirc;chement subit et grave, ind&eacute;pendant de la volont&eacute; de l&rsquo;&eacute;tudiant et attest&eacute; aupr&egrave;s du service de scolarit&eacute; par un justificatif original, dans un d&eacute;lai n&rsquo;exc&eacute;dant pas sept jours ouvr&eacute;s apr&egrave;s les &eacute;preuves concern&eacute;es. Un accident, une maladie obligeant &agrave; un arr&ecirc;t, une hospitalisation, le d&eacute;c&egrave;s d&rsquo;un proche constituent des cas recevables dans cette circonstance.</li>\r\n</ul>\r\n"
  }
},
{
  "model": "rules.paragraph",
  "pk": 157,
  "fields": {
    "is_in_use": true,
    "is_interaction": true,
    "display_order": 3,
    "text_motiv": "<p>Merci d&rsquo;indiquer, pour les conseils &eacute;lus, les motifs de votre demande.</p>\r\n",
    "text_derog": "<p>Vous souhaitez demander une d&eacute;rogation pour cet alin&eacute;a.</p>\r\n\r\n<p>Merci de reprendre le passage pour le modifier ou y substituer le texte de l&rsquo;alin&eacute;a que vous souhaitez voir valider pour votre formation. <em>N&rsquo;oubliez pas de d&eacute;tailler, le cas &eacute;ch&eacute;ant, les enseignements auxquels s&rsquo;appliquent votre alin&eacute;a, et les conditions et les crit&egrave;res d&rsquo;application, ou tout autre &eacute;l&eacute;ment pertinent.</em></p>\r\n",
    "rule": [
      27,
      186
    ],
    "code_year": 2015,
    "text_standard": "<p><em>En cas d&rsquo;absence injustifi&eacute;e, l&rsquo;&eacute;tudiant est sanctionn&eacute; par la note z&eacute;ro &agrave; cette &eacute;preuve.</em></p>\r\n"
  }
},
{
  "model": "rules.paragraph",
  "pk": 158,
  "fields": {
    "is_in_use": true,
    "is_interaction": false,
    "display_order": 4,
    "text_motiv": "",
    "text_derog": "",
    "rule": [
      27,
      186
    ],
    "code_year": 2015,
    "text_standard": "<p style=\"margin-left:1.85pt\">Une dispense totale ou partielle de pr&eacute;sence aux &eacute;preuves sans convocation peut &ecirc;tre accord&eacute;e dans les conditions suivantes.</p>\r\n\r\n<ul>\r\n\t<li>Les &eacute;tudiants relevant d&rsquo;un profil sp&eacute;cifique peuvent b&eacute;n&eacute;ficier d&rsquo;une dispense totale de pr&eacute;sence aux &eacute;preuves sans convocation. Ils doivent en faire la demande aupr&egrave;s de leur service de scolarit&eacute; avant la fin du premier mois des enseignements ou dans les quinze jours suivant leur accession &agrave; ce profil sp&eacute;cifique.</li>\r\n\t<li>Une dispense partielle de pr&eacute;sence aux &eacute;preuves sans convocation peut &ecirc;tre accord&eacute;e pour des raisons jug&eacute;es recevables. L&rsquo;&eacute;tudiant doit en faire la demande et produite les justificatifs aupr&egrave;s de son service de scolarit&eacute; avant l&rsquo;&eacute;preuve ou, en cas d&rsquo;&eacute;v&eacute;nement impr&eacute;vu, au plus tard sept jours apr&egrave;s l&rsquo;&eacute;preuve. Une &eacute;preuve de remplacement peut lui &ecirc;tre propos&eacute;e par l&rsquo;enseignant responsable de l&rsquo;&eacute;preuve initiale, qui en d&eacute;finit les modalit&eacute;s&nbsp;; elles peuvent &ecirc;tre diff&eacute;rentes de celles de l&rsquo;&eacute;preuve initiale. A d&eacute;faut, il n&rsquo;est pas tenu compte de la note manquante.</li>\r\n</ul>\r\n"
  }
},
{
  "model": "rules.paragraph",
  "pk": 159,
  "fields": {
    "is_in_use": true,
    "is_interaction": false,
    "display_order": 1,
    "text_motiv": "",
    "text_derog": "",
    "rule": [
      28,
      187
    ],
    "code_year": 2015,
    "text_standard": "<p>Par d&eacute;finition, dans un r&eacute;gime d&rsquo;&eacute;valuation continue int&eacute;grale dont l&rsquo;objectif est de favoriser la r&eacute;ussite et les apprentissages des &eacute;tudiants par des &eacute;preuves formatives, multiples et diversifi&eacute;es, la session de rattrapage est avant tout destin&eacute;e aux &eacute;tudiants emp&ecirc;ch&eacute;s de composer au cours du semestre.</p>\r\n"
  }
},
{
  "model": "rules.paragraph",
  "pk": 160,
  "fields": {
    "is_in_use": true,
    "is_interaction": true,
    "display_order": 2,
    "text_motiv": "<p>Merci d&rsquo;indiquer, pour les conseils &eacute;lus, les motifs de votre demande.</p>\r\n",
    "text_derog": "<p>Vous souhaitez demander une d&eacute;rogation pour cet alin&eacute;a.</p>\r\n\r\n<p>Merci de reprendre le passage pour le modifier ou y substituer le texte de l&rsquo;alin&eacute;a que vous souhaitez voir valider pour votre formation. <em>N&rsquo;oubliez pas de d&eacute;tailler, le cas &eacute;ch&eacute;ant, les enseignements auxquels s&rsquo;appliquent votre alin&eacute;a, et les conditions et les crit&egrave;res d&rsquo;application, ou tout autre &eacute;l&eacute;ment pertinent.</em></p>\r\n",
    "rule": [
      28,
      187
    ],
    "code_year": 2015,
    "text_standard": "<p>Elle comportera une &eacute;preuve unique par UE.</p>\r\n"
  }
},
{
  "model": "rules.paragraph",
  "pk": 161,
  "fields": {
    "is_in_use": true,
    "is_interaction": true,
    "display_order": 1,
    "text_motiv": "<p>Merci d&rsquo;indiquer, pour les conseils &eacute;lus, les motifs de votre demande.</p>\r\n",
    "text_derog": "<p>Vous souhaitez demander une d&eacute;rogation pour cet alin&eacute;a.</p>\r\n\r\n<p>Merci de reprendre le passage pour le modifier ou y substituer le texte de l&rsquo;alin&eacute;a que vous souhaitez voir valider pour votre formation. <em>N&rsquo;oubliez pas de d&eacute;tailler, le cas &eacute;ch&eacute;ant, les enseignements auxquels s&rsquo;appliquent votre alin&eacute;a, et les conditions et les crit&egrave;res d&rsquo;application, ou tout autre &eacute;l&eacute;ment pertinent.</em></p>\r\n",
    "rule": [
      29,
      188
    ],
    "code_year": 2015,
    "text_standard": "<p>Les candidats ne peuvent acc&eacute;der &agrave; la salle d&rsquo;examen au-del&agrave; de la premi&egrave;re heure de l&rsquo;&eacute;preuve, ou au-del&agrave; de la moiti&eacute; de la dur&eacute;e de l&rsquo;&eacute;preuve lorsque celle-ci est inf&eacute;rieure ou &eacute;gale &agrave; une heure. Aucun &eacute;tudiant n&#39;est autoris&eacute; &agrave; quitter la salle d&#39;examen avant que la moiti&eacute; de la dur&eacute;e de l&rsquo;&eacute;preuve ne soit &eacute;coul&eacute;e, ni 10 minutes avant la fin de l&rsquo;&eacute;preuve.</p>\r\n\r\n<p>Les candidats retardataires ne b&eacute;n&eacute;ficient d&rsquo;aucune dur&eacute;e suppl&eacute;mentaire.</p>\r\n"
  }
},
{
  "model": "rules.paragraph",
  "pk": 162,
  "fields": {
    "is_in_use": true,
    "is_interaction": true,
    "display_order": 2,
    "text_motiv": "<p>Merci d&rsquo;indiquer, pour les conseils &eacute;lus, les motifs de votre demande.</p>\r\n",
    "text_derog": "<p>Vous souhaitez demander une d&eacute;rogation pour cet alin&eacute;a.</p>\r\n\r\n<p>Merci de reprendre le passage pour le modifier ou y substituer le texte de l&rsquo;alin&eacute;a que vous souhaitez voir valider pour votre formation. <em>N&rsquo;oubliez pas de d&eacute;tailler, le cas &eacute;ch&eacute;ant, les enseignements auxquels s&rsquo;appliquent votre alin&eacute;a, et les conditions et les crit&egrave;res d&rsquo;application, ou tout autre &eacute;l&eacute;ment pertinent.</em></p>\r\n",
    "rule": [
      29,
      188
    ],
    "code_year": 2015,
    "text_standard": "<p>En cas d&rsquo;absence &agrave; une &eacute;preuve de contr&ocirc;le terminal, l&rsquo;&eacute;tudiant est d&eacute;clar&eacute; d&eacute;faillant quels que soient les r&eacute;sultats obtenus par ailleurs.</p>\r\n"
  }
},
{
  "model": "rules.paragraph",
  "pk": 163,
  "fields": {
    "is_in_use": true,
    "is_interaction": false,
    "display_order": 3,
    "text_motiv": "",
    "text_derog": "",
    "rule": [
      29,
      188
    ],
    "code_year": 2015,
    "text_standard": "<p style=\"margin-left:1.85pt\">Toutefois, une &eacute;preuve de remplacement peut &ecirc;tre accord&eacute;e par le Pr&eacute;sident du jury, au cas par cas, en particulier dans les circonstances suivantes&nbsp;:</p>\r\n\r\n<ul>\r\n\t<li>Convocation &agrave; un concours de recrutement de la fonction publique&nbsp;; la convocation doit &ecirc;tre d&eacute;pos&eacute;e au moins trois jours avant les &eacute;preuves aupr&egrave;s de leur service de scolarit&eacute;.</li>\r\n\t<li>Emp&ecirc;chement subit et grave, ind&eacute;pendant de la volont&eacute; de l&rsquo;&eacute;tudiant, et attest&eacute; par un justificatif original pr&eacute;sent&eacute; au service de scolarit&eacute;, dans un d&eacute;lai de rigueur de sept jours ouvr&eacute;s, sauf en cas de force majeure. Un accident, une maladie obligeant &agrave; un arr&ecirc;t, une hospitalisation, le d&eacute;c&egrave;s d&rsquo;un proche constituent des cas recevables dans cette circonstance.</li>\r\n</ul>\r\n\r\n<p>Des dispositions particuli&egrave;res peuvent &ecirc;tre appliqu&eacute;es aux &eacute;tudiants &agrave; profil sp&eacute;cifique.</p>\r\n"
  }
},
{
  "model": "rules.paragraph",
  "pk": 164,
  "fields": {
    "is_in_use": true,
    "is_interaction": false,
    "display_order": 1,
    "text_motiv": "",
    "text_derog": "",
    "rule": [
      75,
      189
    ],
    "code_year": 2015,
    "text_standard": "<p>En cas d&#39;absence sans excuse valable &agrave; l&#39;une des &eacute;preuves &eacute;crites d&#39;un examen, l&#39;&eacute;tudiant ne peut plus participer au classement final de la fili&egrave;re. Il sera de ce fait ajourn&eacute; &agrave; l&#39;issue du 1 er semestre ou de l&#39;ann&eacute;e.</p>\r\n\r\n<p>En cas d&#39;absence non excus&eacute;e &agrave; l&#39;une des parties des &eacute;preuves d&#39;une m&ecirc;me unit&eacute;</p>\r\n\r\n<p>d&#39;enseignement, c&#39;est la mention &laquo;absent&raquo; qui appara&icirc;tra dans le proc&egrave;s-verbal final. La note 0 ne peut &ecirc;tre attribu&eacute;e en cas d&#39;absence.</p>\r\n"
  }
},
{
  "model": "rules.paragraph",
  "pk": 165,
  "fields": {
    "is_in_use": true,
    "is_interaction": false,
    "display_order": 2,
    "text_motiv": "",
    "text_derog": "",
    "rule": [
      75,
      189
    ],
    "code_year": 2015,
    "text_standard": "<p>Tout &eacute;tudiant n&#39;ayant pas r&eacute;pondu &agrave; l&#39;appel de son nom avant le d&eacute;but des</p>\r\n\r\n<p>examens est d&eacute;clar&eacute; absent &agrave; chacune des &eacute;preuves correspondantes.</p>\r\n\r\n<p>Le d&eacute;but de l&#39;&eacute;preuve est d&eacute;termin&eacute; par l&#39;autorisation d&#39;ouverture de la pochette</p>\r\n\r\n<p>contenant les sujets donn&eacute;s par le responsable de salle. Apr&egrave;s l&#39;ouverture de cette pochette plus aucun &eacute;tudiant ne peut &ecirc;tre autoris&eacute; &agrave; composer quels que soient le motif ou la dur&eacute;e de son retard.</p>\r\n"
  }
},
{
  "model": "rules.paragraph",
  "pk": 166,
  "fields": {
    "is_in_use": true,
    "is_interaction": false,
    "display_order": 3,
    "text_motiv": "",
    "text_derog": "",
    "rule": [
      75,
      189
    ],
    "code_year": 2015,
    "text_standard": "<p>Si l&#39;emp&ecirc;chement &agrave; une ou plusieurs &eacute;preuves d&#39;examen est motiv&eacute; notamment par</p>\r\n\r\n<p>une raison de sant&eacute;, le candidat doit adresser au Pr&eacute;sident du jury, dans un d&eacute;lai de 8 jours un certificat d&eacute;livr&eacute; par un m&eacute;decin asserment&eacute; ou, s&#39;il y a eu hospitalisation, par le Chef du service hospitalier.</p>\r\n\r\n<p>En cas d&#39;absence valablement excus&eacute;e, reconnue par le Pr&eacute;sident du jury pour les examens des sessions de janvier et/ou de juin, l&#39;&eacute;tudiant(e) continue &agrave; participer aux &eacute;preuves de classement - avec la mention A.E. [absent(e) excus&eacute;(e)] - par les notes obtenues aux &eacute;preuves pr&eacute;sent&eacute;es. Le total porte, comme pour tous les &eacute;tudiants, sur le m&ecirc;me nombre des points de chaque concours.</p>\r\n\r\n<p>Les &eacute;tudiant(e)s class&eacute;(e)s en rang utile avec la mention A. E. &agrave; l&#39;une ou l&#39;autre &eacute;preuve</p>\r\n\r\n<p>sont d&eacute;clar&eacute;(e)s admis(es) au concours, sauf dans le cas d&rsquo;une absence aux &eacute;preuves sanctionnant&nbsp; l&rsquo;UE 8 sp&eacute;cifique.</p>\r\n"
  }
},
{
  "model": "rules.paragraph",
  "pk": 167,
  "fields": {
    "is_in_use": true,
    "is_interaction": false,
    "display_order": 4,
    "text_motiv": "",
    "text_derog": "",
    "rule": [
      75,
      189
    ],
    "code_year": 2015,
    "text_standard": "<p>Toute absence aux &eacute;preuves sanctionnant les U.E.8 sp&eacute;cifiques interdit le classement dans la fili&egrave;re concern&eacute;e, sans incidence sur le classement des autres fili&egrave;res, sauf si l&#39;examen porte sur un &eacute;l&eacute;ment p&eacute;dagogique mutualis&eacute;.</p>\r\n"
  }
},
{
  "model": "rules.paragraph",
  "pk": 168,
  "fields": {
    "is_in_use": true,
    "is_interaction": true,
    "display_order": 1,
    "text_motiv": "<p>Merci d&rsquo;indiquer, pour les conseils &eacute;lus, les motifs de votre demande.</p>\r\n",
    "text_derog": "<p>Vous souhaitez demander une d&eacute;rogation pour cet alin&eacute;a.</p>\r\n\r\n<p>Merci de reprendre le passage pour le modifier ou y substituer le texte de l&rsquo;alin&eacute;a que vous souhaitez voir valider pour votre formation. <em>N&rsquo;oubliez pas de d&eacute;tailler, le cas &eacute;ch&eacute;ant, les enseignements auxquels s&rsquo;appliquent votre alin&eacute;a, et les conditions et les crit&egrave;res d&rsquo;application, ou tout autre &eacute;l&eacute;ment pertinent.</em></p>\r\n",
    "rule": [
      30,
      190
    ],
    "code_year": 2015,
    "text_standard": "<p style=\"margin-left:1.85pt\">La pr&eacute;sence aux &eacute;preuves de contr&ocirc;le continu est obligatoire, sauf dans les cas de dispense. <strong>En cas d&rsquo;absence injustifi&eacute;e &agrave; une &eacute;preuve de contr&ocirc;le continu, l&rsquo;&eacute;tudiant est sanctionn&eacute; par un z&eacute;ro &agrave; cette &eacute;preuve. </strong></p>\r\n"
  }
},
{
  "model": "rules.paragraph",
  "pk": 169,
  "fields": {
    "is_in_use": true,
    "is_interaction": true,
    "display_order": 2,
    "text_motiv": "<p>Merci d&rsquo;indiquer, pour les conseils &eacute;lus, les motifs de votre demande.</p>\r\n",
    "text_derog": "<p>Vous souhaitez demander une d&eacute;rogation pour cet alin&eacute;a.</p>\r\n\r\n<p>Merci de reprendre le passage pour le modifier ou y substituer le texte de l&rsquo;alin&eacute;a que vous souhaitez voir valider pour votre formation. <em>N&rsquo;oubliez pas de d&eacute;tailler, le cas &eacute;ch&eacute;ant, les enseignements auxquels s&rsquo;appliquent votre alin&eacute;a, et les conditions et les crit&egrave;res d&rsquo;application, ou tout autre &eacute;l&eacute;ment pertinent.</em></p>\r\n",
    "rule": [
      30,
      190
    ],
    "code_year": 2015,
    "text_standard": "<p>Lorsque la session principale ne comporte que des &eacute;preuves de contr&ocirc;le continu et que l&rsquo;&eacute;tudiant est absent &agrave; toutes ces &eacute;preuves, sans justification, il est d&eacute;clar&eacute; d&eacute;faillant quels que soient les r&eacute;sultats obtenus par ailleurs.</p>\r\n"
  }
},
{
  "model": "rules.paragraph",
  "pk": 170,
  "fields": {
    "is_in_use": true,
    "is_interaction": false,
    "display_order": 3,
    "text_motiv": "",
    "text_derog": "",
    "rule": [
      30,
      190
    ],
    "code_year": 2015,
    "text_standard": "<p style=\"margin-left:1.85pt\">Une dispense totale ou partielle de contr&ocirc;le continu peut &ecirc;tre accord&eacute;e dans les conditions suivantes.</p>\r\n\r\n<ul>\r\n\t<li>Les &eacute;tudiants relevant d&rsquo;un profil sp&eacute;cifique attest&eacute; peuvent b&eacute;n&eacute;ficier d&rsquo;une dispense totale de contr&ocirc;le continu. Ils doivent en faire la demande aupr&egrave;s de leur service de scolarit&eacute; avant la fin du premier mois des enseignements ou dans les quinze jours suivants leur accession &agrave; ce profil sp&eacute;cifique. Lorsque la session principale ne comporte que des &eacute;preuves de contr&ocirc;le continu, une &eacute;preuve de substitution doit &ecirc;tre pr&eacute;vue dans le r&egrave;glement des examens.</li>\r\n\t<li>Une dispense partielle de contr&ocirc;le continu peut &ecirc;tre accord&eacute;e pour des raisons jug&eacute;es recevables. L&rsquo;&eacute;tudiant doit en faire la demande et produire les justificatifs originaux aupr&egrave;s de son service de scolarit&eacute; avant l&rsquo;&eacute;preuve ou, en cas d&rsquo;&eacute;v&eacute;nement impr&eacute;vu, au plus tard dans un d&eacute;lai de rigueur de sept jours ouvr&eacute;s, sauf en cas de force majeure.</li>\r\n</ul>\r\n\r\n<p>Une &eacute;preuve de remplacement peut lui &ecirc;tre propos&eacute;e. A d&eacute;faut, il n&rsquo;est pas tenu compte de la note manquante.</p>\r\n"
  }
},
{
  "model": "rules.paragraph",
  "pk": 171,
  "fields": {
    "is_in_use": true,
    "is_interaction": false,
    "display_order": 1,
    "text_motiv": "",
    "text_derog": "",
    "rule": [
      31,
      191
    ],
    "code_year": 2015,
    "text_standard": "<p>Lorsque l&rsquo;&eacute;valuation comporte un contr&ocirc;le continu et une &eacute;preuve terminale, l&rsquo;organisation du contr&ocirc;le continu doit intervenir au moins quinze jours avant la fin du semestre. Ce d&eacute;lai de quinze jours ne s&rsquo;impose pas &agrave; un enseignement &eacute;valu&eacute; uniquement gr&acirc;ce &agrave; un contr&ocirc;le continu, ou aux travaux dirig&eacute;s ou aux travaux pratiques.</p>\r\n"
  }
},
{
  "model": "rules.paragraph",
  "pk": 172,
  "fields": {
    "is_in_use": true,
    "is_interaction": false,
    "display_order": 2,
    "text_motiv": "",
    "text_derog": "",
    "rule": [
      31,
      191
    ],
    "code_year": 2015,
    "text_standard": "<p>Des &eacute;preuves terminales anticip&eacute;es peuvent &ecirc;tre organis&eacute;es si l&rsquo;enseignement s&rsquo;ach&egrave;ve avant la fin du semestre.</p>\r\n"
  }
},
{
  "model": "rules.paragraph",
  "pk": 173,
  "fields": {
    "is_in_use": true,
    "is_interaction": false,
    "display_order": 1,
    "text_motiv": "",
    "text_derog": "",
    "rule": [
      32,
      192
    ],
    "code_year": 2015,
    "text_standard": "<p>Les &eacute;preuves &eacute;crites terminales sont anonymes.</p>\r\n"
  }
},
{
  "model": "rules.paragraph",
  "pk": 174,
  "fields": {
    "is_in_use": true,
    "is_interaction": true,
    "display_order": 1,
    "text_motiv": "<p>Merci d&rsquo;indiquer, pour les conseils &eacute;lus, les motifs de votre demande.</p>\r\n",
    "text_derog": "<p>Vous souhaitez demander une d&eacute;rogation pour cet alin&eacute;a.</p>\r\n\r\n<p>Merci de reprendre le passage pour le modifier ou y substituer le texte de l&rsquo;alin&eacute;a que vous souhaitez voir valider pour votre formation. <em>N&rsquo;oubliez pas de d&eacute;tailler, le cas &eacute;ch&eacute;ant, les enseignements auxquels s&rsquo;appliquent votre alin&eacute;a, et les conditions et les crit&egrave;res d&rsquo;application, ou tout autre &eacute;l&eacute;ment pertinent.</em></p>\r\n",
    "rule": [
      33,
      193
    ],
    "code_year": 2015,
    "text_standard": "<p>Les notes sup&eacute;rieures ou &eacute;gales &agrave; 10/20 des &eacute;preuves d&rsquo;une UE non valid&eacute;e sont report&eacute;es de la session principale &agrave; la session de rattrapage, sans possibilit&eacute; de renonciation.</p>\r\n"
  }
},
{
  "model": "rules.paragraph",
  "pk": 175,
  "fields": {
    "is_in_use": true,
    "is_interaction": true,
    "display_order": 1,
    "text_motiv": "<p>Merci d&rsquo;indiquer, pour les conseils &eacute;lus, les motifs de votre demande.</p>\r\n",
    "text_derog": "<p>Vous souhaitez demander une d&eacute;rogation pour cet alin&eacute;a.</p>\r\n\r\n<p>Merci de reprendre le passage pour le modifier ou y substituer le texte de l&rsquo;alin&eacute;a que vous souhaitez voir valider pour votre formation. <em>N&rsquo;oubliez pas de d&eacute;tailler, le cas &eacute;ch&eacute;ant, les enseignements auxquels s&rsquo;appliquent votre alin&eacute;a, et les conditions et les crit&egrave;res d&rsquo;application, ou tout autre &eacute;l&eacute;ment pertinent.</em></p>\r\n",
    "rule": [
      76,
      194
    ],
    "code_year": 2015,
    "text_standard": "<p>En cas d&rsquo;ajournement ou d&eacute;faillance &agrave; la session principale, l&rsquo;&eacute;tudiant conserve pour la session de rattrapage, les notes des UE valid&eacute;es lors de la session principale.</p>\r\n\r\n<p>Dans les 7 jours qui suivent la mise &agrave; disposition du relev&eacute; de notes, l&rsquo;&eacute;tudiant peut y renoncer par demande &eacute;crite au service de scolarit&eacute;. Dans ce cas, <em>seule la note obtenue &agrave; la session de rattrapage sera retenue et consid&eacute;r&eacute;e comme d&eacute;finitive.</em></p>\r\n"
  }
},
{
  "model": "rules.paragraph",
  "pk": 176,
  "fields": {
    "is_in_use": true,
    "is_interaction": true,
    "display_order": 2,
    "text_motiv": "<p>Merci d&rsquo;indiquer, pour les conseils &eacute;lus, les motifs de votre demande.</p>\r\n",
    "text_derog": "<p>Vous souhaitez demander une d&eacute;rogation pour cet alin&eacute;a.</p>\r\n\r\n<p>Merci de reprendre le passage pour le modifier ou y substituer le texte de l&rsquo;alin&eacute;a que vous souhaitez voir valider pour votre formation. <em>N&rsquo;oubliez pas de d&eacute;tailler, le cas &eacute;ch&eacute;ant, les enseignements auxquels s&rsquo;appliquent votre alin&eacute;a, et les conditions et les crit&egrave;res d&rsquo;application, ou tout autre &eacute;l&eacute;ment pertinent.</em></p>\r\n",
    "rule": [
      76,
      194
    ],
    "code_year": 2015,
    "text_standard": "<p>Les notes sup&eacute;rieures ou &eacute;gales &agrave; 10/20 des &eacute;preuves d&rsquo;une UE non valid&eacute;e sont report&eacute;es de la session principale &agrave; la session de rattrapage, sans possibilit&eacute; de renonciation.</p>\r\n"
  }
},
{
  "model": "rules.paragraph",
  "pk": 177,
  "fields": {
    "is_in_use": true,
    "is_interaction": true,
    "display_order": 1,
    "text_motiv": "<p>La saisie de motifs n&rsquo;est pas obligatoire. Si vous le souhaitez, vous pouvez apporter ici toutes les informations utiles &agrave; la compr&eacute;hension de vos r&egrave;gles additionnelles <u>par les conseils &eacute;lus</u>. (saisie minimale = /)</p>\r\n",
    "text_derog": "<p>Parmi les r&egrave;gles pr&eacute;c&eacute;demment &eacute;num&eacute;r&eacute;es, vous n&rsquo;avez pas trouv&eacute; une th&eacute;matique permettant d&rsquo;exposer une r&egrave;gle d&rsquo;&eacute;valuation des &eacute;tudiants qui vous para&icirc;t n&eacute;cessaire. Cette r&egrave;gle additionnelle vous permet de l&rsquo;exposer en d&eacute;tail ici. Ce texte, par sa nature, sera susceptible de faire l&rsquo;objet d&rsquo;&eacute;changes sp&eacute;cifiques lors du processus de validation des MECC.</p>\r\n",
    "rule": [
      79,
      196
    ],
    "code_year": 2015,
    "text_standard": "<p>N&eacute;ant</p>\r\n"
  }
},
{
  "model": "rules.paragraph",
  "pk": 180,
  "fields": {
    "is_in_use": true,
    "is_interaction": false,
    "display_order": 1,
    "text_motiv": "",
    "text_derog": "",
    "rule": [],
    "code_year": 2015,
    "text_standard": "<p>ceci est l&#39;alin&eacute;a 1 de la,r&egrave;gle de Nathalie</p>\r\n\r\n<p style=\"text-align: center;\"><em><strong>j&#39;essaie le centrage, le gras et l&#39;italique</strong></em></p>\r\n"
  }
},
{
  "model": "rules.paragraph",
  "pk": 181,
  "fields": {
    "is_in_use": true,
    "is_interaction": true,
    "display_order": 2,
    "text_motiv": "<p>saisir ici les motivations</p>\r\n",
    "text_derog": "<p>veuillez saisir l&#39;alin&eacute;a d&eacute;rogatoire</p>\r\n",
    "rule": [],
    "code_year": 2015,
    "text_standard": "<ul>\r\n\t<li>Ceci est l&#39;autre alin&eacute;a de la r&egrave;gle de nathalie</li>\r\n</ul>\r\n"
  }
},
{
  "model": "rules.paragraph",
  "pk": 182,
  "fields": {
    "is_in_use": true,
    "is_interaction": false,
    "display_order": 1,
    "text_motiv": "",
    "text_derog": "",
    "rule": [],
    "code_year": 2015,
    "text_standard": "<p>alinea 1 de nathalie</p>\r\n"
  }
},
{
  "model": "rules.paragraph",
  "pk": 184,
  "fields": {
    "is_in_use": true,
    "is_interaction": true,
    "display_order": 1,
    "text_motiv": "<p>Dans le cas des dipl&ocirc;mes d&rsquo;universit&eacute;, la saisie de motifs n&rsquo;est pas obligatoire. Si vous le souhaitez, vous pouvez apporter ici toutes les informations utiles &agrave; la compr&eacute;hension de votre r&egrave;gle <u>par les conseils &eacute;lus</u>. (saisie minimale = /)</p>\r\n",
    "text_derog": "<p>Merci de pr&eacute;ciser les pr&eacute;-requis de la formation, les conditions de s&eacute;lection et le d&eacute;roulement du processus de s&eacute;lection et l&rsquo;instance de s&eacute;lection.</p>\r\n",
    "rule": [
      104,
      121
    ],
    "code_year": 2015,
    "text_standard": "<p>La formation est accessible sur examen d&rsquo;un dossier comprenant un CV, une lettre de motivation et la copie des dipl&ocirc;mes obtenus.</p>\r\n"
  }
},
{
  "model": "rules.paragraph",
  "pk": 185,
  "fields": {
    "is_in_use": true,
    "is_interaction": true,
    "display_order": 2,
    "text_motiv": "<p>Dans le cas des dipl&ocirc;mes d&rsquo;universit&eacute;, la saisie de motifs n&rsquo;est pas obligatoire. Si vous le souhaitez, vous pouvez apporter ici toutes les informations utiles &agrave; la compr&eacute;hension de votre r&egrave;gle <u>par les conseils &eacute;lus</u>. (saisie minimale = /)</p>\r\n",
    "text_derog": "<p>Si la formation comprend plusieurs ann&eacute;es de formation, merci de pr&eacute;ciser &agrave; quelles conditions l&rsquo;&eacute;tudiant est autoris&eacute; &agrave; progresser en ann&eacute;e sup&eacute;rieure, notamment avec des &eacute;l&eacute;ments en dette de l&rsquo;ann&eacute;e pr&eacute;c&eacute;dente.</p>\r\n",
    "rule": [
      104,
      121
    ],
    "code_year": 2015,
    "text_standard": "<p>La formation ne comporte qu&rsquo;une seule ann&eacute;e d&rsquo;&eacute;tudes.</p>\r\n"
  }
},
{
  "model": "rules.paragraph",
  "pk": 186,
  "fields": {
    "is_in_use": true,
    "is_interaction": true,
    "display_order": 3,
    "text_motiv": "<p>Dans le cas des dipl&ocirc;mes d&rsquo;universit&eacute;, la saisie de motifs n&rsquo;est pas obligatoire. Si vous le souhaitez, vous pouvez apporter ici toutes les informations utiles &agrave; la compr&eacute;hension de votre r&egrave;gle <u>par les conseils &eacute;lus</u>. (saisie minimale = /)</p>\r\n",
    "text_derog": "<p>Merci de pr&eacute;ciser les conditions de redoublement si elles diff&egrave;rent de la r&egrave;gle standard.</p>\r\n",
    "rule": [
      104,
      121
    ],
    "code_year": 2015,
    "text_standard": "<p>Le redoublement n&rsquo;est pas autoris&eacute;.</p>\r\n\r\n<p>Exceptionnellement, une inscription suppl&eacute;mentaire peut &ecirc;tre accord&eacute;e par le responsable de la formation.</p>\r\n"
  }
},
{
  "model": "rules.paragraph",
  "pk": 187,
  "fields": {
    "is_in_use": true,
    "is_interaction": true,
    "display_order": 1,
    "text_motiv": "<p>Dans le cas des dipl&ocirc;mes d&rsquo;universit&eacute;, la saisie de motifs n&rsquo;est pas obligatoire. Si vous le souhaitez, vous pouvez apporter ici toutes les informations utiles &agrave; la compr&eacute;hension de votre r&egrave;gle par les conseils &eacute;lus. (saisie minimale = /)</p>\r\n",
    "text_derog": "<p>Merci de pr&eacute;ciser les modalit&eacute;s de pr&eacute;sence obligatoire ou facultative aux enseignements et les enseignements concern&eacute;s.<em> </em></p>\r\n",
    "rule": [
      105,
      131
    ],
    "code_year": 2015,
    "text_standard": "<p>N&eacute;ant</p>\r\n"
  }
},
{
  "model": "rules.paragraph",
  "pk": 188,
  "fields": {
    "is_in_use": true,
    "is_interaction": true,
    "display_order": 1,
    "text_motiv": "<p>Dans le cas des dipl&ocirc;mes d&rsquo;universit&eacute;, la saisie de motifs n&rsquo;est pas obligatoire. Si vous le souhaitez, vous pouvez apporter ici toutes les informations utiles &agrave; la compr&eacute;hension de votre r&egrave;gle <u>par les conseils &eacute;lus</u>. (saisie minimale = /)</p>\r\n",
    "text_derog": "<p>Merci de pr&eacute;ciser si l&rsquo;acquisition du DU permet de valider tout ou partie des &eacute;l&eacute;ments constitutifs d&rsquo;un dipl&ocirc;me de l&rsquo;Universit&eacute; de Strasbourg, ou d&rsquo;un autre &eacute;tablissement ; si l&rsquo;obtention de tout ou partie d&rsquo;un autre dipl&ocirc;me permet de valider tout ou partie du DU</p>\r\n",
    "rule": [
      106,
      132
    ],
    "code_year": 2015,
    "text_standard": "<p>N&eacute;ant</p>\r\n"
  }
},
{
  "model": "rules.paragraph",
  "pk": 189,
  "fields": {
    "is_in_use": true,
    "is_interaction": true,
    "display_order": 0,
    "text_motiv": "<p>Dans le cas des dipl&ocirc;mes d&rsquo;universit&eacute;, la saisie de motifs n&rsquo;est pas obligatoire. Si vous le souhaitez, vous pouvez apporter ici toutes les informations utiles &agrave; la compr&eacute;hension de votre r&egrave;gle <u>par les conseils &eacute;lus</u>. (saisie minimale = /)</p>\r\n",
    "text_derog": "<p>Merci de pr&eacute;ciser, si la formation demande la r&eacute;alisation d&rsquo;un m&eacute;moire final, ce qu&rsquo;il est attendu de l&rsquo;&eacute;tudiant en termes de fond et de forme du m&eacute;moire, si le m&eacute;moire doit &ecirc;tre soutenu, la composition et le r&ocirc;le du jury qui l&rsquo;appr&eacute;ciera.</p>\r\n",
    "rule": [
      107,
      139
    ],
    "code_year": 2015,
    "text_standard": "<p>N&eacute;ant</p>\r\n"
  }
},
{
  "model": "rules.paragraph",
  "pk": 190,
  "fields": {
    "is_in_use": true,
    "is_interaction": true,
    "display_order": 0,
    "text_motiv": "<p>Dans le cas des dipl&ocirc;mes d&rsquo;universit&eacute;, la saisie de motifs n&rsquo;est pas obligatoire. Si vous le souhaitez, vous pouvez apporter ici toutes les informations utiles &agrave; la compr&eacute;hension de votre r&egrave;gle <u>par les conseils &eacute;lus</u>. (saisie minimale = /)</p>\r\n",
    "text_derog": "<p>Merci de pr&eacute;ciser si les notes des ann&eacute;es de la formation se compensent entre elles, si les notes des semestres d&rsquo;une m&ecirc;me ann&eacute;e se compensent entre elles, si les notes des UE se compensent entre elles, si les notes des mati&egrave;res/ modules se compensent entre elles</p>\r\n",
    "rule": [
      108,
      149
    ],
    "code_year": 2015,
    "text_standard": "<p>N&eacute;ant</p>\r\n"
  }
},
{
  "model": "rules.paragraph",
  "pk": 191,
  "fields": {
    "is_in_use": true,
    "is_interaction": true,
    "display_order": 0,
    "text_motiv": "<p>Merci d&rsquo;indiquer, pour les conseils &eacute;lus, les motifs de votre demande.</p>\r\n",
    "text_derog": "<p>Merci de pr&eacute;ciser la r&egrave;gle de calcul de la note finale de la formation si elle diff&egrave;re de la r&egrave;gle standard.</p>\r\n",
    "rule": [
      109,
      165
    ],
    "code_year": 2015,
    "text_standard": "<p>La moyenne g&eacute;n&eacute;rale obtenue est la moyenne de l&rsquo;ensemble des notes obtenues aux UE, pond&eacute;r&eacute;es par les coefficients.</p>\r\n"
  }
},
{
  "model": "rules.paragraph",
  "pk": 192,
  "fields": {
    "is_in_use": true,
    "is_interaction": true,
    "display_order": 0,
    "text_motiv": "<p>Merci d&rsquo;indiquer, pour les conseils &eacute;lus, les motifs de votre demande.</p>\r\n",
    "text_derog": "<p>Merci de pr&eacute;ciser le seuil de validation de l&rsquo;UE, la possibilit&eacute; ou non de capitaliser les enseignements valid&eacute;s et le seuil de capitalisation s&rsquo;il est diff&eacute;rent du seuil de validation de l&rsquo;UE</p>\r\n",
    "rule": [
      110,
      174
    ],
    "code_year": 2015,
    "text_standard": "<p>Une UE dont la note est sup&eacute;rieure ou &eacute;gale &agrave; 10/20 est valid&eacute;e.</p>\r\n"
  }
},
{
  "model": "rules.paragraph",
  "pk": 193,
  "fields": {
    "is_in_use": true,
    "is_interaction": true,
    "display_order": 1,
    "text_motiv": "<p>Merci d&rsquo;indiquer, pour les conseils &eacute;lus, les motifs de votre demande.</p>\r\n",
    "text_derog": "<p>Vous souhaitez demander une d&eacute;rogation pour cet alin&eacute;a.</p>\r\n\r\n<p>Merci de reprendre le passage pour le modifier ou y substituer le texte de l&rsquo;alin&eacute;a que vous souhaitez voir valider pour votre formation. <em>N&rsquo;oubliez pas de d&eacute;tailler, le cas &eacute;ch&eacute;ant, les enseignements auxquels s&rsquo;appliquent votre alin&eacute;a, et les conditions et les crit&egrave;res d&rsquo;application, ou tout autre &eacute;l&eacute;ment pertinent.</em></p>\r\n",
    "rule": [
      111,
      195
    ],
    "code_year": 2015,
    "text_standard": "<p>Lorsqu&rsquo;est organis&eacute;e une session de rattrapage, les notes sup&eacute;rieures ou &eacute;gales &agrave; 10/20 des &eacute;preuves d&rsquo;une UE non valid&eacute;e sont report&eacute;es de la session principale &agrave; la session de rattrapage, sans possibilit&eacute; de renonciation.</p>\r\n"
  }
},
{
  "model": "training.training",
  "pk": 1,
  "fields": {
    "resp_formations": [
      61
    ],
    "code_year": 2015,
    "ref_cpa_rof": "",
    "date_val_cfvu": null,
    "institutes": [
      26,
      28
    ],
    "date_res_des": null,
    "progress_table": "E",
    "MECC_tab": true,
    "label": "Master 1 Chimie et biologie",
    "n_train": 1,
    "supply_cmp": "CHM",
    "is_used": true,
    "ref_si_scol": "",
    "date_val_cmp": null,
    "session_type": "2",
    "degree_type": 7,
    "progress_rule": "E",
    "date_visa_des": null,
    "MECC_type": "E"
  }
},
{
  "model": "training.training",
  "pk": 2,
  "fields": {
    "resp_formations": [
      62
    ],
    "code_year": 2015,
    "ref_cpa_rof": "",
    "date_val_cfvu": null,
    "institutes": [
      28
    ],
    "date_res_des": null,
    "progress_table": "E",
    "MECC_tab": true,
    "label": "Master 2 Chimie et biologie",
    "n_train": 2,
    "supply_cmp": "CHM",
    "is_used": true,
    "ref_si_scol": "",
    "date_val_cmp": null,
    "session_type": "2",
    "degree_type": 7,
    "progress_rule": "E",
    "date_visa_des": null,
    "MECC_type": "E"
  }
},
{
  "model": "training.training",
  "pk": 3,
  "fields": {
    "resp_formations": [
      192
    ],
    "code_year": 2015,
    "ref_cpa_rof": "",
    "date_val_cfvu": null,
    "institutes": [
      1,
      5
    ],
    "date_res_des": null,
    "progress_table": "E",
    "MECC_tab": true,
    "label": "L1 Musique",
    "n_train": 3,
    "supply_cmp": "ART",
    "is_used": true,
    "ref_si_scol": "",
    "date_val_cmp": null,
    "session_type": "2",
    "degree_type": 5,
    "progress_rule": "E",
    "date_visa_des": null,
    "MECC_type": "E"
  }
},
{
  "model": "training.training",
  "pk": 4,
  "fields": {
    "resp_formations": [
      61
    ],
    "code_year": 2016,
    "ref_cpa_rof": "",
    "date_val_cfvu": null,
    "institutes": [
      26,
      27,
      28
    ],
    "date_res_des": null,
    "progress_table": "E",
    "MECC_tab": true,
    "label": "Master 1 Chimie et biologie",
    "n_train": 1,
    "supply_cmp": "CHM",
    "is_used": true,
    "ref_si_scol": "",
    "date_val_cmp": null,
    "session_type": "2",
    "degree_type": 7,
    "progress_rule": "E",
    "date_visa_des": null,
    "MECC_type": "E"
  }
},
{
  "model": "training.training",
  "pk": 5,
  "fields": {
    "resp_formations": [
      62
    ],
    "code_year": 2016,
    "ref_cpa_rof": "",
    "date_val_cfvu": null,
    "institutes": [
      28
    ],
    "date_res_des": null,
    "progress_table": "E",
    "MECC_tab": true,
    "label": "Master 2 Chimie et biologie",
    "n_train": 2,
    "supply_cmp": "CHM",
    "is_used": true,
    "ref_si_scol": "",
    "date_val_cmp": null,
    "session_type": "2",
    "degree_type": 7,
    "progress_rule": "E",
    "date_visa_des": null,
    "MECC_type": "E"
  }
},
{
  "model": "training.specificparagraph",
  "pk": 1,
  "fields": {
    "code_year": 2015,
    "paragraph_gen_id": 14,
    "text_motiv": "<p>TEST de saisie de motifs pour cette d&eacute;rogation</p>\r\n",
    "training": 1,
    "type_paragraph": "",
    "text_specific_paragraph": "<p><strong>L&rsquo;&eacute;tudiant n&rsquo;ayant pas valid&eacute; sa premi&egrave;re ann&eacute;e de master p...&nbsp; C&#39;EST LA REGLE DEROGATOIRE !!!</strong></p>\r\n",
    "rule_gen_id": 2
  }
},
{
  "model": "training.additionalparagraph",
  "pk": 4,
  "fields": {
    "text_additional_paragraph": "<p>CECI EST UN ESSAI D&#39;ALINEA ADDITIONNEL ! NATH</p>\r\n",
    "code_year": 2015,
    "training": 1,
    "rule_gen_id": 3
  }
},
{
  "model": "auth.permission",
  "pk": 1,
  "fields": {
    "content_type": 1,
    "codename": "add_permission",
    "name": "Can add permission"
  }
},
{
  "model": "auth.permission",
  "pk": 2,
  "fields": {
    "content_type": 1,
    "codename": "change_permission",
    "name": "Can change permission"
  }
},
{
  "model": "auth.permission",
  "pk": 3,
  "fields": {
    "content_type": 1,
    "codename": "delete_permission",
    "name": "Can delete permission"
  }
},
{
  "model": "auth.permission",
  "pk": 4,
  "fields": {
    "content_type": 2,
    "codename": "add_group",
    "name": "Can add group"
  }
},
{
  "model": "auth.permission",
  "pk": 5,
  "fields": {
    "content_type": 2,
    "codename": "change_group",
    "name": "Can change group"
  }
},
{
  "model": "auth.permission",
  "pk": 6,
  "fields": {
    "content_type": 2,
    "codename": "delete_group",
    "name": "Can delete group"
  }
},
{
  "model": "auth.permission",
  "pk": 7,
  "fields": {
    "content_type": 3,
    "codename": "add_user",
    "name": "Can add user"
  }
},
{
  "model": "auth.permission",
  "pk": 8,
  "fields": {
    "content_type": 3,
    "codename": "change_user",
    "name": "Can change user"
  }
},
{
  "model": "auth.permission",
  "pk": 9,
  "fields": {
    "content_type": 3,
    "codename": "delete_user",
    "name": "Can delete user"
  }
},
{
  "model": "auth.permission",
  "pk": 10,
  "fields": {
    "content_type": 4,
    "codename": "add_contenttype",
    "name": "Can add content type"
  }
},
{
  "model": "auth.permission",
  "pk": 11,
  "fields": {
    "content_type": 4,
    "codename": "change_contenttype",
    "name": "Can change content type"
  }
},
{
  "model": "auth.permission",
  "pk": 12,
  "fields": {
    "content_type": 4,
    "codename": "delete_contenttype",
    "name": "Can delete content type"
  }
},
{
  "model": "auth.permission",
  "pk": 13,
  "fields": {
    "content_type": 5,
    "codename": "add_session",
    "name": "Can add session"
  }
},
{
  "model": "auth.permission",
  "pk": 14,
  "fields": {
    "content_type": 5,
    "codename": "change_session",
    "name": "Can change session"
  }
},
{
  "model": "auth.permission",
  "pk": 15,
  "fields": {
    "content_type": 5,
    "codename": "delete_session",
    "name": "Can delete session"
  }
},
{
  "model": "auth.permission",
  "pk": 16,
  "fields": {
    "content_type": 6,
    "codename": "add_site",
    "name": "Can add site"
  }
},
{
  "model": "auth.permission",
  "pk": 17,
  "fields": {
    "content_type": 6,
    "codename": "change_site",
    "name": "Can change site"
  }
},
{
  "model": "auth.permission",
  "pk": 18,
  "fields": {
    "content_type": 6,
    "codename": "delete_site",
    "name": "Can delete site"
  }
},
{
  "model": "auth.permission",
  "pk": 19,
  "fields": {
    "content_type": 7,
    "codename": "add_logentry",
    "name": "Can add log entry"
  }
},
{
  "model": "auth.permission",
  "pk": 20,
  "fields": {
    "content_type": 7,
    "codename": "change_logentry",
    "name": "Can change log entry"
  }
},
{
  "model": "auth.permission",
  "pk": 21,
  "fields": {
    "content_type": 7,
    "codename": "delete_logentry",
    "name": "Can delete log entry"
  }
},
{
  "model": "auth.permission",
  "pk": 22,
  "fields": {
    "content_type": 8,
    "codename": "add_tgt",
    "name": "Can add tgt"
  }
},
{
  "model": "auth.permission",
  "pk": 23,
  "fields": {
    "content_type": 8,
    "codename": "change_tgt",
    "name": "Can change tgt"
  }
},
{
  "model": "auth.permission",
  "pk": 24,
  "fields": {
    "content_type": 8,
    "codename": "delete_tgt",
    "name": "Can delete tgt"
  }
},
{
  "model": "auth.permission",
  "pk": 25,
  "fields": {
    "content_type": 9,
    "codename": "add_pgtiou",
    "name": "Can add pgt iou"
  }
},
{
  "model": "auth.permission",
  "pk": 26,
  "fields": {
    "content_type": 9,
    "codename": "change_pgtiou",
    "name": "Can change pgt iou"
  }
},
{
  "model": "auth.permission",
  "pk": 27,
  "fields": {
    "content_type": 9,
    "codename": "delete_pgtiou",
    "name": "Can delete pgt iou"
  }
},
{
  "model": "auth.permission",
  "pk": 28,
  "fields": {
    "content_type": 10,
    "codename": "add_sessionserviceticket",
    "name": "Can add session service ticket"
  }
},
{
  "model": "auth.permission",
  "pk": 29,
  "fields": {
    "content_type": 10,
    "codename": "change_sessionserviceticket",
    "name": "Can change session service ticket"
  }
},
{
  "model": "auth.permission",
  "pk": 30,
  "fields": {
    "content_type": 10,
    "codename": "delete_sessionserviceticket",
    "name": "Can delete session service ticket"
  }
},
{
  "model": "auth.permission",
  "pk": 31,
  "fields": {
    "content_type": 11,
    "codename": "add_ecicommissionmember",
    "name": "Can add eci commission member"
  }
},
{
  "model": "auth.permission",
  "pk": 32,
  "fields": {
    "content_type": 11,
    "codename": "change_ecicommissionmember",
    "name": "Can change eci commission member"
  }
},
{
  "model": "auth.permission",
  "pk": 33,
  "fields": {
    "content_type": 11,
    "codename": "delete_ecicommissionmember",
    "name": "Can delete eci commission member"
  }
},
{
  "model": "auth.permission",
  "pk": 34,
  "fields": {
    "content_type": 11,
    "codename": "can_view_eci_commission_member",
    "name": "Peut voir les membres de la commission ECI"
  }
},
{
  "model": "auth.permission",
  "pk": 35,
  "fields": {
    "content_type": 12,
    "codename": "add_degreetype",
    "name": "Can add degree type"
  }
},
{
  "model": "auth.permission",
  "pk": 36,
  "fields": {
    "content_type": 12,
    "codename": "change_degreetype",
    "name": "Can change degree type"
  }
},
{
  "model": "auth.permission",
  "pk": 37,
  "fields": {
    "content_type": 12,
    "codename": "delete_degreetype",
    "name": "Can delete degree type"
  }
},
{
  "model": "auth.permission",
  "pk": 38,
  "fields": {
    "content_type": 12,
    "codename": "can_view_degree_type",
    "name": "Peut voir les types de dipl\u00f4me"
  }
},
{
  "model": "auth.permission",
  "pk": 39,
  "fields": {
    "content_type": 13,
    "codename": "add_degree",
    "name": "Can add degree"
  }
},
{
  "model": "auth.permission",
  "pk": 40,
  "fields": {
    "content_type": 13,
    "codename": "change_degree",
    "name": "Can change degree"
  }
},
{
  "model": "auth.permission",
  "pk": 41,
  "fields": {
    "content_type": 13,
    "codename": "delete_degree",
    "name": "Can delete degree"
  }
},
{
  "model": "auth.permission",
  "pk": 42,
  "fields": {
    "content_type": 14,
    "codename": "add_academicfield",
    "name": "Can add academic field"
  }
},
{
  "model": "auth.permission",
  "pk": 43,
  "fields": {
    "content_type": 14,
    "codename": "change_academicfield",
    "name": "Can change academic field"
  }
},
{
  "model": "auth.permission",
  "pk": 44,
  "fields": {
    "content_type": 14,
    "codename": "delete_academicfield",
    "name": "Can delete academic field"
  }
},
{
  "model": "auth.permission",
  "pk": 45,
  "fields": {
    "content_type": 15,
    "codename": "add_institute",
    "name": "Can add institute"
  }
},
{
  "model": "auth.permission",
  "pk": 46,
  "fields": {
    "content_type": 15,
    "codename": "change_institute",
    "name": "Can change institute"
  }
},
{
  "model": "auth.permission",
  "pk": 47,
  "fields": {
    "content_type": 15,
    "codename": "delete_institute",
    "name": "Can delete institute"
  }
},
{
  "model": "auth.permission",
  "pk": 48,
  "fields": {
    "content_type": 15,
    "codename": "can_view_institute",
    "name": "Peut voir les composantes"
  }
},
{
  "model": "auth.permission",
  "pk": 49,
  "fields": {
    "content_type": 16,
    "codename": "add_instituteyear",
    "name": "Can add institute year"
  }
},
{
  "model": "auth.permission",
  "pk": 50,
  "fields": {
    "content_type": 16,
    "codename": "change_instituteyear",
    "name": "Can change institute year"
  }
},
{
  "model": "auth.permission",
  "pk": 51,
  "fields": {
    "content_type": 16,
    "codename": "delete_instituteyear",
    "name": "Can delete institute year"
  }
},
{
  "model": "auth.permission",
  "pk": 52,
  "fields": {
    "content_type": 17,
    "codename": "add_universityyear",
    "name": "Can add university year"
  }
},
{
  "model": "auth.permission",
  "pk": 53,
  "fields": {
    "content_type": 17,
    "codename": "change_universityyear",
    "name": "Can change university year"
  }
},
{
  "model": "auth.permission",
  "pk": 54,
  "fields": {
    "content_type": 17,
    "codename": "delete_universityyear",
    "name": "Can delete university year"
  }
},
{
  "model": "auth.permission",
  "pk": 55,
  "fields": {
    "content_type": 18,
    "codename": "add_profile",
    "name": "Can add profile"
  }
},
{
  "model": "auth.permission",
  "pk": 56,
  "fields": {
    "content_type": 18,
    "codename": "change_profile",
    "name": "Can change profile"
  }
},
{
  "model": "auth.permission",
  "pk": 57,
  "fields": {
    "content_type": 18,
    "codename": "delete_profile",
    "name": "Can delete profile"
  }
},
{
  "model": "auth.permission",
  "pk": 58,
  "fields": {
    "content_type": 18,
    "codename": "DES1",
    "name": "Donne acc\u00e8s \u00e0 un large panel de fonctionnalit\u00e9"
  }
},
{
  "model": "auth.permission",
  "pk": 59,
  "fields": {
    "content_type": 18,
    "codename": "DES2",
    "name": "Donne acc\u00e8s \u00e0 un panel restreint"
  }
},
{
  "model": "auth.permission",
  "pk": 60,
  "fields": {
    "content_type": 18,
    "codename": "DES3",
    "name": "Peut usurper l'identit\u00e9 des utilisateurs"
  }
},
{
  "model": "auth.permission",
  "pk": 61,
  "fields": {
    "content_type": 19,
    "codename": "add_meccuser",
    "name": "Can add Utilisateur"
  }
},
{
  "model": "auth.permission",
  "pk": 62,
  "fields": {
    "content_type": 19,
    "codename": "change_meccuser",
    "name": "Can change Utilisateur"
  }
},
{
  "model": "auth.permission",
  "pk": 63,
  "fields": {
    "content_type": 19,
    "codename": "delete_meccuser",
    "name": "Can delete Utilisateur"
  }
},
{
  "model": "auth.permission",
  "pk": 64,
  "fields": {
    "content_type": 20,
    "codename": "add_rule",
    "name": "Can add rule"
  }
},
{
  "model": "auth.permission",
  "pk": 65,
  "fields": {
    "content_type": 20,
    "codename": "change_rule",
    "name": "Can change rule"
  }
},
{
  "model": "auth.permission",
  "pk": 66,
  "fields": {
    "content_type": 20,
    "codename": "delete_rule",
    "name": "Can delete rule"
  }
},
{
  "model": "auth.permission",
  "pk": 67,
  "fields": {
    "content_type": 21,
    "codename": "add_paragraph",
    "name": "Can add paragraph"
  }
},
{
  "model": "auth.permission",
  "pk": 68,
  "fields": {
    "content_type": 21,
    "codename": "change_paragraph",
    "name": "Can change paragraph"
  }
},
{
  "model": "auth.permission",
  "pk": 69,
  "fields": {
    "content_type": 21,
    "codename": "delete_paragraph",
    "name": "Can delete paragraph"
  }
},
{
  "model": "auth.permission",
  "pk": 70,
  "fields": {
    "content_type": 22,
    "codename": "add_training",
    "name": "Can add training"
  }
},
{
  "model": "auth.permission",
  "pk": 71,
  "fields": {
    "content_type": 22,
    "codename": "change_training",
    "name": "Can change training"
  }
},
{
  "model": "auth.permission",
  "pk": 72,
  "fields": {
    "content_type": 22,
    "codename": "delete_training",
    "name": "Can delete training"
  }
},
{
  "model": "auth.permission",
  "pk": 73,
  "fields": {
    "content_type": 23,
    "codename": "add_specificparagraph",
    "name": "Can add specific paragraph"
  }
},
{
  "model": "auth.permission",
  "pk": 74,
  "fields": {
    "content_type": 23,
    "codename": "change_specificparagraph",
    "name": "Can change specific paragraph"
  }
},
{
  "model": "auth.permission",
  "pk": 75,
  "fields": {
    "content_type": 23,
    "codename": "delete_specificparagraph",
    "name": "Can delete specific paragraph"
  }
},
{
  "model": "auth.permission",
  "pk": 76,
  "fields": {
    "content_type": 24,
    "codename": "add_additionalparagraph",
    "name": "Can add additional paragraph"
  }
},
{
  "model": "auth.permission",
  "pk": 77,
  "fields": {
    "content_type": 24,
    "codename": "change_additionalparagraph",
    "name": "Can change additional paragraph"
  }
},
{
  "model": "auth.permission",
  "pk": 78,
  "fields": {
    "content_type": 24,
    "codename": "delete_additionalparagraph",
    "name": "Can delete additional paragraph"
  }
},
{
  "model": "auth.group",
  "pk": 1,
  "fields": {
    "permissions": [
      67
    ],
    "name": "DES1"
  }
},
{
  "model": "auth.group",
  "pk": 2,
  "fields": {
    "permissions": [
      68
    ],
    "name": "DES2"
  }
},
{
  "model": "auth.group",
  "pk": 3,
  "fields": {
    "permissions": [
      69
    ],
    "name": "DES3"
  }
},
{
  "model": "auth.group",
  "pk": 4,
  "fields": {
    "permissions": [
      70
    ],
    "name": "VP"
  }
},
{
  "model": "auth.user",
  "pk": 1,
  "fields": {
    "groups": [],
    "is_staff": true,
    "last_name": "ISMAIL",
    "password": "",
    "user_permissions": [],
    "email": "ibis.ismail@unistra.fr",
    "is_active": true,
    "first_name": "Ibis",
    "username": "ibis.ismail",
    "last_login": "2016-12-05T13:30:03.936Z",
    "date_joined": "2016-03-01T11:52:40.697Z",
    "is_superuser": true
  }
},
{
  "model": "auth.user",
  "pk": 4,
  "fields": {
    "groups": [],
    "is_staff": true,
    "last_name": "WEIBLE",
    "password": "",
    "user_permissions": [],
    "email": "weible@unistra.fr",
    "is_active": true,
    "first_name": "Nathalie",
    "username": "weible",
    "last_login": "2016-12-07T14:52:11.922Z",
    "date_joined": "2016-03-01T12:00:08.149Z",
    "is_superuser": true
  }
},
{
  "model": "auth.user",
  "pk": 54,
  "fields": {
    "groups": [],
    "is_staff": false,
    "last_name": "GOT",
    "password": "",
    "user_permissions": [],
    "email": "brigitte.got@unistra.fr",
    "is_active": true,
    "first_name": "Brigitte",
    "username": "brigitte.got",
    "last_login": "2016-11-10T13:11:04.684Z",
    "date_joined": "2016-09-12T10:00:57.617Z",
    "is_superuser": false
  }
},
{
  "model": "auth.user",
  "pk": 55,
  "fields": {
    "groups": [],
    "is_staff": false,
    "last_name": "PLANEIX",
    "password": "",
    "user_permissions": [],
    "email": "planeix@unistra.fr",
    "is_active": true,
    "first_name": "Jean-Marc",
    "username": "planeix",
    "last_login": "2016-12-07T14:49:26.473Z",
    "date_joined": "2016-09-12T10:00:58.296Z",
    "is_superuser": false
  }
},
{
  "model": "auth.user",
  "pk": 59,
  "fields": {
    "groups": [],
    "is_staff": false,
    "last_name": "ROSIQUE",
    "password": "",
    "user_permissions": [],
    "email": "thierry.rosique@unistra.fr",
    "is_active": true,
    "first_name": "Thierry",
    "username": "thierry.rosique",
    "last_login": null,
    "date_joined": "2016-09-12T10:03:11.870Z",
    "is_superuser": false
  }
},
{
  "model": "auth.user",
  "pk": 60,
  "fields": {
    "groups": [
      3
    ],
    "is_staff": false,
    "last_name": "",
    "password": "pbkdf2_sha256$20000$ccQTIStTM72i$oNOjP1HRAmf8snvRErqbz7S1b83hpxI2dMOHcPlpE3k=",
    "user_permissions": [],
    "email": "",
    "is_active": true,
    "first_name": "",
    "username": "DES3",
    "last_login": null,
    "date_joined": "2016-09-12T10:04:55.928Z",
    "is_superuser": false
  }
},
{
  "model": "auth.user",
  "pk": 82,
  "fields": {
    "groups": [
      2,
      3
    ],
    "is_staff": false,
    "last_name": "BERTRAND",
    "password": "pbkdf2_sha256$20000$s2qqLWtwK9AD$ThxBMuBaGFEc7YKc14EAeb9F/6E0e6stWRVZkf7m4Hw=",
    "user_permissions": [],
    "email": "kathalyne.bertrand@unistra.fr",
    "is_active": true,
    "first_name": "Kathalyne",
    "username": "k.bertrand",
    "last_login": "2016-11-22T11:00:55.367Z",
    "date_joined": "2016-09-12T15:36:00.686Z",
    "is_superuser": false
  }
},
{
  "model": "auth.user",
  "pk": 83,
  "fields": {
    "groups": [],
    "is_staff": false,
    "last_name": "VUILLEUMIER",
    "password": "",
    "user_permissions": [],
    "email": "vuilleumier@unistra.fr",
    "is_active": true,
    "first_name": "St\u00e9phane",
    "username": "vuilleumier",
    "last_login": "2016-12-07T13:38:15.574Z",
    "date_joined": "2016-09-12T15:44:10.041Z",
    "is_superuser": false
  }
},
{
  "model": "auth.user",
  "pk": 84,
  "fields": {
    "groups": [],
    "is_staff": false,
    "last_name": "BERL BAUDER (BERL)",
    "password": "",
    "user_permissions": [],
    "email": "vberl@unistra.fr",
    "is_active": true,
    "first_name": "Valerie",
    "username": "vberl",
    "last_login": "2016-11-21T13:50:20.889Z",
    "date_joined": "2016-09-12T15:47:09.961Z",
    "is_superuser": false
  }
},
{
  "model": "auth.user",
  "pk": 113,
  "fields": {
    "groups": [],
    "is_staff": false,
    "last_name": "LITZLER",
    "password": "",
    "user_permissions": [],
    "email": "plitzler@unistra.fr",
    "is_active": true,
    "first_name": "Pierre",
    "username": "plitzler",
    "last_login": "2016-09-21T13:24:25.013Z",
    "date_joined": "2016-09-16T10:12:23.746Z",
    "is_superuser": false
  }
},
{
  "model": "auth.user",
  "pk": 122,
  "fields": {
    "groups": [],
    "is_staff": false,
    "last_name": "GROUT",
    "password": "",
    "user_permissions": [],
    "email": "grout@unistra.fr",
    "is_active": true,
    "first_name": "Nathalie",
    "username": "grout",
    "last_login": "2016-09-19T14:38:20.593Z",
    "date_joined": "2016-09-19T08:36:45.840Z",
    "is_superuser": false
  }
},
{
  "model": "auth.user",
  "pk": 152,
  "fields": {
    "groups": [],
    "is_staff": false,
    "last_name": "DURAND",
    "password": "!rgqSQnEKQzJ8MkV6YMuqfmDFwavbPo3eBLk6jKbz",
    "user_permissions": [],
    "email": "marierose.durand@unistra.fr",
    "is_active": true,
    "first_name": "Marie-Rose",
    "username": "marierose.durand",
    "last_login": null,
    "date_joined": "2016-09-20T08:29:05.415Z",
    "is_superuser": false
  }
},
{
  "model": "auth.user",
  "pk": 158,
  "fields": {
    "groups": [],
    "is_staff": false,
    "last_name": "FRITSCH-NOIRARD(FRITSCH)",
    "password": "!LtVY89RNdtpBqxUt41HIWaGZqOFZhNMDXv9g2VA4",
    "user_permissions": [],
    "email": "v.fritsch@unistra.fr",
    "is_active": true,
    "first_name": "Valerie",
    "username": "v.fritsch",
    "last_login": null,
    "date_joined": "2016-09-22T12:14:32.109Z",
    "is_superuser": false
  }
},
{
  "model": "auth.user",
  "pk": 159,
  "fields": {
    "groups": [],
    "is_staff": false,
    "last_name": "ERB",
    "password": "!cGNoMo53zjpO6S7cxyvGrlrXWVasIInKfkwWuzra",
    "user_permissions": [],
    "email": "gerb@unistra.fr",
    "is_active": true,
    "first_name": "Gilles",
    "username": "gerb",
    "last_login": null,
    "date_joined": "2016-09-22T12:14:53.104Z",
    "is_superuser": false
  }
},
{
  "model": "auth.user",
  "pk": 161,
  "fields": {
    "groups": [],
    "is_staff": false,
    "last_name": "VOGT",
    "password": "!hDA0aeTcbblEghdWzxW57BW7jhUyDB1UI7B5o2On",
    "user_permissions": [],
    "email": "agnes.vogt@unistra.fr",
    "is_active": true,
    "first_name": "Agnes",
    "username": "agnes.vogt",
    "last_login": null,
    "date_joined": "2016-09-22T12:17:11.575Z",
    "is_superuser": false
  }
},
{
  "model": "auth.user",
  "pk": 162,
  "fields": {
    "groups": [],
    "is_staff": false,
    "last_name": "RUEFF",
    "password": "!sWST6SwbvxUspbGEIEVUD6cHvgjcRMq5THLQnr0r",
    "user_permissions": [],
    "email": "nathalie.rueff@unistra.fr",
    "is_active": true,
    "first_name": "Nathalie",
    "username": "nathalie.rueff",
    "last_login": null,
    "date_joined": "2016-09-22T12:17:21.828Z",
    "is_superuser": false
  }
},
{
  "model": "auth.user",
  "pk": 167,
  "fields": {
    "groups": [],
    "is_staff": false,
    "last_name": "GERBER",
    "password": "!T858uKrJ50jjr3lSMMz8wW7cNIsBK2JHVqv1oh0z",
    "user_permissions": [],
    "email": "yohan.gerber@etu.unistra.fr",
    "is_active": true,
    "first_name": "Yohan",
    "username": "ygerber",
    "last_login": null,
    "date_joined": "2016-09-23T08:07:06.200Z",
    "is_superuser": false
  }
},
{
  "model": "auth.user",
  "pk": 168,
  "fields": {
    "groups": [],
    "is_staff": false,
    "last_name": "CHARGUI",
    "password": "!FRHrna7tBGAgRLPj7SwVKBcV9lsbqex3zLCgnDi7",
    "user_permissions": [],
    "email": "chargui@unistra.fr",
    "is_active": true,
    "first_name": "Mohamed",
    "username": "chargui",
    "last_login": null,
    "date_joined": "2016-09-23T08:07:45.681Z",
    "is_superuser": false
  }
},
{
  "model": "auth.user",
  "pk": 169,
  "fields": {
    "groups": [
      4
    ],
    "is_staff": false,
    "last_name": "GAUER",
    "password": "!zHtnRZgoXMCKSkg7GBi9Rus3mek78jOLhPWqiaqm",
    "user_permissions": [],
    "email": "gauer@inci-cnrs.unistra.fr",
    "is_active": true,
    "first_name": "Francois",
    "username": "gauer",
    "last_login": "2016-10-12T12:36:27.389Z",
    "date_joined": "2016-09-23T08:08:24.870Z",
    "is_superuser": false
  }
},
{
  "model": "auth.user",
  "pk": 170,
  "fields": {
    "groups": [],
    "is_staff": false,
    "last_name": "LAHEURTE",
    "password": "",
    "user_permissions": [],
    "email": "micheline.laheurte@unistra.fr",
    "is_active": true,
    "first_name": "Micheline",
    "username": "m.laheurte",
    "last_login": null,
    "date_joined": "2016-09-23T08:20:32.126Z",
    "is_superuser": false
  }
},
{
  "model": "auth.user",
  "pk": 171,
  "fields": {
    "groups": [],
    "is_staff": false,
    "last_name": "GENTON",
    "password": "",
    "user_permissions": [],
    "email": "bgenton@unistra.fr",
    "is_active": true,
    "first_name": "Bernard",
    "username": "bgenton",
    "last_login": "2016-09-23T09:38:11.455Z",
    "date_joined": "2016-09-23T08:20:32.323Z",
    "is_superuser": false
  }
},
{
  "model": "auth.user",
  "pk": 173,
  "fields": {
    "groups": [],
    "is_staff": false,
    "last_name": "GRASS",
    "password": "",
    "user_permissions": [],
    "email": "tgrass@unistra.fr",
    "is_active": true,
    "first_name": "Thierry",
    "username": "tgrass",
    "last_login": null,
    "date_joined": "2016-09-23T08:21:07.610Z",
    "is_superuser": false
  }
},
{
  "model": "auth.user",
  "pk": 174,
  "fields": {
    "groups": [],
    "is_staff": false,
    "last_name": "JUNG",
    "password": "",
    "user_permissions": [],
    "email": "cjung@unistra.fr",
    "is_active": true,
    "first_name": "Claudine",
    "username": "cjung",
    "last_login": null,
    "date_joined": "2016-09-23T08:21:26.978Z",
    "is_superuser": false
  }
},
{
  "model": "auth.user",
  "pk": 175,
  "fields": {
    "groups": [],
    "is_staff": false,
    "last_name": "CHAPOT",
    "password": "",
    "user_permissions": [],
    "email": "chapot@unistra.fr",
    "is_active": true,
    "first_name": "Frederic",
    "username": "chapot",
    "last_login": "2016-09-23T09:17:50.695Z",
    "date_joined": "2016-09-23T08:21:27.148Z",
    "is_superuser": false
  }
},
{
  "model": "auth.user",
  "pk": 176,
  "fields": {
    "groups": [],
    "is_staff": false,
    "last_name": "THOMAS",
    "password": "",
    "user_permissions": [],
    "email": "stephane.thomas@ceipi.edu",
    "is_active": true,
    "first_name": "St\u00e9phane",
    "username": "stephane.thomas",
    "last_login": null,
    "date_joined": "2016-09-23T08:24:29.320Z",
    "is_superuser": false
  }
},
{
  "model": "auth.user",
  "pk": 177,
  "fields": {
    "groups": [],
    "is_staff": false,
    "last_name": "GEIGER",
    "password": "",
    "user_permissions": [],
    "email": "christophe.geiger@ceipi.edu",
    "is_active": true,
    "first_name": "Christophe",
    "username": "ch.geiger",
    "last_login": null,
    "date_joined": "2016-09-23T08:24:29.505Z",
    "is_superuser": false
  }
},
{
  "model": "auth.user",
  "pk": 178,
  "fields": {
    "groups": [],
    "is_staff": false,
    "last_name": "GAUTHIER-BOOS",
    "password": "",
    "user_permissions": [],
    "email": "christine.gauthier-boos@cuej.unistra.fr",
    "is_active": true,
    "first_name": "Christine",
    "username": "gauthierboos",
    "last_login": null,
    "date_joined": "2016-09-23T08:25:07.731Z",
    "is_superuser": false
  }
},
{
  "model": "auth.user",
  "pk": 179,
  "fields": {
    "groups": [],
    "is_staff": false,
    "last_name": "HMAE",
    "password": "",
    "user_permissions": [],
    "email": "catherine.hmae@unistra.fr",
    "is_active": true,
    "first_name": "Catherine",
    "username": "catherine.hmae",
    "last_login": null,
    "date_joined": "2016-09-23T08:25:36.989Z",
    "is_superuser": false
  }
},
{
  "model": "auth.user",
  "pk": 180,
  "fields": {
    "groups": [],
    "is_staff": false,
    "last_name": "ECKERT",
    "password": "",
    "user_permissions": [],
    "email": "gabriel.eckert@unistra.fr",
    "is_active": true,
    "first_name": "Gabriel",
    "username": "gabriel.eckert",
    "last_login": null,
    "date_joined": "2016-09-23T08:25:37.206Z",
    "is_superuser": false
  }
},
{
  "model": "auth.user",
  "pk": 181,
  "fields": {
    "groups": [],
    "is_staff": false,
    "last_name": "TUFFERY-ANDRIEU",
    "password": "",
    "user_permissions": [],
    "email": "j.tufferyandrieu@unistra.fr",
    "is_active": true,
    "first_name": "Jeanne-Marie",
    "username": "j.tufferyandrieu",
    "last_login": null,
    "date_joined": "2016-09-23T08:41:49.978Z",
    "is_superuser": false
  }
},
{
  "model": "auth.user",
  "pk": 182,
  "fields": {
    "groups": [],
    "is_staff": false,
    "last_name": "MULLER",
    "password": "",
    "user_permissions": [],
    "email": "alain.muller@unistra.fr",
    "is_active": true,
    "first_name": "Alain",
    "username": "alamuller",
    "last_login": "2016-11-22T10:57:04.991Z",
    "date_joined": "2016-09-23T09:04:20.414Z",
    "is_superuser": false
  }
},
{
  "model": "auth.user",
  "pk": 183,
  "fields": {
    "groups": [],
    "is_staff": false,
    "last_name": "GIES",
    "password": "",
    "user_permissions": [],
    "email": "gies@unistra.fr",
    "is_active": true,
    "first_name": "Jean-Pierre",
    "username": "gies",
    "last_login": "2016-10-21T09:30:10.068Z",
    "date_joined": "2016-09-23T09:04:20.642Z",
    "is_superuser": false
  }
},
{
  "model": "auth.user",
  "pk": 186,
  "fields": {
    "groups": [],
    "is_staff": false,
    "last_name": "BOUREL",
    "password": "!JKJ7ympnlIBk6RWv1m66cpzJl6iUNKowTxQedrcq",
    "user_permissions": [],
    "email": "peggy.meyer@unistra.fr",
    "is_active": true,
    "first_name": "Line",
    "username": "lbourel",
    "last_login": null,
    "date_joined": "2016-09-23T09:19:36.274Z",
    "is_superuser": false
  }
},
{
  "model": "auth.user",
  "pk": 188,
  "fields": {
    "groups": [],
    "is_staff": false,
    "last_name": "LEHMANN",
    "password": "!P9gewggMA3uUUs7WQTB3yXV5TnUFUeLhbQFYCIJ6",
    "user_permissions": [],
    "email": "yves.lehmann@unistra.fr",
    "is_active": true,
    "first_name": "Yves",
    "username": "yves.lehmann",
    "last_login": null,
    "date_joined": "2016-09-23T09:20:15.054Z",
    "is_superuser": false
  }
},
{
  "model": "auth.user",
  "pk": 189,
  "fields": {
    "groups": [],
    "is_staff": false,
    "last_name": "JAFFRE",
    "password": "!CiQlLXNTfN32iPhQljJLxAVtivfhnZjqvhJKIBZN",
    "user_permissions": [],
    "email": "jaffre@unistra.fr",
    "is_active": true,
    "first_name": "Severine",
    "username": "jaffre",
    "last_login": null,
    "date_joined": "2016-09-23T09:20:49.573Z",
    "is_superuser": false
  }
},
{
  "model": "auth.user",
  "pk": 190,
  "fields": {
    "groups": [],
    "is_staff": false,
    "last_name": "GARNIER",
    "password": "!ItxAUBfjxS3yMk9t7TidmTxCOZuiufXEJFE3Ta8t",
    "user_permissions": [],
    "email": "garnier@unistra.fr",
    "is_active": true,
    "first_name": "Aurore",
    "username": "garnier",
    "last_login": null,
    "date_joined": "2016-09-23T09:21:16.412Z",
    "is_superuser": false
  }
},
{
  "model": "auth.user",
  "pk": 194,
  "fields": {
    "groups": [],
    "is_staff": false,
    "last_name": "BAUDIN",
    "password": "!OG0SY6qmqyzfpv5BGi0eJNKuoewgxEBTvPc2uZvL",
    "user_permissions": [],
    "email": "rodolphebaudin@unistra.fr",
    "is_active": true,
    "first_name": "Rodolphe",
    "username": "rbaudin",
    "last_login": null,
    "date_joined": "2016-09-23T09:25:54.020Z",
    "is_superuser": false
  }
},
{
  "model": "auth.user",
  "pk": 198,
  "fields": {
    "groups": [],
    "is_staff": false,
    "last_name": "FRIEDRICH",
    "password": "!zOxQlZrGEg7Egt2sEtrUGsj5jno2lmfvcO1w7fij",
    "user_permissions": [],
    "email": "s.friedrich@unistra.fr",
    "is_active": true,
    "first_name": "Stephanie",
    "username": "s.friedrich",
    "last_login": null,
    "date_joined": "2016-09-23T09:31:28.347Z",
    "is_superuser": false
  }
},
{
  "model": "auth.user",
  "pk": 199,
  "fields": {
    "groups": [],
    "is_staff": false,
    "last_name": "MEYER",
    "password": "!b9K88PDLiwwM0yJxYcXP5TOdYgF5wLk3HkPN1Voe",
    "user_permissions": [],
    "email": "peggy.meyer@unistra.fr",
    "is_active": true,
    "first_name": "Peggy",
    "username": "peggy.meyer",
    "last_login": null,
    "date_joined": "2016-09-23T09:32:03.887Z",
    "is_superuser": false
  }
},
{
  "model": "auth.user",
  "pk": 201,
  "fields": {
    "groups": [],
    "is_staff": false,
    "last_name": "BIRKEL",
    "password": "!R2ei9GWaVY2y3ahdxvfP8FfNeRMpgSvjAyVNPPJA",
    "user_permissions": [],
    "email": "jeanine.birkel@unistra.fr",
    "is_active": true,
    "first_name": "Jeanine",
    "username": "jeanine.birkel",
    "last_login": "2016-10-19T12:33:53.886Z",
    "date_joined": "2016-10-06T08:55:09.134Z",
    "is_superuser": false
  }
},
{
  "model": "auth.user",
  "pk": 207,
  "fields": {
    "groups": [
      1,
      3
    ],
    "is_staff": false,
    "last_name": "CHINETTI",
    "password": "pbkdf2_sha256$20000$sSQL9psITMss$HHc1RGeeibRSB2qEcpuhaTrmLGF/RNqTwiP3aZN0/eo=",
    "user_permissions": [],
    "email": "chinetti@unistra.fr",
    "is_active": true,
    "first_name": "Marie-Alexandra",
    "username": "chinetti",
    "last_login": "2016-11-21T14:25:23.655Z",
    "date_joined": "2016-10-10T10:35:11.806Z",
    "is_superuser": false
  }
},
{
  "model": "auth.user",
  "pk": 214,
  "fields": {
    "groups": [],
    "is_staff": false,
    "last_name": "ISMAIL",
    "password": "",
    "user_permissions": [],
    "email": "iismail@unistra.fr",
    "is_active": true,
    "first_name": "Imad",
    "username": "iismail",
    "last_login": null,
    "date_joined": "2016-10-10T15:25:52.497Z",
    "is_superuser": false
  }
},
{
  "model": "auth.user",
  "pk": 217,
  "fields": {
    "groups": [],
    "is_staff": false,
    "last_name": "SCHURHAMMER",
    "password": "!mEVPUGSH2cOxPHTZhsxUcQpm46a2ONnrTHK93BDW",
    "user_permissions": [],
    "email": "rschurhammer@unistra.fr",
    "is_active": true,
    "first_name": "Rachel",
    "username": "rschurhammer",
    "last_login": null,
    "date_joined": "2016-10-21T09:15:30.055Z",
    "is_superuser": false
  }
},
{
  "model": "auth.user",
  "pk": 220,
  "fields": {
    "groups": [],
    "is_staff": true,
    "last_name": "",
    "password": "!UFXxyPhGAy7bnCIO8kwZJxX6MWpBMgSCsGSRBRe0",
    "user_permissions": [],
    "email": "",
    "is_active": true,
    "first_name": "",
    "username": "baguet",
    "last_login": "2016-12-07T13:49:20.678Z",
    "date_joined": "2016-11-15T09:08:17.862Z",
    "is_superuser": true
  }
},
{
  "model": "auth.user",
  "pk": 221,
  "fields": {
    "groups": [
      3
    ],
    "is_staff": false,
    "last_name": "PINARD",
    "password": "!WrztaPO3svrQURENyHJszuEIl3i7GhNmgqzJn0go",
    "user_permissions": [],
    "email": "b.pinard@unistra.fr",
    "is_active": true,
    "first_name": "Bertrand",
    "username": "b.pinard",
    "last_login": "2016-12-01T16:21:34.783Z",
    "date_joined": "2016-11-18T13:00:39.196Z",
    "is_superuser": false
  }
},
{
  "model": "auth.user",
  "pk": 223,
  "fields": {
    "groups": [
      3
    ],
    "is_staff": false,
    "last_name": "",
    "password": "!VTH2GVEICjuySVWFxfm2gSLeoeupeapPG82yFjg0",
    "user_permissions": [],
    "email": "",
    "is_active": true,
    "first_name": "",
    "username": "nathalie.ostre",
    "last_login": "2016-12-07T10:15:29.889Z",
    "date_joined": "2016-11-21T13:54:39.466Z",
    "is_superuser": false
  }
},
{
  "model": "auth.user",
  "pk": 224,
  "fields": {
    "groups": [],
    "is_staff": false,
    "last_name": "",
    "password": "pbkdf2_sha256$20000$qyFwuwvQaJFI$9D6CHqL5pexu7fc1gonQ7OMZo2haEGmW/NPwkR8TBI8=",
    "user_permissions": [],
    "email": "",
    "is_active": true,
    "first_name": "",
    "username": "test2",
    "last_login": null,
    "date_joined": "2016-11-22T08:53:00.016Z",
    "is_superuser": false
  }
},
{
  "model": "auth.user",
  "pk": 225,
  "fields": {
    "groups": [
      2,
      3
    ],
    "is_staff": false,
    "last_name": "",
    "password": "pbkdf2_sha256$20000$CzzCHQJDMRF2$pC9MNe4eM2OI4mKyxxBh76yc+aK3kGF+i6XD241vzug=",
    "user_permissions": [],
    "email": "",
    "is_active": true,
    "first_name": "",
    "username": "eguidat",
    "last_login": null,
    "date_joined": "2016-11-22T12:07:13.392Z",
    "is_superuser": false
  }
},
{
  "model": "admin.logentry",
  "pk": 1,
  "fields": {
    "action_flag": 2,
    "user": 1,
    "object_repr": "baguet",
    "object_id": "220",
    "change_message": "Modifi\u00e9 is_superuser et is_staff.",
    "action_time": "2016-11-15T09:09:39.074Z",
    "content_type": 3
  }
},
{
  "model": "admin.logentry",
  "pk": 2,
  "fields": {
    "action_flag": 2,
    "user": 4,
    "object_repr": "b.pinard",
    "object_id": "221",
    "change_message": "Modifi\u00e9 groups.",
    "action_time": "2016-11-18T13:01:04.523Z",
    "content_type": 3
  }
},
{
  "model": "admin.logentry",
  "pk": 3,
  "fields": {
    "action_flag": 1,
    "user": 4,
    "object_repr": "ostre",
    "object_id": "222",
    "change_message": "",
    "action_time": "2016-11-18T13:04:08.139Z",
    "content_type": 3
  }
},
{
  "model": "admin.logentry",
  "pk": 4,
  "fields": {
    "action_flag": 2,
    "user": 4,
    "object_repr": "ostre",
    "object_id": "222",
    "change_message": "Modifi\u00e9 last_name, first_name, email et groups.",
    "action_time": "2016-11-18T13:04:24.140Z",
    "content_type": 3
  }
},
{
  "model": "admin.logentry",
  "pk": 5,
  "fields": {
    "action_flag": 3,
    "user": 4,
    "object_repr": "ostre",
    "object_id": "222",
    "change_message": "",
    "action_time": "2016-11-22T08:10:55.040Z",
    "content_type": 3
  }
},
{
  "model": "admin.logentry",
  "pk": 6,
  "fields": {
    "action_flag": 2,
    "user": 4,
    "object_repr": "nathalie.ostre",
    "object_id": "223",
    "change_message": "Modifi\u00e9 groups.",
    "action_time": "2016-11-22T08:11:28.526Z",
    "content_type": 3
  }
},
{
  "model": "admin.logentry",
  "pk": 7,
  "fields": {
    "action_flag": 1,
    "user": 220,
    "object_repr": "test2",
    "object_id": "224",
    "change_message": "",
    "action_time": "2016-11-22T08:53:00.133Z",
    "content_type": 3
  }
},
{
  "model": "admin.logentry",
  "pk": 8,
  "fields": {
    "action_flag": 1,
    "user": 4,
    "object_repr": "eguidat",
    "object_id": "225",
    "change_message": "",
    "action_time": "2016-11-22T12:07:13.554Z",
    "content_type": 3
  }
},
{
  "model": "admin.logentry",
  "pk": 9,
  "fields": {
    "action_flag": 2,
    "user": 4,
    "object_repr": "eguidat",
    "object_id": "225",
    "change_message": "Modifi\u00e9 groups.",
    "action_time": "2016-11-22T12:08:08.370Z",
    "content_type": 3
  }
},
{
  "model": "admin.logentry",
  "pk": 10,
  "fields": {
    "action_flag": 2,
    "user": 4,
    "object_repr": "eguidat",
    "object_id": "225",
    "change_message": "Modifi\u00e9 groups.",
    "action_time": "2016-11-22T12:08:18.298Z",
    "content_type": 3
  }
},
{
  "model": "admin.logentry",
  "pk": 11,
  "fields": {
    "action_flag": 2,
    "user": 4,
    "object_repr": "eguidat",
    "object_id": "225",
    "change_message": "Modifi\u00e9 groups.",
    "action_time": "2016-11-22T12:08:33.803Z",
    "content_type": 3
  }
},
{
  "model": "adm.meccuser",
  "pk": 1,
  "fields": {
    "profile": [],
    "cmp": "",
    "is_ref_app": false,
    "user": 1,
    "status": ""
  }
},
{
  "model": "adm.meccuser",
  "pk": 4,
  "fields": {
    "profile": [],
    "cmp": "",
    "is_ref_app": false,
    "user": 4,
    "status": ""
  }
},
{
  "model": "adm.meccuser",
  "pk": 33,
  "fields": {
    "profile": [
      9
    ],
    "cmp": "CHM",
    "is_ref_app": false,
    "user": 54,
    "status": ""
  }
},
{
  "model": "adm.meccuser",
  "pk": 34,
  "fields": {
    "profile": [
      10,
      56
    ],
    "cmp": "CHM",
    "is_ref_app": false,
    "user": 55,
    "status": ""
  }
},
{
  "model": "adm.meccuser",
  "pk": 38,
  "fields": {
    "profile": [
      14
    ],
    "cmp": "GEO",
    "is_ref_app": false,
    "user": 59,
    "status": ""
  }
},
{
  "model": "adm.meccuser",
  "pk": 39,
  "fields": {
    "profile": [],
    "cmp": "",
    "is_ref_app": false,
    "user": 60,
    "status": ""
  }
},
{
  "model": "adm.meccuser",
  "pk": 60,
  "fields": {
    "profile": [],
    "cmp": "",
    "is_ref_app": false,
    "user": 82,
    "status": ""
  }
},
{
  "model": "adm.meccuser",
  "pk": 61,
  "fields": {
    "profile": [
      32
    ],
    "cmp": "VIE",
    "is_ref_app": false,
    "user": 83,
    "status": ""
  }
},
{
  "model": "adm.meccuser",
  "pk": 62,
  "fields": {
    "profile": [
      32
    ],
    "cmp": "CHM",
    "is_ref_app": false,
    "user": 84,
    "status": ""
  }
},
{
  "model": "adm.meccuser",
  "pk": 91,
  "fields": {
    "profile": [
      12
    ],
    "cmp": "ART",
    "is_ref_app": false,
    "user": 113,
    "status": ""
  }
},
{
  "model": "adm.meccuser",
  "pk": 100,
  "fields": {
    "profile": [
      39
    ],
    "cmp": "ART",
    "is_ref_app": false,
    "user": 122,
    "status": ""
  }
},
{
  "model": "adm.meccuser",
  "pk": 130,
  "fields": {
    "profile": [
      54
    ],
    "cmp": "VIE",
    "is_ref_app": false,
    "user": 152,
    "status": ""
  }
},
{
  "model": "adm.meccuser",
  "pk": 136,
  "fields": {
    "profile": [
      56
    ],
    "cmp": "",
    "is_ref_app": false,
    "user": 158,
    "status": ""
  }
},
{
  "model": "adm.meccuser",
  "pk": 137,
  "fields": {
    "profile": [
      56
    ],
    "cmp": "",
    "is_ref_app": false,
    "user": 159,
    "status": ""
  }
},
{
  "model": "adm.meccuser",
  "pk": 139,
  "fields": {
    "profile": [
      59
    ],
    "cmp": "CHM",
    "is_ref_app": false,
    "user": 161,
    "status": ""
  }
},
{
  "model": "adm.meccuser",
  "pk": 140,
  "fields": {
    "profile": [
      59
    ],
    "cmp": "CHM",
    "is_ref_app": false,
    "user": 162,
    "status": ""
  }
},
{
  "model": "adm.meccuser",
  "pk": 145,
  "fields": {
    "profile": [
      56
    ],
    "cmp": "",
    "is_ref_app": false,
    "user": 167,
    "status": ""
  }
},
{
  "model": "adm.meccuser",
  "pk": 146,
  "fields": {
    "profile": [
      56
    ],
    "cmp": "",
    "is_ref_app": false,
    "user": 168,
    "status": ""
  }
},
{
  "model": "adm.meccuser",
  "pk": 147,
  "fields": {
    "profile": [
      26,
      56
    ],
    "cmp": "VIE",
    "is_ref_app": false,
    "user": 169,
    "status": ""
  }
},
{
  "model": "adm.meccuser",
  "pk": 148,
  "fields": {
    "profile": [
      60
    ],
    "cmp": "LVI",
    "is_ref_app": false,
    "user": 170,
    "status": ""
  }
},
{
  "model": "adm.meccuser",
  "pk": 149,
  "fields": {
    "profile": [
      61
    ],
    "cmp": "LVI",
    "is_ref_app": false,
    "user": 171,
    "status": ""
  }
},
{
  "model": "adm.meccuser",
  "pk": 151,
  "fields": {
    "profile": [
      63
    ],
    "cmp": "LGA",
    "is_ref_app": false,
    "user": 173,
    "status": ""
  }
},
{
  "model": "adm.meccuser",
  "pk": 152,
  "fields": {
    "profile": [
      64
    ],
    "cmp": "LET",
    "is_ref_app": false,
    "user": 174,
    "status": ""
  }
},
{
  "model": "adm.meccuser",
  "pk": 153,
  "fields": {
    "profile": [
      65
    ],
    "cmp": "LET",
    "is_ref_app": false,
    "user": 175,
    "status": ""
  }
},
{
  "model": "adm.meccuser",
  "pk": 154,
  "fields": {
    "profile": [
      66
    ],
    "cmp": "CPI",
    "is_ref_app": false,
    "user": 176,
    "status": ""
  }
},
{
  "model": "adm.meccuser",
  "pk": 155,
  "fields": {
    "profile": [
      67
    ],
    "cmp": "CPI",
    "is_ref_app": false,
    "user": 177,
    "status": ""
  }
},
{
  "model": "adm.meccuser",
  "pk": 156,
  "fields": {
    "profile": [
      68
    ],
    "cmp": "CUJ",
    "is_ref_app": false,
    "user": 178,
    "status": ""
  }
},
{
  "model": "adm.meccuser",
  "pk": 157,
  "fields": {
    "profile": [
      69
    ],
    "cmp": "IEP",
    "is_ref_app": false,
    "user": 179,
    "status": ""
  }
},
{
  "model": "adm.meccuser",
  "pk": 158,
  "fields": {
    "profile": [
      70
    ],
    "cmp": "IEP",
    "is_ref_app": false,
    "user": 180,
    "status": ""
  }
},
{
  "model": "adm.meccuser",
  "pk": 159,
  "fields": {
    "profile": [
      71
    ],
    "cmp": "DRT",
    "is_ref_app": false,
    "user": 181,
    "status": ""
  }
},
{
  "model": "adm.meccuser",
  "pk": 160,
  "fields": {
    "profile": [
      72
    ],
    "cmp": "PHA",
    "is_ref_app": false,
    "user": 182,
    "status": ""
  }
},
{
  "model": "adm.meccuser",
  "pk": 161,
  "fields": {
    "profile": [
      73
    ],
    "cmp": "PHA",
    "is_ref_app": false,
    "user": 183,
    "status": ""
  }
},
{
  "model": "adm.meccuser",
  "pk": 164,
  "fields": {
    "profile": [
      76
    ],
    "cmp": "PHA",
    "is_ref_app": false,
    "user": 186,
    "status": ""
  }
},
{
  "model": "adm.meccuser",
  "pk": 166,
  "fields": {
    "profile": [
      78
    ],
    "cmp": "LET",
    "is_ref_app": false,
    "user": 188,
    "status": ""
  }
},
{
  "model": "adm.meccuser",
  "pk": 167,
  "fields": {
    "profile": [
      79
    ],
    "cmp": "LVI",
    "is_ref_app": false,
    "user": 189,
    "status": ""
  }
},
{
  "model": "adm.meccuser",
  "pk": 168,
  "fields": {
    "profile": [
      79
    ],
    "cmp": "LVI",
    "is_ref_app": false,
    "user": 190,
    "status": ""
  }
},
{
  "model": "adm.meccuser",
  "pk": 172,
  "fields": {
    "profile": [
      75
    ],
    "cmp": "LVI",
    "is_ref_app": false,
    "user": 194,
    "status": ""
  }
},
{
  "model": "adm.meccuser",
  "pk": 176,
  "fields": {
    "profile": [
      80
    ],
    "cmp": "PHA",
    "is_ref_app": true,
    "user": 198,
    "status": ""
  }
},
{
  "model": "adm.meccuser",
  "pk": 177,
  "fields": {
    "profile": [
      77
    ],
    "cmp": "PHA",
    "is_ref_app": false,
    "user": 199,
    "status": ""
  }
},
{
  "model": "adm.meccuser",
  "pk": 179,
  "fields": {
    "profile": [
      59
    ],
    "cmp": "CHM",
    "is_ref_app": false,
    "user": 201,
    "status": ""
  }
},
{
  "model": "adm.meccuser",
  "pk": 185,
  "fields": {
    "profile": [],
    "cmp": "",
    "is_ref_app": false,
    "user": 207,
    "status": ""
  }
},
{
  "model": "adm.meccuser",
  "pk": 192,
  "fields": {
    "profile": [
      82
    ],
    "cmp": "DIR",
    "is_ref_app": false,
    "user": 214,
    "status": ""
  }
},
{
  "model": "adm.meccuser",
  "pk": 195,
  "fields": {
    "profile": [
      56,
      81
    ],
    "cmp": "CHM",
    "is_ref_app": false,
    "user": 217,
    "status": ""
  }
},
{
  "model": "adm.meccuser",
  "pk": 198,
  "fields": {
    "profile": [],
    "cmp": "",
    "is_ref_app": false,
    "user": 220,
    "status": ""
  }
},
{
  "model": "adm.meccuser",
  "pk": 199,
  "fields": {
    "profile": [
      35
    ],
    "cmp": "CHM",
    "is_ref_app": true,
    "user": 221,
    "status": ""
  }
},
{
  "model": "adm.meccuser",
  "pk": 201,
  "fields": {
    "profile": [],
    "cmp": "",
    "is_ref_app": false,
    "user": 223,
    "status": ""
  }
},
{
  "model": "adm.meccuser",
  "pk": 202,
  "fields": {
    "profile": [],
    "cmp": "",
    "is_ref_app": false,
    "user": 224,
    "status": ""
  }
},
{
  "model": "adm.meccuser",
  "pk": 203,
  "fields": {
    "profile": [],
    "cmp": "",
    "is_ref_app": false,
    "user": 225,
    "status": ""
  }
}
]
