[{"pk": 1, "fields": {"app_label": "auth", "model": "permission"}, "model": "contenttypes.contenttype"}, {"pk": 2, "fields": {"app_label": "auth", "model": "group"}, "model": "contenttypes.contenttype"}, {"pk": 3, "fields": {"app_label": "auth", "model": "user"}, "model": "contenttypes.contenttype"}, {"pk": 4, "fields": {"app_label": "contenttypes", "model": "contenttype"}, "model": "contenttypes.contenttype"}, {"pk": 5, "fields": {"app_label": "sessions", "model": "session"}, "model": "contenttypes.contenttype"}, {"pk": 6, "fields": {"app_label": "sites", "model": "site"}, "model": "contenttypes.contenttype"}, {"pk": 7, "fields": {"app_label": "admin", "model": "logentry"}, "model": "contenttypes.contenttype"}, {"pk": 8, "fields": {"app_label": "django_cas", "model": "tgt"}, "model": "contenttypes.contenttype"}, {"pk": 9, "fields": {"app_label": "django_cas", "model": "pgtiou"}, "model": "contenttypes.contenttype"}, {"pk": 10, "fields": {"app_label": "django_cas", "model": "sessionserviceticket"}, "model": "contenttypes.contenttype"}, {"pk": 11, "fields": {"app_label": "commission", "model": "ecicommissionmember"}, "model": "contenttypes.contenttype"}, {"pk": 12, "fields": {"app_label": "degree", "model": "degreetype"}, "model": "contenttypes.contenttype"}, {"pk": 13, "fields": {"app_label": "degree", "model": "degree"}, "model": "contenttypes.contenttype"}, {"pk": 14, "fields": {"app_label": "institute", "model": "academicfield"}, "model": "contenttypes.contenttype"}, {"pk": 15, "fields": {"app_label": "institute", "model": "staff"}, "model": "contenttypes.contenttype"}, {"pk": 16, "fields": {"app_label": "institute", "model": "scolmanager"}, "model": "contenttypes.contenttype"}, {"pk": 17, "fields": {"app_label": "institute", "model": "institute"}, "model": "contenttypes.contenttype"}, {"pk": 18, "fields": {"app_label": "years", "model": "instituteyear"}, "model": "contenttypes.contenttype"}, {"pk": 19, "fields": {"app_label": "years", "model": "universityyear"}, "model": "contenttypes.contenttype"}, {"pk": 20, "fields": {"app_label": "years", "model": "instituteyear2"}, "model": "contenttypes.contenttype"}, {"pk": 21, "fields": {"app_label": "adm", "model": "profile"}, "model": "contenttypes.contenttype"}, {"pk": 22, "fields": {"app_label": "adm", "model": "meccuser"}, "model": "contenttypes.contenttype"}, {"pk": 23, "fields": {"app_label": "adm", "model": "scolmanager"}, "model": "contenttypes.contenttype"}, {"pk": 24, "fields": {"app_label": "adm", "model": "group_des3"}, "model": "contenttypes.contenttype"}, {"pk": "4iqj3l14aac2qtrisfvhxrykeovlxvwn", "fields": {"expire_date": "2016-03-16T10:46:07.886Z", "session_data": "MWI5Zjc4Yzk4MDJjZTQ5NDg0YTgxYmMwNTljMzZlMmVmNTdkZjdmZTp7Il9hdXRoX3VzZXJfYmFja2VuZCI6ImRqYW5nb19jYXMuYmFja2VuZHMuQ0FTQmFja2VuZCIsIl9hdXRoX3VzZXJfaWQiOiIxIiwiX2F1dGhfdXNlcl9oYXNoIjoiYjhmNGRiMGJhM2ZiMzFjODUxODc4ZDc1NmQ1N2RjZWRkYzkxMzlmMyJ9"}, "model": "sessions.session"}, {"pk": 1, "fields": {"name": "example.com", "domain": "example.com"}, "model": "sites.site"}, {"pk": "ST-741485-fbFfp7EDUnAuxp5EYc7s-cas1", "fields": {"session_key": "4iqj3l14aac2qtrisfvhxrykeovlxvwn"}, "model": "django_cas.sessionserviceticket"}, {"pk": 1, "fields": {"is_in_use": true, "short_label": "DAEU", "display_order": 1, "long_label": "Dipl\u00f4me d'acc\u00e8s aux \u00e9tudes universitaires", "mecc_cat": ""}, "model": "degree.degreetype"}, {"pk": 2, "fields": {"is_in_use": true, "short_label": "Capacit\u00e9 (Droit)", "display_order": 2, "long_label": "Capacit\u00e9", "mecc_cat": ""}, "model": "degree.degreetype"}, {"pk": 3, "fields": {"is_in_use": true, "short_label": "DUT", "display_order": 3, "long_label": "Dipl\u00f4me Universitaire de Technologie", "mecc_cat": ""}, "model": "degree.degreetype"}, {"pk": 4, "fields": {"is_in_use": true, "short_label": "DEUST", "display_order": 4, "long_label": "Dipl\u00f4me d'Etudes Universitaires Scientifiques et Techniques", "mecc_cat": ""}, "model": "degree.degreetype"}, {"pk": 5, "fields": {"is_in_use": true, "short_label": "Licence", "display_order": 5, "long_label": "Licence", "mecc_cat": ""}, "model": "degree.degreetype"}, {"pk": 6, "fields": {"is_in_use": true, "short_label": "Licence professionnelle", "display_order": 6, "long_label": "Licence professionnelle", "mecc_cat": ""}, "model": "degree.degreetype"}, {"pk": 7, "fields": {"is_in_use": true, "short_label": "Master", "display_order": 7, "long_label": "Master", "mecc_cat": ""}, "model": "degree.degreetype"}, {"pk": 8, "fields": {"is_in_use": true, "short_label": "DU - Dipl\u00f4me d'Universit\u00e9", "display_order": 20, "long_label": "Dipl\u00f4me d'Universit\u00e9", "mecc_cat": ""}, "model": "degree.degreetype"}, {"pk": 9, "fields": {"is_in_use": true, "short_label": "ECOLE - Dipl\u00f4me d'ing\u00e9nieur", "display_order": 30, "long_label": "Dipl\u00f4me d'ing\u00e9nieur", "mecc_cat": ""}, "model": "degree.degreetype"}, {"pk": 10, "fields": {"is_in_use": true, "short_label": "ECOLE - Dipl\u00f4me IEP", "display_order": 31, "long_label": "Dipl\u00f4me de l'Institut d'Etudes Politiques", "mecc_cat": ""}, "model": "degree.degreetype"}, {"pk": 11, "fields": {"is_in_use": true, "short_label": "ECOLE - Dipl\u00f4me Grande Ecole", "display_order": 32, "long_label": "Dipl\u00f4me Grande Ecole", "mecc_cat": ""}, "model": "degree.degreetype"}, {"pk": 12, "fields": {"is_in_use": true, "short_label": "PREPA - Pr\u00e9paration Ecole Ing\u00e9nieur", "display_order": 40, "long_label": "Pr\u00e9paration Ecole d'ing\u00e9nieur", "mecc_cat": ""}, "model": "degree.degreetype"}, {"pk": 13, "fields": {"is_in_use": true, "short_label": "PREPA - Pr\u00e9paration aux concours ", "display_order": 41, "long_label": "Pr\u00e9paration aux concours", "mecc_cat": ""}, "model": "degree.degreetype"}, {"pk": 14, "fields": {"is_in_use": true, "short_label": "SANTE - PACES", "display_order": 50, "long_label": "Premi\u00e8re Ann\u00e9e Commune des Etudes de Sant\u00e9", "mecc_cat": ""}, "model": "degree.degreetype"}, {"pk": 15, "fields": {"is_in_use": true, "short_label": "SANTE - DFGS", "display_order": 51, "long_label": "Dipl\u00f4me de Formation G\u00e9n\u00e9rale en Sant\u00e9", "mecc_cat": ""}, "model": "degree.degreetype"}, {"pk": 16, "fields": {"is_in_use": true, "short_label": "SANTE - DFAS", "display_order": 52, "long_label": "Dipl\u00f4me de Formation Approfondie en Sant\u00e9", "mecc_cat": ""}, "model": "degree.degreetype"}, {"pk": 17, "fields": {"is_in_use": true, "short_label": "SANTE - Dipl\u00f4me d'Etat en Pharmacie", "display_order": 53, "long_label": "Dipl\u00f4me d'Etat de Docteur en Pharmacie", "mecc_cat": ""}, "model": "degree.degreetype"}, {"pk": 18, "fields": {"is_in_use": true, "short_label": "SANTE - Dipl\u00f4me d'Etat en Dentaire", "display_order": 54, "long_label": "Dipl\u00f4me d'Etat de Docteur en Dentaire", "mecc_cat": ""}, "model": "degree.degreetype"}, {"pk": 19, "fields": {"is_in_use": true, "short_label": "SANTE - Dipl\u00f4me d'Etat en M\u00e9decine", "display_order": 55, "long_label": "Dipl\u00f4me d'Etat de Docteur en M\u00e9decine", "mecc_cat": ""}, "model": "degree.degreetype"}, {"pk": 20, "fields": {"is_in_use": true, "short_label": "SANTE - DFMS", "display_order": 56, "long_label": "Dipl\u00f4me de Formation M\u00e9dicale Sp\u00e9cialis\u00e9e", "mecc_cat": ""}, "model": "degree.degreetype"}, {"pk": 21, "fields": {"is_in_use": true, "short_label": "SANTE - DFMSA", "display_order": 57, "long_label": "Dipl\u00f4me de  Formation M\u00e9dicale Sp\u00e9cialis\u00e9e Approfondie", "mecc_cat": ""}, "model": "degree.degreetype"}, {"pk": 22, "fields": {"is_in_use": true, "short_label": "SANTE - CECS (CECSMO)", "display_order": 58, "long_label": "Certificat d'\u00e9tudes cliniques sp\u00e9cialis\u00e9es", "mecc_cat": ""}, "model": "degree.degreetype"}, {"pk": 23, "fields": {"is_in_use": true, "short_label": "SANTE - Capacit\u00e9 Sant\u00e9", "display_order": 59, "long_label": "Capacit\u00e9", "mecc_cat": ""}, "model": "degree.degreetype"}, {"pk": 24, "fields": {"is_in_use": true, "short_label": "SANTE - CES dentaire", "display_order": 60, "long_label": "Certificat d'Etudes Sup\u00e9rieures dentaire", "mecc_cat": ""}, "model": "degree.degreetype"}, {"pk": 25, "fields": {"is_in_use": true, "short_label": "SANTE - CES m\u00e9decine", "display_order": 61, "long_label": "Certificat d'Etudes Sup\u00e9rieures m\u00e9decine", "mecc_cat": ""}, "model": "degree.degreetype"}, {"pk": 1, "fields": {"name": "Arts, Lettres, Langues"}, "model": "institute.academicfield"}, {"pk": 2, "fields": {"name": "Droit, \u00e9conomie, gestion et sciences politiques et sociales"}, "model": "institute.academicfield"}, {"pk": 3, "fields": {"name": "Sant\u00e9"}, "model": "institute.academicfield"}, {"pk": 4, "fields": {"name": "Sciences humaines et sociales"}, "model": "institute.academicfield"}, {"pk": 5, "fields": {"name": "Sciences, Technologies"}, "model": "institute.academicfield"}, {"pk": 1, "fields": {"label": "Facult\u00e9 des arts", "scol_manager": [], "dircomp": null, "field": 1, "id_rac": "", "rac": null, "code": "ART", "id_dircomp": "", "diretu": [], "is_on_duty": true}, "model": "institute.institute"}, {"pk": 2, "fields": {"label": "Facult\u00e9 des langues et des cultures \u00e9trang\u00e8res", "scol_manager": [], "dircomp": null, "field": 1, "id_rac": "", "rac": null, "code": "LVI", "id_dircomp": "", "diretu": [], "is_on_duty": true}, "model": "institute.institute"}, {"pk": 3, "fields": {"label": "Facult\u00e9 des langues et sciences humaines appliqu\u00e9es (LSHA)", "scol_manager": [], "dircomp": null, "field": 1, "id_rac": "", "rac": null, "code": "LGA", "id_dircomp": "", "diretu": [], "is_on_duty": true}, "model": "institute.institute"}, {"pk": 4, "fields": {"label": "Facult\u00e9 des lettres", "scol_manager": [], "dircomp": null, "field": 1, "id_rac": "", "rac": null, "code": "LET", "id_dircomp": "", "diretu": [], "is_on_duty": true}, "model": "institute.institute"}, {"pk": 5, "fields": {"label": "Centre d '\u00e9tudes internationales de la propri\u00e9t\u00e9 intellectuelle (CEIPI)", "scol_manager": [], "dircomp": null, "field": 2, "id_rac": "", "rac": null, "code": "CPI", "id_dircomp": "", "diretu": [], "is_on_duty": true}, "model": "institute.institute"}, {"pk": 6, "fields": {"label": "Centre universitaire d'enseignement du journalisme (CUEJ)", "scol_manager": [], "dircomp": null, "field": 2, "id_rac": "", "rac": null, "code": "CUJ", "id_dircomp": "", "diretu": [], "is_on_duty": true}, "model": "institute.institute"}, {"pk": 7, "fields": {"label": "Ecole de management Strasbourg (EM)", "scol_manager": [], "dircomp": null, "field": 2, "id_rac": "", "rac": null, "code": "EMS", "id_dircomp": "", "diretu": [], "is_on_duty": true}, "model": "institute.institute"}, {"pk": 8, "fields": {"label": "Facult\u00e9 de droit, de sciences politiques et de gestion", "scol_manager": [], "dircomp": null, "field": 2, "id_rac": "", "rac": null, "code": "DRT", "id_dircomp": "", "diretu": [], "is_on_duty": true}, "model": "institute.institute"}, {"pk": 9, "fields": {"label": "Facult\u00e9 de sciences \u00e9conomiques et de gestion (FSEG)", "scol_manager": [], "dircomp": null, "field": 2, "id_rac": "", "rac": null, "code": "SEG", "id_dircomp": "", "diretu": [], "is_on_duty": true}, "model": "institute.institute"}, {"pk": 10, "fields": {"label": "Institut de pr\u00e9paration \u00e0 l'administration g\u00e9n\u00e9rale (IPAG)", "scol_manager": [], "dircomp": null, "field": 2, "id_rac": "", "rac": null, "code": "PAG", "id_dircomp": "", "diretu": [], "is_on_duty": true}, "model": "institute.institute"}, {"pk": 11, "fields": {"label": "Institut d'\u00e9tudes politiques (IEP)", "scol_manager": [], "dircomp": null, "field": 2, "id_rac": "", "rac": null, "code": "IEP", "id_dircomp": "", "diretu": [], "is_on_duty": true}, "model": "institute.institute"}, {"pk": 12, "fields": {"label": "Facult\u00e9 de chirurgie dentaire", "scol_manager": [], "dircomp": null, "field": 3, "id_rac": "", "rac": null, "code": "ODO", "id_dircomp": "", "diretu": [], "is_on_duty": true}, "model": "institute.institute"}, {"pk": 13, "fields": {"label": "Facult\u00e9 de m\u00e9decine", "scol_manager": [], "dircomp": null, "field": 3, "id_rac": "", "rac": null, "code": "MED", "id_dircomp": "", "diretu": [], "is_on_duty": true}, "model": "institute.institute"}, {"pk": 14, "fields": {"label": "Facult\u00e9 de pharmacie", "scol_manager": [], "dircomp": null, "field": 3, "id_rac": "", "rac": null, "code": "PHA", "id_dircomp": "", "diretu": [], "is_on_duty": true}, "model": "institute.institute"}, {"pk": 15, "fields": {"label": "Ecole sup\u00e9rieure du professorat et de l'\u00e9ducation (ESPE)", "scol_manager": [], "dircomp": null, "field": 4, "id_rac": "", "rac": null, "code": "EPE", "id_dircomp": "", "diretu": [], "is_on_duty": true}, "model": "institute.institute"}, {"pk": 16, "fields": {"label": "Facult\u00e9 de g\u00e9ographie et d'am\u00e9nagement", "scol_manager": [], "dircomp": null, "field": 4, "id_rac": "", "rac": null, "code": "GEO", "id_dircomp": "", "diretu": [], "is_on_duty": true}, "model": "institute.institute"}, {"pk": 17, "fields": {"label": "Facult\u00e9 de philosophie", "scol_manager": [], "dircomp": null, "field": 4, "id_rac": "", "rac": null, "code": "PLI", "id_dircomp": "", "diretu": [], "is_on_duty": true}, "model": "institute.institute"}, {"pk": 18, "fields": {"label": "Facult\u00e9 de psychologie", "scol_manager": [], "dircomp": null, "field": 4, "id_rac": "", "rac": null, "code": "PSY", "id_dircomp": "", "diretu": [], "is_on_duty": true}, "model": "institute.institute"}, {"pk": 19, "fields": {"label": "Facult\u00e9 de sciences de l'\u00e9ducation", "scol_manager": [], "dircomp": null, "field": 4, "id_rac": "", "rac": null, "code": "EDU", "id_dircomp": "", "diretu": [], "is_on_duty": true}, "model": "institute.institute"}, {"pk": 20, "fields": {"label": "Facult\u00e9 de th\u00e9ologie catholique", "scol_manager": [], "dircomp": null, "field": 4, "id_rac": "", "rac": null, "code": "THC", "id_dircomp": "", "diretu": [], "is_on_duty": true}, "model": "institute.institute"}, {"pk": 21, "fields": {"label": "Facult\u00e9 de th\u00e9ologie protestante", "scol_manager": [], "dircomp": null, "field": 4, "id_rac": "", "rac": null, "code": "THP", "id_dircomp": "", "diretu": [], "is_on_duty": true}, "model": "institute.institute"}, {"pk": 22, "fields": {"label": "Facult\u00e9 des sciences du sport", "scol_manager": [], "dircomp": null, "field": 4, "id_rac": "", "rac": null, "code": "APS", "id_dircomp": "", "diretu": [], "is_on_duty": true}, "model": "institute.institute"}, {"pk": 23, "fields": {"label": "Facult\u00e9 des Sciences Historiques", "scol_manager": [], "dircomp": null, "field": 4, "id_rac": "", "rac": null, "code": "HIS", "id_dircomp": "", "diretu": [], "is_on_duty": true}, "model": "institute.institute"}, {"pk": 24, "fields": {"label": "Facult\u00e9 des sciences sociales", "scol_manager": [], "dircomp": null, "field": 4, "id_rac": "", "rac": null, "code": "SOC", "id_dircomp": "", "diretu": [], "is_on_duty": true}, "model": "institute.institute"}, {"pk": 25, "fields": {"label": "Ecole et observatoire des sciences de la Terre (EOST)", "scol_manager": [], "dircomp": null, "field": 5, "id_rac": "", "rac": null, "code": "EOT", "id_dircomp": "", "diretu": [], "is_on_duty": true}, "model": "institute.institute"}, {"pk": 26, "fields": {"label": "Ecole europ\u00e9enne de chimie, polym\u00e8res et mat\u00e9riaux (ECPM)", "scol_manager": [], "dircomp": null, "field": 5, "id_rac": "", "rac": null, "code": "ECP", "id_dircomp": "", "diretu": [], "is_on_duty": true}, "model": "institute.institute"}, {"pk": 27, "fields": {"label": "Ecole sup\u00e9rieure de biotechnologie de Strasbourg (ESBS)", "scol_manager": [], "dircomp": null, "field": 5, "id_rac": "", "rac": null, "code": "ESB", "id_dircomp": "", "diretu": [], "is_on_duty": true}, "model": "institute.institute"}, {"pk": 28, "fields": {"label": "Facult\u00e9 de chimie", "scol_manager": [], "dircomp": null, "field": 5, "id_rac": "", "rac": null, "code": "CHM", "id_dircomp": "", "diretu": [], "is_on_duty": true}, "model": "institute.institute"}, {"pk": 29, "fields": {"label": "Facult\u00e9 des sciences de la vie", "scol_manager": [], "dircomp": null, "field": 5, "id_rac": "", "rac": null, "code": "VIE", "id_dircomp": "", "diretu": [], "is_on_duty": true}, "model": "institute.institute"}, {"pk": 30, "fields": {"label": "Institut universitaire de technologie de Haguenau", "scol_manager": [], "dircomp": null, "field": 5, "id_rac": "", "rac": null, "code": "IHA", "id_dircomp": "", "diretu": [], "is_on_duty": true}, "model": "institute.institute"}, {"pk": 31, "fields": {"label": "Institut universitaire de technologie Louis Pasteur", "scol_manager": [], "dircomp": null, "field": 5, "id_rac": "", "rac": null, "code": "ISC", "id_dircomp": "", "diretu": [], "is_on_duty": true}, "model": "institute.institute"}, {"pk": 32, "fields": {"label": "Institut universitaire de technologie Robert Schuman", "scol_manager": [], "dircomp": null, "field": 5, "id_rac": "", "rac": null, "code": "ILL", "id_dircomp": "", "diretu": [], "is_on_duty": true}, "model": "institute.institute"}, {"pk": 33, "fields": {"label": "Observatoire astronomique de Strasbourg", "scol_manager": [], "dircomp": null, "field": 5, "id_rac": "", "rac": null, "code": "OBS", "id_dircomp": "", "diretu": [], "is_on_duty": true}, "model": "institute.institute"}, {"pk": 34, "fields": {"label": "T\u00e9l\u00e9com Physique Strasbourg", "scol_manager": [], "dircomp": null, "field": 5, "id_rac": "", "rac": null, "code": "ESP", "id_dircomp": "", "diretu": [], "is_on_duty": true}, "model": "institute.institute"}, {"pk": 35, "fields": {"label": "UFR de Math\u00e9matique et d'informatique", "scol_manager": [], "dircomp": null, "field": 5, "id_rac": "", "rac": null, "code": "MAI", "id_dircomp": "", "diretu": [], "is_on_duty": true}, "model": "institute.institute"}, {"pk": 36, "fields": {"label": "UFR physique et ing\u00e9nierie", "scol_manager": [], "dircomp": null, "field": 5, "id_rac": "", "rac": null, "code": "PHI", "id_dircomp": "", "diretu": [], "is_on_duty": true}, "model": "institute.institute"}, {"pk": 1, "fields": {"label": "Responsable Formation Scolarit\u00e9", "code": "REFSCOL"}, "model": "adm.profile"}, {"pk": 2, "fields": {"label": "Directeur de la composante", "code": "DIRETU"}, "model": "adm.profile"}, {"pk": 3, "fields": {"label": "Responsable administratif", "code": "GESCOL"}, "model": "adm.profile"}, {"pk": 4, "fields": {"label": "Responsable de formation", "code": "RESPFORM"}, "model": "adm.profile"}, {"pk": 5, "fields": {"label": "Directeur d'\u00e9tudes", "code": "RAC"}, "model": "adm.profile"}, {"pk": 6, "fields": {"label": "Directeur de composante", "code": "DIRCOMP"}, "model": "adm.profile"}, {"pk": 7, "fields": {"label": "Membre de la commission ECI", "code": "ECI"}, "model": "adm.profile"}, {"pk": 1, "fields": {"name": "Can add permission", "codename": "add_permission", "content_type": 1}, "model": "auth.permission"}, {"pk": 2, "fields": {"name": "Can change permission", "codename": "change_permission", "content_type": 1}, "model": "auth.permission"}, {"pk": 3, "fields": {"name": "Can delete permission", "codename": "delete_permission", "content_type": 1}, "model": "auth.permission"}, {"pk": 4, "fields": {"name": "Can add group", "codename": "add_group", "content_type": 2}, "model": "auth.permission"}, {"pk": 5, "fields": {"name": "Can change group", "codename": "change_group", "content_type": 2}, "model": "auth.permission"}, {"pk": 6, "fields": {"name": "Can delete group", "codename": "delete_group", "content_type": 2}, "model": "auth.permission"}, {"pk": 7, "fields": {"name": "Can add user", "codename": "add_user", "content_type": 3}, "model": "auth.permission"}, {"pk": 8, "fields": {"name": "Can change user", "codename": "change_user", "content_type": 3}, "model": "auth.permission"}, {"pk": 9, "fields": {"name": "Can delete user", "codename": "delete_user", "content_type": 3}, "model": "auth.permission"}, {"pk": 10, "fields": {"name": "Can add content type", "codename": "add_contenttype", "content_type": 4}, "model": "auth.permission"}, {"pk": 11, "fields": {"name": "Can change content type", "codename": "change_contenttype", "content_type": 4}, "model": "auth.permission"}, {"pk": 12, "fields": {"name": "Can delete content type", "codename": "delete_contenttype", "content_type": 4}, "model": "auth.permission"}, {"pk": 13, "fields": {"name": "Can add session", "codename": "add_session", "content_type": 5}, "model": "auth.permission"}, {"pk": 14, "fields": {"name": "Can change session", "codename": "change_session", "content_type": 5}, "model": "auth.permission"}, {"pk": 15, "fields": {"name": "Can delete session", "codename": "delete_session", "content_type": 5}, "model": "auth.permission"}, {"pk": 16, "fields": {"name": "Can add site", "codename": "add_site", "content_type": 6}, "model": "auth.permission"}, {"pk": 17, "fields": {"name": "Can change site", "codename": "change_site", "content_type": 6}, "model": "auth.permission"}, {"pk": 18, "fields": {"name": "Can delete site", "codename": "delete_site", "content_type": 6}, "model": "auth.permission"}, {"pk": 19, "fields": {"name": "Can add log entry", "codename": "add_logentry", "content_type": 7}, "model": "auth.permission"}, {"pk": 20, "fields": {"name": "Can change log entry", "codename": "change_logentry", "content_type": 7}, "model": "auth.permission"}, {"pk": 21, "fields": {"name": "Can delete log entry", "codename": "delete_logentry", "content_type": 7}, "model": "auth.permission"}, {"pk": 22, "fields": {"name": "Can add tgt", "codename": "add_tgt", "content_type": 8}, "model": "auth.permission"}, {"pk": 23, "fields": {"name": "Can change tgt", "codename": "change_tgt", "content_type": 8}, "model": "auth.permission"}, {"pk": 24, "fields": {"name": "Can delete tgt", "codename": "delete_tgt", "content_type": 8}, "model": "auth.permission"}, {"pk": 25, "fields": {"name": "Can add pgt iou", "codename": "add_pgtiou", "content_type": 9}, "model": "auth.permission"}, {"pk": 26, "fields": {"name": "Can change pgt iou", "codename": "change_pgtiou", "content_type": 9}, "model": "auth.permission"}, {"pk": 27, "fields": {"name": "Can delete pgt iou", "codename": "delete_pgtiou", "content_type": 9}, "model": "auth.permission"}, {"pk": 28, "fields": {"name": "Can add session service ticket", "codename": "add_sessionserviceticket", "content_type": 10}, "model": "auth.permission"}, {"pk": 29, "fields": {"name": "Can change session service ticket", "codename": "change_sessionserviceticket", "content_type": 10}, "model": "auth.permission"}, {"pk": 30, "fields": {"name": "Can delete session service ticket", "codename": "delete_sessionserviceticket", "content_type": 10}, "model": "auth.permission"}, {"pk": 31, "fields": {"name": "Can add eci commission member", "codename": "add_ecicommissionmember", "content_type": 11}, "model": "auth.permission"}, {"pk": 32, "fields": {"name": "Can change eci commission member", "codename": "change_ecicommissionmember", "content_type": 11}, "model": "auth.permission"}, {"pk": 33, "fields": {"name": "Can delete eci commission member", "codename": "delete_ecicommissionmember", "content_type": 11}, "model": "auth.permission"}, {"pk": 34, "fields": {"name": "Peut voir les membres de la commission ECI", "codename": "can_view_eci_commission_member", "content_type": 11}, "model": "auth.permission"}, {"pk": 35, "fields": {"name": "Can add degree type", "codename": "add_degreetype", "content_type": 12}, "model": "auth.permission"}, {"pk": 36, "fields": {"name": "Can change degree type", "codename": "change_degreetype", "content_type": 12}, "model": "auth.permission"}, {"pk": 37, "fields": {"name": "Can delete degree type", "codename": "delete_degreetype", "content_type": 12}, "model": "auth.permission"}, {"pk": 38, "fields": {"name": "Peut voir les types de dip\u00f4me", "codename": "can_view_degree_type", "content_type": 12}, "model": "auth.permission"}, {"pk": 39, "fields": {"name": "Can add degree", "codename": "add_degree", "content_type": 13}, "model": "auth.permission"}, {"pk": 40, "fields": {"name": "Can change degree", "codename": "change_degree", "content_type": 13}, "model": "auth.permission"}, {"pk": 41, "fields": {"name": "Can delete degree", "codename": "delete_degree", "content_type": 13}, "model": "auth.permission"}, {"pk": 42, "fields": {"name": "Can add academic field", "codename": "add_academicfield", "content_type": 14}, "model": "auth.permission"}, {"pk": 43, "fields": {"name": "Can change academic field", "codename": "change_academicfield", "content_type": 14}, "model": "auth.permission"}, {"pk": 44, "fields": {"name": "Can delete academic field", "codename": "delete_academicfield", "content_type": 14}, "model": "auth.permission"}, {"pk": 45, "fields": {"name": "Can add staff", "codename": "add_staff", "content_type": 15}, "model": "auth.permission"}, {"pk": 46, "fields": {"name": "Can change staff", "codename": "change_staff", "content_type": 15}, "model": "auth.permission"}, {"pk": 47, "fields": {"name": "Can delete staff", "codename": "delete_staff", "content_type": 15}, "model": "auth.permission"}, {"pk": 48, "fields": {"name": "Can add scol manager", "codename": "add_scolmanager", "content_type": 16}, "model": "auth.permission"}, {"pk": 49, "fields": {"name": "Can change scol manager", "codename": "change_scolmanager", "content_type": 16}, "model": "auth.permission"}, {"pk": 50, "fields": {"name": "Can delete scol manager", "codename": "delete_scolmanager", "content_type": 16}, "model": "auth.permission"}, {"pk": 51, "fields": {"name": "Can add institute", "codename": "add_institute", "content_type": 17}, "model": "auth.permission"}, {"pk": 52, "fields": {"name": "Can change institute", "codename": "change_institute", "content_type": 17}, "model": "auth.permission"}, {"pk": 53, "fields": {"name": "Can delete institute", "codename": "delete_institute", "content_type": 17}, "model": "auth.permission"}, {"pk": 54, "fields": {"name": "Peut voir les composantes", "codename": "can_view_institute", "content_type": 17}, "model": "auth.permission"}, {"pk": 55, "fields": {"name": "Can add institute year", "codename": "add_instituteyear", "content_type": 18}, "model": "auth.permission"}, {"pk": 56, "fields": {"name": "Can change institute year", "codename": "change_instituteyear", "content_type": 18}, "model": "auth.permission"}, {"pk": 57, "fields": {"name": "Can delete institute year", "codename": "delete_instituteyear", "content_type": 18}, "model": "auth.permission"}, {"pk": 58, "fields": {"name": "Can add university year", "codename": "add_universityyear", "content_type": 19}, "model": "auth.permission"}, {"pk": 59, "fields": {"name": "Can change university year", "codename": "change_universityyear", "content_type": 19}, "model": "auth.permission"}, {"pk": 60, "fields": {"name": "Can delete university year", "codename": "delete_universityyear", "content_type": 19}, "model": "auth.permission"}, {"pk": 61, "fields": {"name": "Can add institute year2", "codename": "add_instituteyear2", "content_type": 20}, "model": "auth.permission"}, {"pk": 62, "fields": {"name": "Can change institute year2", "codename": "change_instituteyear2", "content_type": 20}, "model": "auth.permission"}, {"pk": 63, "fields": {"name": "Can delete institute year2", "codename": "delete_instituteyear2", "content_type": 20}, "model": "auth.permission"}, {"pk": 64, "fields": {"name": "Can add profile", "codename": "add_profile", "content_type": 21}, "model": "auth.permission"}, {"pk": 65, "fields": {"name": "Can change profile", "codename": "change_profile", "content_type": 21}, "model": "auth.permission"}, {"pk": 66, "fields": {"name": "Can delete profile", "codename": "delete_profile", "content_type": 21}, "model": "auth.permission"}, {"pk": 67, "fields": {"name": "Donne acc\u00e8s \u00e0 un large pannel de fonctionnalit\u00e9", "codename": "DES1", "content_type": 21}, "model": "auth.permission"}, {"pk": 68, "fields": {"name": "Donne acc\u00e8s \u00e0 un pannel restreint", "codename": "DES2", "content_type": 21}, "model": "auth.permission"}, {"pk": 69, "fields": {"name": "Peut usurper l'identit\u00e9 des utilisateurs", "codename": "DES3", "content_type": 21}, "model": "auth.permission"}, {"pk": 70, "fields": {"name": "Can add mecc user", "codename": "add_meccuser", "content_type": 22}, "model": "auth.permission"}, {"pk": 71, "fields": {"name": "Can change mecc user", "codename": "change_meccuser", "content_type": 22}, "model": "auth.permission"}, {"pk": 72, "fields": {"name": "Can delete mecc user", "codename": "delete_meccuser", "content_type": 22}, "model": "auth.permission"}, {"pk": 73, "fields": {"name": "Can add scol manager", "codename": "add_scolmanager", "content_type": 23}, "model": "auth.permission"}, {"pk": 74, "fields": {"name": "Can change scol manager", "codename": "change_scolmanager", "content_type": 23}, "model": "auth.permission"}, {"pk": 75, "fields": {"name": "Can delete scol manager", "codename": "delete_scolmanager", "content_type": 23}, "model": "auth.permission"}, {"pk": 76, "fields": {"name": "Can add group_de s3", "codename": "add_group_des3", "content_type": 24}, "model": "auth.permission"}, {"pk": 77, "fields": {"name": "Can change group_de s3", "codename": "change_group_des3", "content_type": 24}, "model": "auth.permission"}, {"pk": 78, "fields": {"name": "Can delete group_de s3", "codename": "delete_group_des3", "content_type": 24}, "model": "auth.permission"}, {"pk": 79, "fields": {"name": "Peut usurper l'identit\u00e9 des utilisateurs", "codename": "can_spoof_user", "content_type": 24}, "model": "auth.permission"}, {"pk": 1, "fields": {"name": "DES1", "permissions": [67]}, "model": "auth.group"}, {"pk": 2, "fields": {"name": "DES2", "permissions": [68]}, "model": "auth.group"}, {"pk": 3, "fields": {"name": "DES3", "permissions": [69]}, "model": "auth.group"}, {"pk": 1, "fields": {"is_superuser": true, "password": "pbkdf2_sha256$20000$WVqQ9yArATgx$q6e7jV/8E0cXXbuNFzHggSeGm09lEA/d6ctGZ2yHPaA=", "date_joined": "2016-03-01T11:52:40.697Z", "username": "ibis.ismail", "is_staff": true, "is_active": true, "email": "", "first_name": "", "last_login": "2016-03-02T10:46:07.591Z", "groups": [], "user_permissions": [], "last_name": ""}, "model": "auth.user"}, {"pk": 2, "fields": {"is_superuser": false, "password": "pbkdf2_sha256$20000$At8sgieDnzxX$ZeWi7+ni0/T+1tyjP/FumqL4ZDAu8Exmj2Mg6H/90Ms=", "date_joined": "2016-03-01T11:56:15.208Z", "username": "DES3", "is_staff": false, "is_active": true, "email": "", "first_name": "", "last_login": null, "groups": [3], "user_permissions": [], "last_name": ""}, "model": "auth.user"}, {"pk": 3, "fields": {"is_superuser": false, "password": "pbkdf2_sha256$20000$EtOrrKWyekFd$nH0gotvMNYrkaoG2USKBdVkKgH+VPxDixS/YY0XnHNc=", "date_joined": "2016-03-01T11:56:37.409Z", "username": "test", "is_staff": false, "is_active": true, "email": "", "first_name": "", "last_login": null, "groups": [], "user_permissions": [], "last_name": ""}, "model": "auth.user"}, {"pk": 4, "fields": {"is_superuser": true, "password": "pbkdf2_sha256$20000$TgNUKBElggwO$XQsDFLudGvq9qQvGDzA/U9sJB/UJHEb8nFXkZa/tDCQ=", "date_joined": "2016-03-01T12:00:08.149Z", "username": "weible", "is_staff": true, "is_active": true, "email": "", "first_name": "", "last_login": null, "groups": [], "user_permissions": [], "last_name": ""}, "model": "auth.user"}, {"pk": 1, "fields": {"action_time": "2016-03-02T10:46:19.418Z", "change_message": "Modifi\u00e9 groups.", "content_type": 3, "action_flag": 2, "object_id": "2", "object_repr": "DES3", "user": 1}, "model": "admin.logentry"}]